timestamp,ue_rnti,dl_cqi,dl_mcs,dl_bitrate,dl_bler,ul_snr,ul_mcs,ul_bitrate,ul_bler,ul_phr,ul_bsr,nof_rach
1698341343.446,70,0.1,0.0,0.0,0.0,0.0,0.0,0.0,100.0,0.0,0,2
1698341343.538,73,5.0,5.111111,7696.202,0.0,30.290697,16.0,108658.23,0.0,40.0,0,6
1698341343.638,73,5.0,3.0,6800.0,0.0,29.641151,24.0,127920.0,0.0,40.0,0,6
1698341343.7380002,73,5.0,5.2,13633.803,0.0,29.563301,24.0,157070.42,0.0,40.0,0,6
1698341343.838,73,5.0,5.2727275,38171.43,0.0,31.424543,24.0,181600.0,0.0,40.0,0,6
1698341343.938,73,5.0,7.4166665,270000.0,0.0,26.70845,24.0,7148000.0,0.0,40.0,0,6
1698341344.04,73,5.0,7.6805553,227882.34,0.0,26.328283,24.0,6567764.5,0.0,40.0,42172,6
1698341344.138,73,5.0,7.138889,144477.61,0.0,26.322363,24.0,6123940.0,0.0,40.0,0,6
1698341344.239,73,5.0,7.131579,75040.0,0.0,26.567095,24.0,4359280.0,0.0,40.0,50668,6
1698341344.338,73,5.0,7.2352943,144634.92,0.0,26.697206,24.0,5834666.5,0.0,40.0,0,6
1698341344.4390001,73,5.0,7.5882354,120774.19,0.0,26.938005,24.0,7031096.5,0.0,40.0,60614,6
1698341344.538,73,5.0,7.4736843,171360.0,0.0,26.687183,24.0,7458480.0,0.0,40.0,0,6
1698341344.639,73,5.0,6.95,45423.727,0.0,27.010513,24.0,3911457.25,0.0,40.0,72259,6
1698341344.7380002,73,5.0,7.347826,212827.58,0.0,26.379993,24.0,8954069.0,0.0,40.0,0,6
1698341344.839,73,5.0,7.0555553,27070.705,0.0,27.012342,24.0,2331070.5,0.0,40.0,72003,6
1698341344.938,73,5.0,7.365854,210857.14,0.0,26.62202,24.0,8777143.0,0.0,40.0,0,6
1698341345.039,73,5.0,0.0,0.0,0.0,27.490747,24.0,474518.5,0.0,40.0,99804,6
1698341345.139,73,5.0,7.4175825,208880.0,0.0,26.69252,24.0,10257600.0,0.0,40.0,11738,6
1698341345.239,73,5.0,0.0,0.0,0.0,28.27697,24.0,545191.44,0.0,40.0,99804,6
1698341345.339,73,5.0,7.266667,226311.11,0.0,26.352495,24.0,10541866.0,0.0,40.0,11738,6
1698341345.438,73,5.0,8.0,36990.098,0.0,26.253902,24.0,1291009.9,0.0,0.0,0,6
1698341345.539,73,5.0,7.6216216,236465.11,0.0,26.587664,24.0,10287069.0,0.0,40.0,41916,6
1698341345.638,73,5.0,0.0,0.0,0.0,0.0,0.0,0.0,0.0,0.0,0,6
1698341345.74,73,5.0,7.6266665,164198.02,0.0,26.58848,24.0,8484277.0,0.0,40.0,42428,6
1698341345.838,73,5.0,0.0,0.0,0.0,0.0,0.0,0.0,0.0,0.0,0,6
1698341345.9390001,73,5.0,7.571429,226105.25,0.0,26.434786,24.0,10235368.0,0.0,40.0,72003,6
1698341346.038,73,5.0,7.6,139200.0,0.0,26.423374,24.0,5406960.0,0.0,40.0,0,6
1698341346.139,73,0.1,7.5945945,230171.42,0.0,26.487295,24.0,10317943.0,0.0,40.0,72259,6
1698341346.2380002,73,5.0,0.0,0.0,0.0,0.0,0.0,0.0,0.0,0.0,0,6
1698341346.339,73,5.0,7.5384617,74880.0,0.0,26.483786,24.0,4359280.0,0.0,40.0,101852,6
1698341346.438,73,5.0,0.0,51870.965,0.0,26.614517,24.0,1241806.4,0.0,0.0,0,6
1698341346.539,73,0.1,7.4827585,231733.33,0.0,26.547577,24.0,10257600.0,0.0,40.0,101852,6
1698341346.638,73,5.0,7.47541,171360.0,0.0,26.295671,24.0,7458480.0,0.0,40.0,0,6
1698341346.739,73,0.1,7.2222223,99259.26,0.0,26.461319,24.0,8389333.0,0.0,0.0,120538,6
1698341346.838,73,5.0,7.25,185538.45,0.0,26.450897,24.0,7479692.0,0.0,0.0,0,6
1698341346.9390001,73,5.0,7.2777777,27070.705,0.0,26.723043,24.0,2331070.5,0.0,40.0,120538,6
1698341347.038,73,5.0,7.142857,185739.11,0.0,26.152197,24.0,7062260.5,0.0,0.0,0,6
1698341347.139,73,0.1,0.0,0.0,0.0,27.228146,24.0,1164727.1,0.0,40.0,140365,6
1698341347.239,73,5.0,7.541666,210989.89,0.0,26.378273,24.0,10361211.0,0.0,40.0,11738,6
1698341347.3400002,73,0.1,0.0,0.0,0.0,27.156483,24.0,1348631.5,0.0,40.0,140365,6
1698341347.4390001,73,5.0,6.375,253176.45,0.0,26.417496,24.0,10811294.0,0.0,40.0,11738,6
1698341347.538,73,5.0,8.0,36990.098,0.0,26.083176,24.0,1291009.9,0.0,0.0,0,6
1698341347.639,73,0.1,8.0,251199.98,0.0,26.510626,24.0,10398400.0,0.0,0.0,42172,6
1698341347.7380002,73,0.1,0.0,0.0,0.0,0.0,0.0,0.0,0.0,0.0,0,6
1698341347.8400002,73,5.0,7.5616436,165840.0,0.0,26.369024,24.0,8462320.0,0.0,40.0,42172,6
1698341347.938,73,0.1,0.0,0.0,0.0,0.0,0.0,0.0,0.0,0.0,0,6
1698341348.04,73,0.1,6.5,194909.08,0.0,26.36282,24.0,10295999.0,0.0,0.0,72259,6
1698341348.138,73,5.0,7.4468083,128480.0,0.0,26.234522,24.0,5406960.0,0.0,40.0,0,6
1698341348.2380002,73,0.1,0.0,268000.0,0.0,25.848022,24.0,16019999.0,0.0,0.0,72003,6
1698341348.338,73,0.1,0.0,0.0,0.0,0.0,0.0,0.0,0.0,0.0,0,6
1698341348.4390001,73,5.0,7.780488,74720.0,0.0,26.398245,24.0,4359280.0,0.0,40.0,101852,6
1698341348.538,73,5.0,7.6190476,170560.0,0.0,26.33584,24.0,7458480.0,0.0,40.0,0,6
1698341348.639,73,5.0,7.6571426,75474.74,0.0,26.581331,24.0,4403313.0,0.0,40.0,101596,6
1698341348.7380002,73,5.0,7.571429,171959.58,0.0,26.31552,24.0,7425939.0,0.0,40.0,0,6
1698341348.8400002,73,5.0,7.6666665,31841.584,0.0,26.532997,24.0,2390653.5,0.0,40.0,120538,6
1698341348.938,73,5.0,7.75,216879.11,0.0,26.186728,24.0,9440703.0,0.0,40.0,0,6
1698341349.039,73,5.0,7.5263157,29777.777,0.0,26.691116,24.0,2564177.75,0.0,40.0,120538,6
1698341349.138,73,5.0,7.777777,218480.0,0.0,26.184689,24.0,9510000.0,0.0,40.0,0,6
1698341349.239,73,5.0,0.0,0.0,0.0,27.878036,24.0,294528.72,0.0,40.0,140365,6
1698341349.339,73,5.0,7.651162,229488.36,0.0,26.233503,24.0,10411255.0,0.0,40.0,11738,6
1698341349.4390001,73,5.0,8.0,36831.684,0.0,26.493065,24.0,1544712.9,0.0,40.0,140365,6
1698341349.539,73,5.0,7.5833335,221873.4,0.0,26.318785,24.0,10252253.0,0.0,40.0,11482,6
1698341349.638,73,5.0,0.0,0.0,0.0,0.0,0.0,0.0,0.0,0.0,0,6
1698341349.74,73,5.0,7.8333335,165520.0,0.0,26.346947,24.0,8462320.0,0.0,40.0,42172,6
1698341349.838,73,5.0,8.0,35306.664,0.0,25.957577,24.0,1082880.0,0.0,0.0,0,6
1698341349.9390001,73,5.0,7.756757,223675.67,0.0,26.243204,24.0,10280432.0,0.0,40.0,42172,6
1698341350.038,73,5.0,7.5384617,79760.0,0.0,26.159405,24.0,3355440.0,0.0,40.0,0,6
1698341350.139,73,5.0,7.7894735,165633.8,0.0,26.28011,24.0,9029295.0,0.0,40.0,72259,6
1698341350.2380002,73,5.0,7.7,82140.84,0.0,26.039755,24.0,3431661.75,0.0,40.0,0,6
1698341350.339,73,5.0,7.6603775,118141.41,0.0,26.355938,24.0,6475555.0,0.0,40.0,72259,6
1698341350.438,73,5.0,7.8,79044.77,0.0,25.99762,24.0,3061970.0,0.0,0.0,0,6
1698341350.539,73,5.0,7.8421054,113212.125,0.0,26.451717,24.0,6604969.5,0.0,40.0,101852,6
1698341350.638,73,5.0,7.6865673,170560.0,0.0,26.191862,24.0,7458480.0,0.0,40.0,0,6
1698341350.739,73,5.0,7.804348,119111.11,0.0,26.536863,24.0,6919492.0,0.0,40.0,101596,6
1698341350.838,73,5.0,7.322581,134603.17,0.0,26.293655,24.0,5665143.0,0.0,40.0,0,6
1698341350.9390001,73,5.0,7.8333335,74720.0,0.0,26.459751,24.0,4359280.0,0.0,40.0,101852,6
1698341351.038,73,5.0,7.375,125527.266,0.0,26.249079,24.0,5206690.5,0.0,40.0,0,6
1698341351.139,73,5.0,7.625,49629.63,0.0,26.506018,24.0,4273629.5,0.0,40.0,120538,6
1698341351.2380002,73,5.0,7.775,218480.0,0.0,26.295195,24.0,9510000.0,0.0,40.0,0,6
1698341351.339,73,5.0,7.5,57021.273,0.0,26.626446,24.0,4910127.5,0.0,40.0,120282,6
1698341351.438,73,5.0,7.5263157,208347.81,0.0,26.140469,24.0,8687478.0,0.0,40.0,0,6
1698341351.539,73,5.0,0.0,0.0,0.0,27.365122,24.0,256240.0,0.0,40.0,140365,6
1698341351.639,73,5.0,7.34375,217435.89,0.0,26.04063,24.0,10246769.0,0.0,40.0,11482,6
1698341351.739,73,5.0,0.0,0.0,0.0,27.750826,24.0,674315.75,0.0,40.0,140365,6
1698341351.839,73,5.0,7.7954545,208080.0,0.0,26.205036,24.0,10257600.0,0.0,40.0,11738,6
1698341351.938,73,0.1,0.0,0.0,0.0,0.0,0.0,0.0,0.0,0.0,0,6
1698341352.039,73,5.0,7.763158,228800.0,0.0,26.31942,24.0,10012800.0,0.0,0.0,42172,6
1698341352.138,73,5.0,7.4,79760.0,0.0,26.431116,24.0,3355440.0,0.0,40.0,0,6
1698341352.239,73,5.0,7.275862,227428.56,0.0,26.234034,24.0,9996857.0,0.0,0.0,42172,6
1698341352.338,73,0.1,0.0,0.0,0.0,0.0,0.0,0.0,0.0,0.0,0,6
1698341352.4390001,73,5.0,7.704918,117600.0,0.0,26.34923,24.0,6410800.0,0.0,40.0,72259,6
1698341352.538,73,0.1,0.0,0.0,0.0,0.0,0.0,0.0,0.0,0.0,0,6
1698341352.639,73,5.0,7.590909,233043.45,0.0,26.195848,24.0,10312695.0,0.0,40.0,72259,6
1698341352.7380002,73,5.0,7.7391305,127680.0,0.0,26.222918,24.0,5406960.0,0.0,40.0,0,6
1698341352.839,73,5.0,8.0,236444.44,0.0,26.26239,24.0,10210666.0,0.0,40.0,101852,6
1698341352.938,73,0.1,0.0,0.0,0.0,0.0,0.0,0.0,0.0,0.0,0,6
1698341353.039,73,5.0,7.4375,74400.0,0.0,26.547962,24.0,4359280.0,0.0,40.0,101596,6
1698341353.138,73,0.1,0.0,0.0,0.0,0.0,0.0,0.0,0.0,0.0,0,6
1698341353.239,73,0.1,7.6,191428.56,0.0,26.646423,24.0,10378285.0,0.0,0.0,120538,6
1698341353.338,73,5.0,7.6999993,218480.0,0.0,26.2342,24.0,9510000.0,0.0,40.0,0,6
1698341353.4390001,73,0.1,7.75,194909.08,0.0,26.588343,24.0,10295999.0,0.0,0.0,120538,6
1698341353.538,73,0.1,0.0,107199.99,0.0,26.385822,24.0,2781599.75,0.0,0.0,0,6
1698341353.639,73,5.0,0.0,0.0,0.0,27.408916,24.0,256240.0,0.0,40.0,140365,6
1698341353.739,73,0.1,0.0,178666.67,0.0,26.24911,24.0,10680000.0,0.0,0.0,11738,6
1698341353.839,73,0.1,0.0,0.0,0.0,25.800903,24.0,10679999.0,0.0,0.0,140365,6
1698341353.9390001,73,5.0,7.6489363,210181.8,0.0,26.301908,24.0,10361211.0,0.0,40.0,11738,6
1698341354.038,73,5.0,8.0,36831.684,0.0,26.081903,24.0,1291009.9,0.0,0.0,0,6
1698341354.139,73,5.5,10.960001,169616.16,0.0,27.341093,24.0,8547797.0,0.0,40.0,42172,6
1698341354.2380002,73,5.0,7.4827585,80565.65,0.0,27.46115,24.0,3281454.25,0.0,40.0,0,6
1698341354.339,73,5.0,7.8285713,165520.0,0.0,27.39218,24.0,8462320.0,0.0,40.0,42172,6
1698341354.438,73,5.0,7.6842103,64087.906,0.0,26.707796,24.0,2677450.5,0.0,40.0,0,6
1698341354.539,73,5.0,7.71875,129230.76,0.0,26.034843,24.0,7044834.5,0.0,40.0,72259,6
1698341354.638,73,5.0,7.6538463,127680.0,0.0,25.844355,24.0,5406960.0,0.0,40.0,0,6
1698341354.739,73,5.0,7.75,135172.4,0.0,25.881054,24.0,7368735.0,0.0,40.0,72003,6
1698341354.838,73,5.0,7.5945945,111441.86,0.0,25.706123,24.0,4646790.5,0.0,40.0,0,6
1698341354.9390001,73,5.0,7.780488,74720.0,0.0,26.2319,24.0,4359280.0,0.0,40.0,101852,6
1698341355.038,73,5.0,7.5434785,160289.14,0.0,25.967892,24.0,6900433.5,0.0,40.0,0,6
1698341355.139,73,5.0,7.769231,91121.945,0.0,26.573538,24.0,5316195.0,0.0,40.0,101852,6
1698341355.2380002,73,5.0,7.602941,170560.0,0.0,26.342936,24.0,7458480.0,0.0,40.0,0,6
1698341355.339,73,5.0,7.6842103,33924.05,0.0,26.138916,24.0,2921215.0,0.0,40.0,120538,6
1698341355.438,73,5.0,7.652174,209113.92,3.125,25.612696,24.0,9305924.0,0.0,40.0,0,6
1698341355.539,73,5.0,7.6666665,32160.0,0.0,26.449963,24.0,2307760.0,0.0,40.0,120538,6
1698341355.638,73,5.0,7.484375,212266.66,0.0,26.59459,24.0,9288960.0,0.0,40.0,0,6
1698341355.739,73,5.0,0.0,0.0,0.0,28.592981,24.0,346270.28,0.0,40.0,140365,6
1698341355.839,73,5.0,7.76,208080.0,0.0,26.756332,24.0,10257600.0,0.0,40.0,11738,6
1698341355.9390001,73,5.0,0.0,0.0,0.0,28.06461,24.0,360901.4,0.0,40.0,140365,6
1698341356.039,73,5.0,7.6911764,218028.16,0.0,26.997755,24.0,10113126.0,0.0,40.0,11738,6
1698341356.138,73,5.0,8.0,37200.0,0.0,26.489538,24.0,1303920.0,0.0,0.0,0,6
1698341356.24,73,5.0,7.4545455,228190.47,0.0,26.267334,24.0,10277714.0,0.0,40.0,42172,6
1698341356.338,73,5.0,0.0,0.0,0.0,0.0,0.0,0.0,0.0,0.0,0,6
1698341356.4390001,73,5.0,7.675676,164880.0,0.0,26.45396,24.0,8462320.0,0.0,40.0,41916,6
1698341356.538,73,5.0,0.0,0.0,0.0,0.0,0.0,0.0,0.0,0.0,0,6
1698341356.639,73,5.0,7.7818184,217777.77,0.0,27.133026,24.0,10486666.0,0.0,40.0,72259,6
1698341356.7380002,73,5.0,7.76,126415.836,0.0,26.843182,24.0,5353425.5,0.0,40.0,0,6
1698341356.839,73,5.0,7.7,227404.25,0.0,26.905596,24.0,10320510.0,0.0,40.0,72259,6
1698341356.938,73,5.0,0.0,0.0,0.0,0.0,0.0,0.0,0.0,0.0,0,6
1698341357.039,73,5.0,7.4857144,74400.0,0.0,26.601439,24.0,4359280.0,0.0,40.0,101852,6
1698341357.138,73,5.0,7.7,98976.74,0.0,26.702705,24.0,3777488.25,0.0,0.0,0,6
1698341357.239,73,5.0,7.8378377,173767.44,0.0,26.710024,24.0,10038697.0,0.0,40.0,101852,6
1698341357.338,73,5.0,8.493151,171040.0,3.030303,26.557423,24.0,7458480.0,0.0,40.0,0,6
1698341357.4390001,73,5.0,7.8,68717.945,0.0,27.06459,24.0,5917333.0,0.0,40.0,120538,6
1698341357.538,73,5.0,12.96,214947.36,0.0,27.145746,24.0,8267999.5,0.0,40.0,0,6
1698341357.64,73,5.0,12.8,32633.662,0.0,27.779667,24.0,2390653.5,0.0,40.0,120538,6
1698341357.7380002,73,0.1,12.269231,186057.14,7.6923075,27.158928,24.0,8181943.0,0.0,40.0,0,6
1698341357.839,73,5.0,0.0,0.0,0.0,29.716656,24.0,753647.0,0.0,40.0,140109,6
1698341357.9390001,73,5.0,13.648149,213520.0,7.142857,27.360264,24.0,10257600.0,0.0,40.0,11738,6
1698341358.04,73,5.0,0.0,0.0,0.0,28.58804,24.0,826580.6,0.0,40.0,140365,6
1698341358.139,73,0.1,13.258064,245793.1,0.0,26.885775,24.0,10611310.0,0.0,40.0,11738,6
1698341358.239,73,5.0,15.0,37623.76,0.0,27.187447,24.0,1544712.9,0.0,40.0,140365,6
1698341358.339,73,0.1,11.625,219555.55,0.0,26.810087,24.0,10367111.0,0.0,40.0,11738,6
1698341358.438,73,5.0,0.0,0.0,0.0,0.0,0.0,0.0,0.0,0.0,0,6
1698341358.539,73,5.0,13.869047,169840.0,3.125,26.722267,24.0,8462320.0,0.0,40.0,42172,6
1698341358.638,73,5.0,0.0,0.0,0.0,0.0,0.0,0.0,0.0,0.0,0,6
1698341358.74,73,0.1,13.571428,247999.98,0.0,26.319498,24.0,10781454.0,0.0,0.0,42428,6
1698341358.838,73,5.0,12.423077,81680.0,0.0,26.45052,24.0,3248640.0,0.0,40.0,0,6
1698341358.9390001,73,0.1,13.0,232421.03,0.0,26.502058,24.0,10235368.0,0.0,0.0,72259,6
1698341359.038,73,5.0,0.0,0.0,0.0,0.0,0.0,0.0,0.0,0.0,0,6
1698341359.139,73,5.0,13.350877,119840.0,0.0,26.560095,24.0,6410800.0,0.0,40.0,72259,6
1698341359.2380002,73,0.1,0.0,0.0,0.0,0.0,0.0,0.0,0.0,0.0,0,6
1698341359.339,73,0.1,15.0,236571.42,0.0,26.550858,24.0,10378285.0,0.0,40.0,101852,6
1698341359.438,73,5.0,13.903226,174880.0,0.0,26.55595,24.0,7458480.0,0.0,40.0,0,6
1698341359.539,73,0.1,15.0,250909.08,0.0,27.072872,24.0,10295999.0,0.0,0.0,101596,6
1698341359.638,73,0.1,0.0,0.0,0.0,0.0,0.0,0.0,0.0,0.0,0,6
1698341359.739,73,5.0,14.15,22080.0,20.0,27.09496,24.0,2307760.0,0.0,40.0,120538,6
1698341359.838,73,0.1,0.0,0.0,0.0,0.0,0.0,0.0,0.0,0.0,0,6
1698341359.9390001,73,0.1,5.0,184000.0,0.0,27.53126,24.0,7120000.0,0.0,0.0,120538,6
1698341360.038,73,5.0,13.853211,223920.0,12.765958,26.885721,24.0,9510000.0,0.0,40.0,0,6
1698341360.139,73,5.0,0.0,0.0,0.0,28.041162,24.0,256240.0,0.0,40.0,140109,6
1698341360.239,73,5.0,14.10101,210585.84,13.636364,26.994091,24.0,10253333.0,0.0,40.0,11738,6
1698341360.339,73,5.0,15.0,32969.695,0.0,27.551338,24.0,1360161.5,0.0,40.0,140365,6
1698341360.4390001,73,5.0,13.524753,215676.75,2.5,27.011866,24.0,10361211.0,0.0,40.0,11738,6
1698341360.538,73,5.0,0.0,18197.8,0.0,27.39503,24.0,423032.94,0.0,0.0,0,6
1698341360.639,73,5.0,14.107142,182577.77,3.2258065,26.968159,24.0,9355200.0,0.0,40.0,42172,6
1698341360.7380002,73,5.0,12.16,87200.0,0.0,26.998024,24.0,3355440.0,0.0,40.0,0,6
1698341360.839,73,5.0,13.8918915,195218.375,0.0,27.117558,24.0,9677793.0,0.0,40.0,42172,6
1698341360.938,73,5.0,12.857142,56465.113,0.0,26.8469,24.0,2261302.25,0.0,0.0,0,6
1698341361.039,73,5.0,13.7,116444.44,4.5454545,27.131746,24.0,6475555.0,0.0,40.0,72259,6
1698341361.138,73,5.0,12.44,103392.4,0.0,26.840054,24.0,4112202.25,0.0,40.0,0,6
1698341361.2380002,73,5.0,14.072727,150337.66,8.695652,27.084301,24.0,8325713.5,0.0,40.0,72003,6
1698341361.338,73,5.0,13.576923,134891.08,0.0,26.857634,24.0,5353425.5,0.0,40.0,0,6
1698341361.4390001,73,5.0,14.0,107943.66,0.0,27.145472,24.0,6139831.0,0.0,40.0,101852,6
1698341361.538,73,5.0,13.72973,148228.58,5.0,26.93378,24.0,6258857.0,0.0,40.0,0,6
1698341361.639,73,5.0,13.705882,76640.0,0.0,27.209742,24.0,4359280.0,0.0,40.0,101852,6
1698341361.7380002,73,5.0,12.4,145194.03,0.0,26.888891,24.0,6123940.0,0.0,40.0,0,6
1698341361.839,73,5.0,12.875,33454.547,20.0,27.575762,24.0,3496606.0,0.0,40.0,120282,6
1698341361.938,73,5.0,13.886364,229440.0,2.3255813,26.938965,24.0,9510000.0,0.0,40.0,0,6
1698341362.039,73,5.0,13.892858,17523.809,60.0,27.373322,24.0,3663111.0,0.0,40.0,120538,6
1698341362.138,73,5.0,13.66,216253.97,0.0,26.840033,24.0,8921524.0,0.0,40.0,0,6
1698341362.239,73,5.0,0.0,0.0,0.0,28.536215,24.0,256240.0,0.0,40.0,140365,6
1698341362.339,73,5.0,12.415385,234344.81,7.4074073,27.006392,24.0,10243034.0,0.0,40.0,11738,6
1698341362.44,73,5.0,0.0,0.0,0.0,28.333857,24.0,625931.0,0.0,40.0,140365,6
1698341362.539,73,5.0,13.237113,214707.06,7.142857,26.88722,24.0,10253333.0,0.0,40.0,11738,6
1698341362.638,73,5.0,0.0,0.0,0.0,0.0,0.0,0.0,0.0,0.0,0,6
1698341362.739,73,5.0,14.291667,226039.2,4.5454545,26.858707,24.0,10265882.0,0.0,40.0,42172,6
1698341362.838,73,5.0,13.071428,82505.05,0.0,26.966078,24.0,3281454.25,0.0,40.0,0,6
1698341362.9390001,73,5.0,14.311111,226608.67,9.523809,26.890093,24.0,10080521.0,0.0,40.0,42172,6
1698341363.038,73,5.0,0.0,0.0,0.0,0.0,0.0,0.0,0.0,0.0,0,6
1698341363.139,73,5.0,13.117647,114320.0,8.695652,27.041801,24.0,6410800.0,0.0,40.0,72259,6
1698341363.2380002,73,5.0,0.0,0.0,0.0,0.0,0.0,0.0,0.0,0.0,0,6
1698341363.339,73,5.0,13.475,216744.17,5.5555553,26.981152,24.0,10038697.0,0.0,40.0,72259,6
1698341363.438,73,5.0,13.814815,136240.0,0.0,26.78818,24.0,5406960.0,0.0,40.0,0,6
1698341363.539,73,0.1,13.878788,218971.42,0.0,27.101723,24.0,10012800.0,0.0,0.0,101596,6
1698341363.638,73,5.0,0.0,69000.0,0.0,26.99464,24.0,1536749.9,0.0,0.0,0,6
1698341363.739,73,5.0,13.926829,76640.0,0.0,27.02134,24.0,4359280.0,0.0,40.0,101852,6
1698341363.838,73,5.0,0.0,53419.35,0.0,26.867407,24.0,1241806.4,0.0,0.0,0,6
1698341363.9390001,73,0.1,13.277778,92000.0,0.0,26.980324,24.0,7550399.5,0.0,0.0,120538,6
1698341364.038,73,5.0,13.785714,223920.0,4.6511626,26.937683,24.0,9510000.0,0.0,40.0,0,6
1698341364.139,73,0.1,13.5,119999.99,0.0,27.08988,24.0,9848347.0,0.0,0.0,120538,6
1698341364.2380002,73,5.0,13.666667,197818.17,11.111111,26.569853,24.0,6897817.5,0.0,0.0,0,6
1698341364.339,73,5.0,0.0,0.0,0.0,28.843964,24.0,256240.0,0.0,40.0,140365,6
1698341364.44,73,5.0,11.3,245199.98,0.0,27.235092,24.0,10257599.0,0.0,40.0,11738,6
1698341364.539,73,0.1,0.0,0.0,0.0,28.423557,24.0,1423555.5,0.0,40.0,140365,6
1698341364.639,73,5.0,13.7,202480.0,17.777779,27.06608,24.0,10257600.0,0.0,40.0,11482,6
1698341364.7380002,73,0.1,0.0,0.0,0.0,0.0,0.0,0.0,0.0,0.0,0,6
1698341364.838,73,0.1,15.0,275999.97,0.0,27.063538,24.0,10257599.0,0.0,0.0,42172,6
1698341364.938,73,5.0,13.40625,81680.0,16.666666,27.04933,24.0,3355440.0,0.0,40.0,0,6
1698341365.039,73,0.1,9.0,368000.0,0.0,27.336098,24.0,10680000.0,0.0,0.0,42172,6
1698341365.138,73,0.1,0.0,0.0,0.0,0.0,0.0,0.0,0.0,0.0,0,6
1698341365.239,73,5.0,13.535714,120800.0,4.347826,27.335016,24.0,6410800.0,0.0,40.0,72259,6
1698341365.338,73,5.0,13.685185,130720.0,0.0,27.059595,24.0,5406960.0,0.0,40.0,0,6
1698341365.4390001,73,5.0,13.535715,122020.195,0.0,27.343786,24.0,6475555.0,0.0,40.0,72259,6
1698341365.538,73,5.0,14.068182,126626.25,4.1666665,27.196056,24.0,5353696.5,0.0,40.0,0,6
1698341365.639,73,5.0,14.04,120800.0,0.0,27.507381,24.0,6410800.0,0.0,40.0,72259,6
1698341365.7380002,73,5.0,13.756098,130583.336,0.0,27.069681,24.0,5120000.0,0.0,40.0,0,6
1698341365.839,73,5.0,12.475,81021.27,0.0,27.357378,24.0,4751148.5,0.0,40.0,101852,6
1698341365.938,73,5.0,13.406779,174400.0,0.0,27.227978,24.0,7351680.0,0.0,40.0,0,6
1698341366.038,73,5.0,14.138889,84219.77,6.6666665,27.372225,24.0,4790417.5,0.0,40.0,101852,6
1698341366.138,73,5.0,13.466666,167912.08,12.5,26.980465,24.0,7186285.5,0.0,40.0,0,6
1698341366.239,73,5.0,12.944445,27600.0,0.0,27.662233,24.0,2307760.0,0.0,40.0,120538,6
1698341366.338,73,5.0,13.987013,220045.97,5.4054055,26.976852,24.0,9432275.0,0.0,40.0,0,6
1698341366.4390001,73,5.0,12.555555,32470.588,0.0,27.781872,24.0,2715011.75,0.0,40.0,120538,6
1698341366.538,73,5.0,13.934783,221702.97,8.888889,27.089966,24.0,9415841.0,0.0,40.0,0,6
1698341366.639,73,5.0,0.0,0.0,0.0,29.206957,24.0,324354.4,0.0,40.0,140365,6
1698341366.739,73,5.0,13.642858,231487.17,0.0,27.318096,24.0,10383692.0,0.0,40.0,11738,6
1698341366.839,73,5.0,15.0,37623.76,0.0,27.73315,24.0,1544712.9,0.0,40.0,140365,6
1698341366.9390001,73,5.0,13.486486,226026.66,3.125,27.225496,24.0,10285760.0,0.0,40.0,11738,6
1698341367.038,73,5.0,0.0,0.0,0.0,0.0,0.0,0.0,0.0,0.0,0,6
1698341367.139,73,5.0,13.945946,169840.0,0.0,27.359028,24.0,8462320.0,0.0,40.0,42172,6
1698341367.2380002,73,5.0,0.0,23323.943,0.0,27.392353,24.0,542197.2,0.0,0.0,0,6
1698341367.339,73,5.0,13.789474,234742.86,6.25,27.188202,24.0,10257600.0,0.0,40.0,42172,6
1698341367.438,73,5.0,12.793103,81680.0,6.25,27.113825,24.0,3355440.0,0.0,40.0,0,6
1698341367.539,73,5.0,13.78,191746.03,4.347826,27.410938,24.0,10108190.0,0.0,40.0,72259,6
1698341367.638,73,5.0,13.0,70193.55,0.0,27.153511,24.0,2447612.75,0.0,0.0,0,6
1698341367.739,73,5.0,13.636365,120800.0,0.0,27.4697,24.0,6410800.0,0.0,40.0,72259,6
1698341367.838,73,5.0,15.0,55322.03,0.0,27.301832,24.0,2029016.75,0.0,0.0,0,6
1698341367.9390001,73,5.0,13.878788,132137.92,0.0,27.52794,24.0,7515999.5,0.0,40.0,101852,6
1698341368.038,73,5.0,13.327868,174880.0,0.0,27.215584,24.0,7458480.0,0.0,40.0,0,6
1698341368.139,73,5.0,14.314285,139345.45,0.0,27.324965,24.0,7925963.0,0.0,40.0,101852,6
1698341368.2380002,73,5.0,12.458333,128436.36,0.0,26.987019,24.0,5206690.5,0.0,40.0,0,6
1698341368.338,73,5.0,12.45,27878.785,0.0,27.759623,24.0,2331070.5,0.0,40.0,120538,6
1698341368.438,73,5.0,12.9777775,212392.14,4.7619047,27.079739,24.0,8800000.0,0.0,40.0,0,6
1698341368.539,73,5.0,12.95,55200.0,0.0,27.547386,24.0,4615520.0,0.0,40.0,120538,6
1698341368.638,73,5.0,13.543475,222960.0,2.3809524,27.175146,24.0,9510000.0,0.0,40.0,0,6
1698341368.739,73,5.0,0.0,0.0,0.0,28.260538,24.0,545191.44,0.0,40.0,140365,6
1698341368.839,73,5.0,13.225,225565.2,0.0,27.114668,24.0,10312695.0,0.0,40.0,11482,6
1698341368.94,73,5.0,15.0,37623.76,12.5,27.31366,24.0,1650455.4,0.0,40.0,140365,6
1698341369.039,73,5.0,13.205882,224000.0,0.0,27.060808,24.0,10246769.0,0.0,40.0,11482,6
1698341369.138,73,5.0,0.0,0.0,0.0,0.0,0.0,0.0,0.0,0.0,0,6
1698341369.239,73,5.0,13.307693,167207.92,3.125,27.252335,24.0,8484277.0,0.0,40.0,42172,6
1698341369.338,73,0.1,0.0,0.0,0.0,0.0,0.0,0.0,0.0,0.0,0,6
1698341369.4390001,73,5.0,14.172414,255466.66,0.0,27.110651,24.0,10257600.0,0.0,0.0,42172,6
1698341369.538,73,5.0,12.709678,81680.0,0.0,27.188683,24.0,3355440.0,0.0,40.0,0,6
1698341369.639,73,5.0,12.875,220800.0,0.0,25.456533,24.0,10342080.0,0.0,40.0,72259,6
1698341369.7380002,73,0.1,0.0,0.0,0.0,0.0,0.0,0.0,0.0,0.0,0,6
1698341369.839,73,5.0,13.603174,120800.0,0.0,27.319933,24.0,6410800.0,0.0,40.0,72259,6
1698341369.938,73,0.1,0.0,0.0,0.0,0.0,0.0,0.0,0.0,0.0,0,6
1698341370.039,73,0.1,15.0,256941.16,0.0,27.288013,24.0,10431529.0,0.0,0.0,101596,6
1698341370.138,73,5.0,13.916668,174880.0,3.030303,27.310564,24.0,7458480.0,0.0,40.0,0,6
1698341370.239,73,0.1,15.0,238499.98,0.0,26.96749,24.0,9748500.0,0.0,40.0,101852,6
1698341370.338,73,0.1,0.0,0.0,0.0,0.0,0.0,0.0,0.0,0.0,0,6
1698341370.4390001,73,5.0,13.176471,27600.0,0.0,27.513237,24.0,2307760.0,0.0,40.0,120538,6
1698341370.538,73,0.1,0.0,150545.44,0.0,27.281876,24.0,3499636.0,0.0,0.0,0,6
1698341370.639,73,0.1,10.444445,220799.98,0.0,27.815338,24.0,10257599.0,0.0,0.0,120538,6
1698341370.7380002,73,5.0,13.873563,223920.0,0.0,27.107864,24.0,9510000.0,0.0,40.0,0,6
1698341370.838,73,0.1,0.0,0.0,0.0,26.848944,24.0,3051428.5,0.0,0.0,140365,6
1698341370.9390001,73,0.1,0.0,211199.98,0.0,27.001867,24.0,10679999.0,0.0,0.0,11738,6
1698341371.039,73,5.0,15.0,38000.0,0.0,27.368916,24.0,1560160.0,0.0,40.0,140365,6
1698341371.139,73,5.0,13.226804,212000.0,2.5641026,27.347712,24.0,10257600.0,0.0,40.0,11738,6
1698341371.2380002,73,5.0,15.0,32969.695,0.0,26.980978,24.0,1209212.0,0.0,0.0,0,6
1698341371.339,73,5.0,13.958333,173306.11,3.125,27.276064,24.0,8635020.0,0.0,40.0,42172,6
1698341371.438,73,5.0,12.896552,81680.0,6.25,26.894352,24.0,3355440.0,0.0,40.0,0,6
1698341371.539,73,5.0,14.171429,178778.94,0.0,27.210167,24.0,8907705.0,0.0,40.0,42172,6
1698341371.638,73,5.0,13.111111,74357.89,7.142857,26.895132,24.0,3014399.75,0.0,40.0,0,6
1698341371.7380002,73,5.0,13.491803,122020.195,4.347826,27.275269,24.0,6475555.0,0.0,40.0,72003,6
1698341371.838,73,5.0,13.205882,119032.96,0.0,27.00384,24.0,4931868.0,0.0,40.0,0,6
1698341371.9390001,73,5.0,12.848485,133155.55,8.333333,27.139353,24.0,7123111.0,0.0,40.0,72259,6
1698341372.038,73,5.0,14.195652,130720.0,0.0,27.180563,24.0,5406960.0,0.0,40.0,0,6
1698341372.139,73,5.0,13.842105,88091.945,0.0,27.258858,24.0,5010666.5,0.0,40.0,101852,6
1698341372.2380002,73,5.0,14.145833,165395.34,0.0,26.832499,24.0,7032279.0,0.0,40.0,0,6
1698341372.339,73,5.0,14.075,76640.0,0.0,27.348564,24.0,4359280.0,0.0,40.0,101852,6
1698341372.438,73,5.0,13.46,164144.56,3.8461537,27.066275,24.0,6900433.5,0.0,40.0,0,6
1698341372.539,73,5.0,13.111111,34074.074,0.0,27.693148,24.0,2849086.5,0.0,40.0,120538,6
1698341372.638,73,5.0,13.456522,215287.125,4.7619047,27.11676,24.0,9415841.0,0.0,40.0,0,6
1698341372.739,73,5.0,13.9375,34936.707,0.0,27.804628,24.0,2921215.0,0.0,40.0,120538,6
1698341372.838,73,5.0,13.698413,231282.05,0.0,27.175169,24.0,9288308.0,0.0,40.0,0,6
1698341372.9390001,73,5.0,12.684211,32633.662,0.0,27.516642,24.0,2390653.5,0.0,40.0,120794,6
1698341373.038,73,5.0,13.559322,218453.33,0.0,27.172089,24.0,9288960.0,0.0,40.0,0,6
1698341373.138,73,5.0,0.0,0.0,0.0,28.693144,24.0,346270.28,0.0,40.0,140109,6
1698341373.239,73,5.0,13.637256,215676.75,4.878049,27.200863,24.0,10361211.0,0.0,40.0,11738,6
1698341373.339,73,5.0,0.0,0.0,0.0,28.062397,24.0,382447.75,0.0,40.0,140365,6
1698341373.438,73,5.0,13.058824,236061.52,0.0,27.176065,24.0,10454399.0,0.0,40.0,11482,6
1698341373.538,73,5.0,15.0,37623.76,0.0,26.903337,24.0,1291009.9,0.0,0.0,0,6
1698341373.639,73,5.0,13.693548,234539.67,0.0,27.105967,24.0,10277714.0,0.0,40.0,42172,6
1698341373.7380002,73,5.0,0.0,0.0,0.0,0.0,0.0,0.0,0.0,0.0,0,6
1698341373.839,73,5.0,13.273809,169360.0,11.428572,27.296646,24.0,8462320.0,0.0,40.0,41916,6
1698341373.938,73,5.0,0.0,0.0,0.0,0.0,0.0,0.0,0.0,0.0,0,6
1698341374.04,73,5.0,13.636364,209309.08,16.0,27.203217,24.0,10295999.0,0.0,40.0,72515,6
1698341374.138,73,5.0,13.729167,137777.77,0.0,27.20074,24.0,5353696.5,0.0,40.0,0,6
1698341374.239,73,5.0,13.375,226039.2,0.0,27.135397,24.0,10265882.0,0.0,40.0,72259,6
1698341374.338,73,5.0,15.0,22080.0,33.333332,27.182322,24.0,556320.0,0.0,0.0,0,6
1698341374.4390001,73,5.0,14.105263,76640.0,6.6666665,27.384945,24.0,4359280.0,0.0,40.0,101852,6
1698341374.538,73,5.0,12.944445,115063.83,9.090909,27.088264,24.0,4364936.0,0.0,0.0,0,6
1698341374.64,73,5.0,12.581395,162042.55,0.0,27.212904,24.0,9411574.0,0.0,40.0,102108,6
1698341374.7380002,73,5.0,13.842857,176161.61,5.882353,27.099264,24.0,7425939.0,0.0,40.0,0,6
1698341374.838,73,5.0,12.6875,65714.28,0.0,27.36439,24.0,5494666.5,0.0,40.0,120282,6
1698341374.938,73,5.0,13.137931,207619.03,5.882353,26.957758,24.0,8497714.0,0.0,40.0,0,6
1698341375.039,73,5.0,12.411765,27600.0,0.0,27.599066,24.0,2307760.0,0.0,40.0,120538,6
1698341375.138,73,5.0,13.12,209435.89,0.0,26.876598,24.0,8329846.0,0.0,40.0,0,6
1698341375.239,73,5.0,0.0,0.0,0.0,28.670454,24.0,674315.75,0.0,40.0,140365,6
1698341375.339,73,5.0,12.978948,212560.0,4.878049,26.997978,24.0,10257600.0,0.0,40.0,11738,6
1698341375.438,73,5.0,0.0,0.0,0.0,28.805782,24.0,732114.3,0.0,40.0,140365,6
1698341375.539,73,0.1,13.40625,232727.28,0.0,27.011068,24.0,10619636.0,0.0,40.0,11738,6
1698341375.638,73,5.0,15.0,37623.76,12.5,26.879795,24.0,1291009.9,0.0,0.0,0,6
1698341375.739,73,0.1,13.580646,229419.34,0.0,26.884872,24.0,10271225.0,0.0,0.0,42172,6
1698341375.838,73,5.0,0.0,0.0,0.0,0.0,0.0,0.0,0.0,0.0,0,6
1698341375.9390001,73,5.0,12.594595,164686.86,0.0,27.163748,24.0,8439919.0,0.0,40.0,42172,6
1698341376.038,73,5.0,0.0,0.0,0.0,0.0,0.0,0.0,0.0,0.0,0,6
1698341376.139,73,0.1,14.32,233538.45,0.0,27.102457,24.0,10355077.0,0.0,40.0,72259,6
1698341376.2380002,73,5.0,13.547619,130720.0,0.0,26.95361,24.0,5406960.0,0.0,40.0,0,6
1698341376.339,73,0.1,12.684211,219999.98,11.111111,27.12661,24.0,10257599.0,0.0,0.0,72259,6
1698341376.438,73,5.0,0.0,0.0,0.0,0.0,0.0,0.0,0.0,0.0,0,6
1698341376.539,73,5.0,14.162162,76640.0,0.0,27.381704,24.0,4359280.0,0.0,40.0,101596,6
1698341376.638,73,0.1,0.0,0.0,0.0,0.0,0.0,0.0,0.0,0.0,0,6
1698341376.739,73,0.1,0.0,236571.42,0.0,27.20818,24.0,9615428.0,0.0,40.0,101852,6
1698341376.838,73,5.0,13.380953,174880.0,0.0,26.941038,24.0,7458480.0,0.0,40.0,0,6
1698341376.9390001,73,0.1,11.357142,200727.25,0.0,27.567894,24.0,10295999.0,0.0,0.0,120538,6
1698341377.038,73,0.1,0.0,110399.99,0.0,27.285217,24.0,2781599.75,0.0,0.0,0,6
1698341377.139,73,5.0,12.722222,27600.0,0.0,27.48674,24.0,2307760.0,0.0,40.0,120282,6
1698341377.2380002,73,0.1,0.0,78857.14,0.0,0.0,0.0,0.0,0.0,0.0,0,6
1698341377.338,73,0.1,0.0,0.0,0.0,27.058813,24.0,3560000.0,0.0,0.0,140365,6
1698341377.4390001,73,5.0,13.414893,208000.0,5.0,27.097277,24.0,10257600.0,0.0,40.0,11738,6
1698341377.539,73,5.0,15.0,43520.0,0.0,27.057375,24.0,1560160.0,0.0,40.0,140365,6
1698341377.639,73,5.0,13.32967,215676.75,0.0,27.067833,24.0,10253333.0,0.0,40.0,11738,6
1698341377.7380002,73,5.0,15.0,33306.12,0.0,26.708979,24.0,1112571.4,0.0,0.0,0,6
1698341377.839,73,5.0,13.338462,169360.0,0.0,27.151854,24.0,8462320.0,0.0,40.0,42172,6
1698341377.938,73,5.0,12.571428,65494.5,0.0,26.887203,24.0,2677450.5,0.0,40.0,0,6
1698341378.039,73,5.0,13.525641,185582.4,3.125,27.129723,24.0,9416615.0,0.0,40.0,42172,6
1698341378.138,73,5.0,13.111111,81680.0,0.0,26.958843,24.0,3248640.0,0.0,40.0,0,6
1698341378.2380002,73,5.0,13.389832,138850.56,0.0,26.85202,24.0,7368735.0,0.0,40.0,72003,6
1698341378.338,73,5.0,13.052631,114232.555,0.0,26.435081,24.0,4646790.5,0.0,40.0,0,6
1698341378.4390001,73,5.0,13.603174,120800.0,0.0,26.768688,24.0,6410800.0,0.0,40.0,72259,6
1698341378.538,73,5.0,13.766666,112289.15,0.0,26.46701,24.0,4428722.5,0.0,40.0,0,6
1698341378.639,73,5.0,12.526317,92878.05,0.0,26.410585,24.0,5316195.0,0.0,40.0,101852,6
1698341378.7380002,73,5.0,13.734375,174400.0,0.0,26.249802,24.0,7458480.0,0.0,40.0,0,6
1698341378.838,73,6.0,14.432432,97620.25,0.0,26.723051,24.0,5518075.5,0.0,40.0,101852,6
1698341378.938,73,6.0,14.363636,162153.84,0.0,26.4188,24.0,6658153.5,0.0,40.0,0,6
1698341379.039,73,6.0,14.333333,27600.0,0.0,26.598036,24.0,2307760.0,0.0,40.0,120538,6
1698341379.138,73,6.0,14.288136,220159.98,0.0,26.089138,24.0,9288960.0,0.0,40.0,0,6
1698341379.239,73,5.5,13.176471,37297.297,0.0,26.591604,24.0,3118594.5,0.0,40.0,120538,6
1698341379.338,73,5.0,13.879121,223920.0,0.0,26.180855,24.0,9510000.0,0.0,40.0,0,6
1698341379.4390001,73,5.0,0.0,0.0,0.0,26.8894,24.0,360901.4,0.0,40.0,140365,6
1698341379.539,73,5.0,13.878788,223887.31,0.0,26.306011,24.0,10113126.0,0.0,40.0,11738,6
1698341379.638,73,5.0,15.0,38000.0,0.0,26.603731,24.0,1560160.0,0.0,40.0,140365,6
1698341379.739,73,5.0,13.676923,234235.28,0.0,26.1993,24.0,10307294.0,0.0,40.0,11738,6
1698341379.838,73,5.0,0.0,0.0,0.0,0.0,0.0,0.0,0.0,0.0,0,6
1698341379.938,73,5.0,14.808219,170800.0,0.0,26.65524,24.0,8462320.0,0.0,40.0,42172,6
1698341380.038,73,5.0,0.0,0.0,0.0,0.0,0.0,0.0,0.0,0.0,0,6
1698341380.139,73,5.0,14.098361,239096.77,3.5714285,26.575808,24.0,10271225.0,0.0,40.0,42172,6
1698341380.2380002,73,5.0,13.307693,82160.0,0.0,26.584764,24.0,3355440.0,0.0,40.0,0,6
1698341380.339,73,5.0,14.185185,241898.28,0.0,26.576136,24.0,10250440.0,0.0,40.0,42172,6
1698341380.438,73,5.0,0.0,0.0,0.0,0.0,0.0,0.0,0.0,0.0,0,6
1698341380.538,73,5.0,14.625,121280.0,0.0,26.935009,24.0,6410800.0,0.0,40.0,72003,6
1698341380.638,73,5.0,15.0,49309.086,0.0,26.522331,24.0,1476654.5,0.0,0.0,0,6
1698341380.7380002,73,5.0,14.416667,142814.81,0.0,26.101053,24.0,8072740.5,0.0,40.0,101852,6
1698341380.838,73,5.0,13.712121,175360.0,3.030303,25.974371,24.0,7458480.0,0.0,40.0,0,6
1698341380.9390001,73,5.0,14.432432,151215.67,0.0,26.777597,24.0,8547607.0,0.0,40.0,101852,6
1698341381.038,73,5.0,13.833333,120800.0,0.0,26.430185,24.0,4659360.0,0.0,0.0,0,6
1698341381.139,73,5.0,14.65,77120.0,0.0,26.914885,24.0,4359280.0,0.0,40.0,101852,6
1698341381.2380002,73,5.0,13.764706,116765.95,0.0,26.707346,24.0,4364936.0,0.0,0.0,0,6
1698341381.339,73,5.0,13.894737,59999.996,0.0,27.11585,24.0,5016869.0,0.0,40.0,120538,6
1698341381.438,73,5.0,14.125,225360.0,0.0,26.909071,24.0,9510000.0,0.0,40.0,0,6
1698341381.539,73,5.0,14.125,70769.23,0.0,27.227024,24.0,5917333.0,0.0,40.0,120538,6
1698341381.638,73,5.0,14.44,217052.625,0.0,26.59813,24.0,8267999.5,0.0,40.0,0,6
1698341381.739,73,5.0,0.0,0.0,0.0,28.096647,24.0,256240.0,0.0,40.0,140365,6
1698341381.839,73,5.0,13.8,235657.14,0.0,26.596195,24.0,10317943.0,0.0,40.0,11738,6
1698341381.938,73,0.1,0.0,0.0,0.0,27.88715,24.0,753647.0,0.0,40.0,140109,6
1698341382.039,73,5.0,14.095745,214480.0,2.5,26.645084,24.0,10257600.0,0.0,40.0,11738,6
1698341382.138,73,0.1,0.0,0.0,0.0,0.0,0.0,0.0,0.0,0.0,0,6
1698341382.239,73,5.0,14.142858,237599.98,7.142857,26.225863,24.0,10257600.0,0.0,0.0,41916,6
1698341382.338,73,5.0,13.321428,81680.0,6.25,26.216913,24.0,3355440.0,0.0,40.0,0,6
1698341382.4390001,73,5.0,14.34375,236000.0,0.0,26.6633,24.0,9996857.0,0.0,0.0,42172,6
1698341382.538,73,0.1,0.0,0.0,0.0,0.0,0.0,0.0,0.0,0.0,0,6
1698341382.639,73,5.0,14.0,120800.0,0.0,26.427135,24.0,6410800.0,0.0,40.0,72259,6
1698341382.7380002,73,0.1,0.0,0.0,0.0,0.0,0.0,0.0,0.0,0.0,0,6
1698341382.839,73,5.0,13.0,225818.16,0.0,26.119375,24.0,10295999.0,0.0,40.0,72259,6
1698341382.938,73,5.0,14.204545,131520.0,0.0,26.193516,24.0,5406960.0,0.0,40.0,0,6
1698341383.039,73,5.0,15.0,244444.42,0.0,26.07233,24.0,10210666.0,0.0,40.0,101852,6
1698341383.138,73,0.1,0.0,0.0,0.0,0.0,0.0,0.0,0.0,0.0,0,6
1698341383.239,73,5.0,14.621622,77120.0,0.0,26.209024,24.0,4359280.0,0.0,40.0,101852,6
1698341383.338,73,0.1,0.0,0.0,0.0,0.0,0.0,0.0,0.0,0.0,0,6
1698341383.4390001,73,0.1,13.384615,212307.69,0.0,26.331232,24.0,11176615.0,0.0,0.0,120538,6
1698341383.538,73,5.0,14.417722,222336.625,0.0,26.188332,24.0,9415841.0,0.0,40.0,0,6
1698341383.638,73,0.1,13.25,200727.25,0.0,26.735973,24.0,10295999.0,0.0,0.0,120282,6
1698341383.7380002,73,0.1,0.0,110399.99,0.0,26.684158,24.0,2781599.75,0.0,0.0,0,6
1698341383.839,73,5.0,0.0,0.0,0.0,27.441904,24.0,256240.0,0.0,40.0,140365,6
1698341383.938,73,0.1,0.0,184000.0,0.0,26.670498,24.0,10680000.0,0.0,0.0,11482,6
1698341384.038,73,0.1,0.0,0.0,0.0,25.940912,24.0,10679999.0,0.0,0.0,140365,6
1698341384.139,73,5.0,14.0,214480.0,0.0,26.314909,24.0,10257600.0,0.0,40.0,11738,6
1698341384.2380002,73,5.0,15.0,38480.0,0.0,26.199362,24.0,1303920.0,0.0,0.0,0,6
1698341384.339,73,5.0,14.273809,178947.36,3.125,26.31416,24.0,8907705.0,0.0,40.0,42172,6
1698341384.438,73,5.0,13.666667,75199.99,0.0,26.16452,24.0,3014399.75,0.0,40.0,0,6
1698341384.539,73,5.0,14.616438,170800.0,0.0,26.418222,24.0,8462320.0,0.0,40.0,42172,6
1698341384.638,73,5.0,14.0,66373.625,0.0,26.313805,24.0,2677450.5,0.0,40.0,0,6
1698341384.7380002,73,5.0,13.894737,134400.0,0.0,26.641008,24.0,7123111.0,0.0,40.0,72259,6
1698341384.838,73,5.0,14.571428,132000.0,4.0,26.318188,24.0,5406960.0,0.0,40.0,0,6
1698341384.9390001,73,5.0,14.0,145542.16,0.0,26.605743,24.0,7723855.0,0.0,40.0,72259,6
1698341385.038,73,5.0,13.90625,107317.07,5.882353,26.70037,24.0,4352487.5,0.0,40.0,0,6
1698341385.139,73,5.0,14.055555,76640.0,0.0,26.882896,24.0,4359280.0,0.0,40.0,101852,6
1698341385.2380002,73,5.0,14.270833,160101.27,0.0,26.664122,24.0,6709063.0,0.0,40.0,0,6
1698341385.338,73,5.0,14.794118,100155.836,0.0,26.597527,24.0,5661402.0,0.0,40.0,101852,6
1698341385.438,73,5.0,14.453125,176160.0,3.030303,26.423492,24.0,7458480.0,0.0,40.0,0,6
1698341385.539,73,5.0,12.842105,36800.0,0.0,27.04503,24.0,3077013.25,0.0,40.0,120538,6
1698341385.638,73,5.0,13.967215,223135.125,0.0,26.5667,24.0,9270162.0,0.0,40.0,0,6
1698341385.739,73,5.0,14.588235,27600.0,0.0,27.163975,24.0,2307760.0,0.0,40.0,120538,6
1698341385.838,73,5.0,14.000001,217014.08,0.0,26.79287,24.0,9210591.0,0.0,40.0,0,6
1698341385.9390001,73,5.0,0.0,0.0,0.0,28.01791,24.0,366057.16,0.0,40.0,140365,6
1698341386.039,73,5.0,14.072917,214000.0,2.5,26.94464,24.0,10257600.0,0.0,40.0,11738,6
1698341386.138,73,5.0,0.0,0.0,0.0,28.485794,24.0,382447.75,0.0,40.0,140365,6
1698341386.239,73,5.0,13.83871,233212.125,3.4482758,26.831383,24.0,10296000.0,0.0,40.0,11738,6
1698341386.338,73,5.0,15.0,38320.0,0.0,26.354345,24.0,1303920.0,0.0,0.0,0,6
1698341386.438,73,5.0,14.87037,233355.92,0.0,26.87228,24.0,10250440.0,0.0,40.0,42172,6
1698341386.538,73,5.0,0.0,0.0,0.0,0.0,0.0,0.0,0.0,0.0,0,6
1698341386.639,73,5.0,13.559524,169360.0,13.888889,26.847765,24.0,8462320.0,0.0,40.0,42172,6
1698341386.7380002,73,5.0,0.0,0.0,0.0,0.0,0.0,0.0,0.0,0.0,0,6
1698341386.839,73,5.0,13.272727,223703.7,4.347826,26.173431,24.0,10288889.0,0.0,40.0,72259,6
1698341386.938,73,5.0,13.678572,130720.0,4.0,26.161875,24.0,5406960.0,0.0,40.0,0,6
1698341387.038,73,5.0,13.470589,226039.2,0.0,26.383562,24.0,10265882.0,0.0,40.0,72003,6
1698341387.138,73,5.0,0.0,22080.0,0.0,27.066729,24.0,556320.0,0.0,0.0,0,6
1698341387.239,73,5.0,13.952381,76640.0,6.6666665,27.174707,24.0,4359280.0,0.0,40.0,101852,6
1698341387.338,73,5.0,13.0,101209.3,0.0,27.14206,24.0,3777488.25,0.0,0.0,0,6
1698341387.4390001,73,5.0,13.727273,183238.08,0.0,26.840729,24.0,10277714.0,0.0,40.0,101852,6
1698341387.538,73,5.0,13.705882,175200.0,3.030303,26.618307,24.0,7458480.0,0.0,40.0,0,6
1698341387.639,73,5.0,14.363636,220342.86,0.0,26.44251,24.0,10317943.0,0.0,40.0,101852,6
1698341387.7380002,73,0.1,0.0,81176.47,0.0,26.525692,24.0,2074588.1,0.0,0.0,0,6
1698341387.839,73,5.0,13.047619,27600.0,0.0,26.547537,24.0,2307760.0,0.0,40.0,120538,6
1698341387.938,73,0.1,14.391304,177032.25,9.090909,25.990398,24.0,7859612.5,0.0,40.0,0,6
1698341388.039,73,5.0,13.5,76137.93,20.0,26.40628,24.0,7810758.5,0.0,0.0,120538,6
1698341388.138,73,5.0,14.12766,229440.0,10.638298,26.138481,24.0,9510000.0,0.0,40.0,0,6
1698341388.239,73,5.0,0.0,0.0,0.0,27.183977,24.0,1344592.5,0.0,40.0,140365,6
1698341388.339,73,0.1,12.607142,252923.08,0.0,26.445599,24.0,10355077.0,0.0,40.0,11738,6
1698341388.44,73,5.0,15.0,37623.76,0.0,26.329233,24.0,1650455.4,0.0,40.0,140365,6
1698341388.539,73,0.1,12.217391,237913.03,0.0,26.444937,24.0,10312695.0,0.0,40.0,11738,6
1698341388.638,73,5.0,0.0,0.0,0.0,0.0,0.0,0.0,0.0,0.0,0,6
1698341388.7380002,73,5.0,14.298701,169840.0,0.0,26.226713,24.0,8462320.0,0.0,40.0,42172,6
1698341388.838,73,0.1,0.0,0.0,0.0,0.0,0.0,0.0,0.0,0.0,0,6
1698341388.938,73,0.1,15.0,236571.42,0.0,25.930807,24.0,10378285.0,0.0,0.0,42172,6
1698341389.038,73,5.0,12.551724,81680.0,6.25,26.059275,24.0,3355440.0,0.0,40.0,0,6
1698341389.139,73,0.1,12.416667,200727.25,0.0,26.15771,24.0,10295999.0,0.0,0.0,72259,6
1698341389.2380002,73,0.1,0.0,0.0,0.0,0.0,0.0,0.0,0.0,0.0,0,6
1698341389.339,73,5.0,14.017858,122020.195,0.0,26.730223,24.0,6475555.0,0.0,40.0,72259,6
1698341389.438,73,0.1,0.0,0.0,0.0,0.0,0.0,0.0,0.0,0.0,0,6
1698341389.538,73,0.1,15.0,276000.0,0.0,26.093782,24.0,10679999.0,0.0,40.0,101852,6
1698341389.638,73,5.0,14.030769,176160.0,0.0,26.6906,24.0,7458480.0,0.0,40.0,0,6
1698341389.739,73,5.0,14.641026,77120.0,0.0,26.791435,24.0,4359280.0,0.0,40.0,101852,6
1698341389.838,73,5.0,14.164179,173810.52,0.0,26.366947,24.0,7333389.0,0.0,40.0,0,6
1698341389.9390001,73,5.0,13.5,29052.629,16.666666,26.617033,24.0,2541642.0,0.0,40.0,120538,6
1698341390.038,73,5.0,13.465909,225373.72,4.6511626,26.379883,24.0,9498181.0,0.0,40.0,0,6
1698341390.138,73,5.0,12.25,30329.668,0.0,26.654436,24.0,2535999.75,0.0,40.0,120538,6
1698341390.2380002,73,5.0,14.175,222857.125,0.0,26.255629,24.0,9440703.0,0.0,40.0,0,6
1698341390.339,73,5.0,0.0,0.0,0.0,27.690727,24.0,256240.0,0.0,40.0,140365,6
1698341390.438,73,5.0,14.275862,234206.89,0.0,26.525854,24.0,10291586.0,0.0,40.0,11482,6
1698341390.539,73,5.0,0.0,0.0,0.0,27.672037,24.0,297953.47,0.0,40.0,140365,6
1698341390.638,73,5.0,14.131869,214000.0,2.5,26.698137,24.0,10257600.0,0.0,40.0,11482,6
1698341390.7380002,73,5.0,0.0,0.0,0.0,0.0,0.0,0.0,0.0,0.0,0,6
1698341390.839,73,5.0,14.135802,207902.44,0.0,26.893723,24.0,10267902.0,0.0,40.0,42172,6
1698341390.938,73,5.0,13.5,82480.0,0.0,26.64155,24.0,3355440.0,0.0,40.0,0,6
1698341391.039,73,5.0,14.65,216202.52,0.0,26.8428,24.0,10252253.0,0.0,40.0,42172,6
1698341391.138,73,5.0,15.0,42805.19,0.0,26.665304,24.0,1332155.75,0.0,0.0,0,6
1698341391.2380002,73,5.0,14.58,121280.0,0.0,26.994375,24.0,6410800.0,0.0,40.0,72259,6
1698341391.338,73,5.0,14.0,95253.33,0.0,26.678463,24.0,3818239.75,0.0,40.0,0,6
1698341391.438,73,5.0,14.5,166136.97,0.0,27.133461,24.0,8781917.0,0.0,40.0,72259,6
1698341391.538,73,5.0,14.416667,130693.06,4.0,26.755386,24.0,5353425.5,0.0,40.0,0,6
1698341391.639,73,5.0,14.028571,112705.875,0.0,27.168695,24.0,6567764.5,0.0,40.0,102108,6
1698341391.7380002,73,5.0,13.694445,142646.14,0.0,26.93061,24.0,5983753.5,0.0,40.0,0,6
1698341391.839,73,5.0,14.75,76800.0,6.6666665,27.094263,24.0,4359280.0,0.0,40.0,101852,6
1698341391.938,73,5.0,14.3,148444.44,0.0,26.815302,24.0,5834666.5,0.0,40.0,0,6
1698341392.039,73,5.0,14.086957,44516.13,0.0,27.425539,24.0,3722193.5,0.0,40.0,120538,6
1698341392.138,73,5.0,14.449438,225680.0,0.0,26.932777,24.0,9510000.0,0.0,40.0,0,6
1698341392.239,73,5.0,12.681818,51111.11,16.666666,27.472569,24.0,4273629.5,0.0,40.0,120538,6
1698341392.338,73,5.0,14.045455,214074.06,0.0,27.034492,24.0,8706666.0,0.0,40.0,0,6
1698341392.438,73,5.0,0.0,0.0,0.0,28.116613,24.0,256240.0,0.0,40.0,140109,6
1698341392.539,73,5.0,14.377778,226666.66,0.0,26.94382,24.0,10265882.0,0.0,40.0,11738,6
1698341392.639,73,5.0,0.0,0.0,0.0,29.011635,24.0,512480.0,0.0,40.0,140365,6
1698341392.739,73,5.0,13.861702,213680.0,2.5,27.15485,24.0,10257600.0,0.0,40.0,11738,6
1698341392.838,73,5.0,0.0,0.0,0.0,0.0,0.0,0.0,0.0,0.0,0,6
1698341392.938,73,5.0,14.533334,236190.45,0.0,26.652792,24.0,10023428.0,0.0,40.0,42172,6
1698341393.038,73,5.0,12.935484,81680.0,6.25,26.683708,24.0,3355440.0,0.0,40.0,0,6
1698341393.14,73,0.1,14.533334,236114.28,0.0,26.582554,24.0,10623086.0,0.0,0.0,42172,6
1698341393.2380002,73,5.0,0.0,0.0,0.0,0.0,0.0,0.0,0.0,0.0,0,6
1698341393.339,73,5.0,13.934426,120800.0,0.0,26.808186,24.0,6410800.0,0.0,40.0,72259,6
1698341393.438,73,5.0,0.0,0.0,0.0,0.0,0.0,0.0,0.0,0.0,0,6
1698341393.539,73,0.1,13.321428,244137.92,0.0,26.7149,24.0,10243034.0,0.0,40.0,72003,6
1698341393.638,73,5.0,13.489796,130720.0,0.0,26.38301,24.0,5406960.0,0.0,40.0,0,6
1698341393.739,73,0.1,14.363636,239304.33,0.0,26.660347,24.0,10312695.0,0.0,40.0,101852,6
1698341393.838,73,5.0,0.0,0.0,0.0,0.0,0.0,0.0,0.0,0.0,0,6
1698341393.9390001,73,5.0,13.9,76640.0,6.6666665,26.68441,24.0,4359280.0,0.0,40.0,101852,6
1698341394.038,73,0.1,0.0,0.0,0.0,0.0,0.0,0.0,0.0,0.0,0,6
1698341394.138,73,0.1,12.071428,197142.84,0.0,26.784195,24.0,10378285.0,0.0,0.0,120282,6
1698341394.2380002,73,5.0,13.83721,224080.0,2.3809524,26.508785,24.0,9510000.0,0.0,40.0,0,6
1698341394.338,73,0.1,0.0,236571.42,0.0,26.913784,24.0,10680000.0,0.0,0.0,120538,6
1698341394.438,73,0.1,0.0,0.0,0.0,0.0,0.0,0.0,0.0,0.0,0,6
1698341394.539,73,5.0,0.0,0.0,0.0,27.440083,24.0,256240.0,0.0,40.0,140365,6
1698341394.638,73,5.0,13.673077,213680.0,2.5,26.52398,24.0,10257600.0,0.0,40.0,11738,6
1698341394.739,73,5.0,15.0,32969.695,0.0,26.480337,24.0,1575919.1,0.0,40.0,140365,6
1698341394.839,73,5.0,14.082476,218857.125,2.5,26.576523,24.0,10248979.0,0.0,40.0,11738,6
1698341394.938,73,5.0,15.0,38000.0,0.0,26.665413,24.0,1560160.0,0.0,40.0,140365,6
1698341395.039,73,5.0,13.359223,231913.03,7.142857,26.530296,24.0,10266782.0,0.0,40.0,11738,6
1698341395.138,73,5.0,0.0,12266.666,0.0,27.012453,24.0,309066.66,0.0,0.0,0,6
1698341395.2380002,73,5.0,14.108109,170160.0,0.0,26.63033,24.0,8462320.0,0.0,40.0,41916,6
1698341395.338,73,5.0,14.3,53012.047,0.0,26.394615,24.0,1957012.0,0.0,0.0,0,6
1698341395.438,73,5.0,13.905405,207317.06,3.125,26.678188,24.0,10267902.0,0.0,40.0,42172,6
1698341395.538,73,5.0,12.464286,81200.0,0.0,26.546228,24.0,3355440.0,0.0,40.0,0,6
1698341395.639,73,5.0,14.5,161706.66,0.0,26.66891,24.0,8547733.0,0.0,40.0,72259,6
1698341395.7380002,73,5.0,13.307693,96108.11,7.142857,26.450285,24.0,3725513.5,0.0,40.0,0,6
1698341395.838,73,5.0,13.898305,120800.0,0.0,26.661062,24.0,6410800.0,0.0,40.0,72003,6
1698341395.938,73,5.0,14.086958,85070.42,0.0,26.409412,24.0,3431661.75,0.0,40.0,0,6
1698341396.039,73,5.0,14.487806,110171.43,0.0,26.604078,24.0,6227543.0,0.0,40.0,101852,6
1698341396.138,73,5.0,13.796875,175840.0,3.030303,26.40867,24.0,7458480.0,0.0,40.0,0,6
1698341396.239,73,5.0,13.021741,113671.64,6.6666665,26.442377,24.0,6506388.0,0.0,40.0,101852,6
1698341396.338,73,5.0,13.894737,150060.61,0.0,26.509478,24.0,6054909.0,0.0,40.0,0,6
1698341396.4390001,73,5.0,14.125,27600.0,0.0,26.799887,24.0,2307760.0,0.0,40.0,120538,6
1698341396.538,73,5.0,14.204545,218285.7,0.0,25.953161,24.0,9091047.0,0.0,40.0,0,6
1698341396.638,73,5.0,13.894737,44516.13,0.0,26.622599,24.0,3722193.5,0.0,40.0,120538,6
1698341396.7380002,73,5.0,13.903614,224560.0,4.6511626,25.894758,24.0,9510000.0,0.0,40.0,0,6
1698341396.838,73,5.0,0.0,0.0,0.0,27.096949,24.0,434305.06,0.0,40.0,140365,6
1698341396.938,73,5.0,14.236363,237103.44,0.0,26.182571,24.0,10243034.0,0.0,40.0,11482,6
1698341397.038,73,5.0,15.0,38480.0,0.0,26.536598,24.0,1560160.0,0.0,40.0,140365,6
1698341397.138,73,5.0,14.385965,234518.52,0.0,26.26063,24.0,10486666.0,0.0,40.0,11738,6
1698341397.2380002,73,5.0,0.0,0.0,0.0,0.0,0.0,0.0,0.0,0.0,0,6
1698341397.338,73,5.0,14.487804,170800.0,0.0,26.200497,24.0,8462320.0,0.0,40.0,42172,6
1698341397.438,73,5.0,0.0,0.0,0.0,0.0,0.0,0.0,0.0,0.0,0,6
1698341397.538,73,5.0,14.137255,230560.0,0.0,26.292498,24.0,10257600.0,0.0,40.0,41916,6
1698341397.638,73,5.0,13.923077,82480.0,0.0,26.261072,24.0,3355440.0,0.0,40.0,0,6
1698341397.7380002,73,5.0,14.333333,236190.45,0.0,26.351166,24.0,10531999.0,0.0,40.0,72259,6
1698341397.838,73,5.0,0.0,0.0,0.0,0.0,0.0,0.0,0.0,0.0,0,6
1698341397.9390001,73,5.0,14.5625,121280.0,0.0,26.524866,24.0,6410800.0,0.0,40.0,72259,6
1698341398.038,73,5.0,0.0,0.0,0.0,0.0,0.0,0.0,0.0,0.0,0,6
1698341398.139,73,5.0,14.5348835,202105.25,6.6666665,26.06743,24.0,10235368.0,0.0,40.0,101852,6
1698341398.2380002,73,5.0,13.5,174880.0,5.882353,25.920006,24.0,7458480.0,0.0,40.0,0,6
1698341398.338,73,0.1,14.0,225411.75,0.0,26.028938,24.0,10307294.0,0.0,40.0,101852,6
1698341398.438,73,5.0,0.0,66909.09,0.0,26.023083,24.0,1813818.25,0.0,0.0,0,6
1698341398.538,73,5.0,13.764706,27878.785,0.0,26.366446,24.0,2331070.5,0.0,40.0,120538,6
1698341398.638,73,5.0,14.416667,203259.25,0.0,25.816015,24.0,7598222.0,0.0,0.0,0,6
1698341398.739,73,0.1,13.6,106153.84,0.0,26.343195,24.0,8712000.0,0.0,0.0,120538,6
1698341398.838,73,5.0,14.135802,225360.0,0.0,25.984074,24.0,9510000.0,0.0,40.0,0,6
1698341398.938,73,0.1,0.0,0.0,0.0,27.569704,24.0,1114086.9,0.0,40.0,140109,6
1698341399.039,73,5.0,11.772727,245999.98,0.0,26.06433,24.0,10791599.0,0.0,40.0,11738,6
1698341399.139,73,5.0,15.0,37623.76,0.0,25.985794,24.0,1544712.9,0.0,40.0,140365,6
1698341399.2380002,73,5.0,11.789474,229894.72,11.111111,25.855593,24.0,10235368.0,0.0,40.0,11482,6
1698341399.338,73,0.1,0.0,0.0,0.0,0.0,0.0,0.0,0.0,0.0,0,6
1698341399.4390001,73,5.0,13.892858,170160.0,0.0,26.053646,24.0,8462320.0,0.0,40.0,42172,6
1698341399.538,73,0.1,0.0,0.0,0.0,0.0,0.0,0.0,0.0,0.0,0,6
1698341399.638,73,0.1,15.0,245333.31,0.0,25.938507,24.0,10210666.0,0.0,0.0,42172,6
1698341399.7380002,73,5.0,14.192307,82480.0,0.0,25.919525,24.0,3355440.0,0.0,40.0,0,6
1698341399.838,73,0.1,0.0,236571.42,0.0,25.960188,24.0,10680000.0,0.0,0.0,72259,6
1698341399.938,73,0.1,0.0,0.0,0.0,0.0,0.0,0.0,0.0,0.0,0,6
1698341400.038,73,5.0,14.3,121280.0,0.0,26.02119,24.0,6410800.0,0.0,40.0,72259,6
1698341400.138,73,0.1,0.0,0.0,0.0,0.0,0.0,0.0,0.0,0.0,0,6
1698341400.2380002,73,0.1,9.75,276000.0,0.0,26.641565,24.0,10679999.0,0.0,40.0,101852,6
1698341400.338,73,5.0,14.3,176000.0,0.0,25.987595,24.0,7458480.0,0.0,40.0,0,6
1698341400.4390001,73,5.0,14.621622,77120.0,0.0,26.005157,24.0,4359280.0,0.0,40.0,101852,6
1698341400.538,73,5.0,14.183333,179755.1,0.0,25.956818,24.0,7392734.5,0.0,40.0,0,6
1698341400.638,73,5.0,14.0,28163.264,0.0,26.468872,24.0,2354857.0,0.0,40.0,120282,6
1698341400.7380002,73,5.0,14.416667,225680.0,0.0,25.896332,24.0,9510000.0,0.0,40.0,0,6
1698341400.838,73,5.0,14.125,29052.629,0.0,26.232767,24.0,2429221.0,0.0,40.0,120538,6
1698341400.938,73,5.0,14.42353,222638.28,0.0,25.987778,24.0,9480255.0,0.0,40.0,0,6
1698341401.039,73,5.0,0.0,0.0,0.0,27.304846,24.0,256240.0,0.0,40.0,140365,6
1698341401.138,73,5.0,14.263158,234206.89,0.0,26.333836,24.0,10291586.0,0.0,40.0,11738,6
1698341401.239,73,5.0,0.0,0.0,0.0,27.599466,24.0,417287.34,0.0,40.0,140621,6
1698341401.339,73,5.0,14.377778,216969.69,0.0,26.619125,24.0,10253333.0,0.0,40.0,11738,6
1698341401.438,73,5.0,0.0,0.0,0.0,0.0,0.0,0.0,0.0,0.0,0,6
1698341401.539,73,5.0,14.636364,208292.67,0.0,26.559723,24.0,10267902.0,0.0,40.0,42172,6
1698341401.638,73,5.0,14.0,82480.0,0.0,26.423187,24.0,3355440.0,0.0,40.0,0,6
1698341401.7380002,73,5.0,14.805555,216202.52,0.0,26.680965,24.0,10252253.0,0.0,40.0,42172,6
1698341401.838,73,5.0,15.0,42256.41,0.0,26.410534,24.0,1397846.1,0.0,0.0,0,6
1698341401.938,73,5.0,14.333333,121280.0,0.0,26.770945,24.0,6410800.0,0.0,40.0,72259,6
1698341402.038,73,5.0,13.478261,95253.33,0.0,26.56669,24.0,3818239.75,0.0,40.0,0,6
1698341402.138,73,5.0,13.786885,163459.45,4.347826,26.729631,24.0,8663243.0,0.0,40.0,72259,6
1698341402.2380002,73,5.0,13.510638,131200.0,0.0,26.578815,24.0,5406960.0,0.0,40.0,0,6
1698341402.338,73,5.0,13.9137945,183272.73,0.0,26.68848,24.0,9648727.0,0.0,40.0,72003,6
1698341402.438,73,5.0,13.833333,74787.88,0.0,26.456703,24.0,2946545.5,0.0,0.0,0,6
1698341402.538,73,5.0,14.475001,77120.0,0.0,26.797766,24.0,4359280.0,0.0,40.0,101852,6
1698341402.638,73,5.0,13.727275,141935.48,0.0,26.4758,24.0,5756516.0,0.0,40.0,0,6
1698341402.739,73,5.0,14.805555,124387.09,0.0,26.901367,24.0,7031096.5,0.0,40.0,101852,6
1698341402.838,73,5.0,14.34375,176160.0,0.0,26.657646,24.0,7458480.0,0.0,40.0,0,6
1698341402.9390001,73,5.0,14.047619,40145.453,20.0,27.290915,24.0,4195927.0,0.0,40.0,120538,6
1698341403.038,73,5.0,14.404255,214074.06,4.5454545,26.782839,24.0,8904444.0,0.0,40.0,0,6
1698341403.138,73,5.0,13.111111,27600.0,0.0,27.203787,24.0,2307760.0,0.0,40.0,120538,6
1698341403.2380002,73,5.0,13.777778,203450.97,0.0,26.75137,24.0,8590588.0,0.0,40.0,0,6
1698341403.338,73,5.0,0.0,0.0,0.0,29.030458,24.0,512480.0,0.0,40.0,140365,6
1698341403.438,73,5.0,13.825243,214160.0,0.0,26.79591,24.0,10257600.0,0.0,40.0,11738,6
1698341403.539,73,5.0,0.0,0.0,0.0,28.015598,24.0,545191.44,0.0,40.0,140365,6
1698341403.639,73,5.0,13.600001,227304.33,0.0,26.807722,24.0,10312695.0,0.0,40.0,11738,6
1698341403.7380002,73,5.0,15.0,38480.0,0.0,26.716053,24.0,1303920.0,0.0,0.0,0,6
1698341403.839,73,5.0,14.461538,243534.875,0.0,26.675999,24.0,10287069.0,0.0,40.0,42172,6
1698341403.938,73,5.0,0.0,0.0,0.0,0.0,0.0,0.0,0.0,0.0,0,6
1698341404.038,73,5.0,14.428572,170320.0,0.0,26.723553,24.0,8462320.0,0.0,40.0,41916,6
1698341404.138,73,0.1,0.0,0.0,0.0,0.0,0.0,0.0,0.0,0.0,0,6
1698341404.2380002,73,5.0,14.548388,234181.81,0.0,26.023443,24.0,10619636.0,0.0,40.0,72259,6
1698341404.338,73,5.0,14.481482,130693.06,4.0,26.408676,24.0,5353425.5,0.0,40.0,0,6
1698341404.438,73,5.0,13.423077,231483.86,0.0,26.154446,24.0,10271225.0,0.0,40.0,72259,6
1698341404.538,73,0.1,0.0,0.0,0.0,0.0,0.0,0.0,0.0,0.0,0,6
1698341404.639,73,5.0,14.487806,77120.0,0.0,26.750896,24.0,4359280.0,0.0,40.0,101852,6
1698341404.7380002,73,0.1,0.0,20615.385,0.0,0.0,0.0,0.0,0.0,0.0,0,6
1698341404.838,73,5.0,14.34375,232923.08,8.333333,26.590279,24.0,10355077.0,0.0,40.0,101852,6
1698341404.938,73,5.0,13.449275,175360.0,0.0,26.158812,24.0,7458480.0,0.0,40.0,0,6
1698341405.038,73,5.0,14.5625,119999.99,0.0,27.143032,24.0,9848347.0,0.0,0.0,120538,6
1698341405.138,73,0.1,14.0,222909.08,0.0,26.125742,24.0,6897817.5,0.0,0.0,0,6
1698341405.239,73,5.0,12.315789,32633.662,0.0,26.892462,24.0,2390653.5,0.0,40.0,120538,6
1698341405.338,73,0.1,15.0,173473.67,0.0,26.378723,24.0,6300631.0,0.0,0.0,0,6
1698341405.438,73,5.0,0.0,0.0,0.0,28.151234,24.0,1423555.5,0.0,40.0,140109,6
1698341405.539,73,5.0,13.459184,213200.0,2.5,26.785429,24.0,10257600.0,0.0,40.0,11738,6
1698341405.638,73,0.1,0.0,0.0,0.0,27.798534,24.0,2329454.25,0.0,40.0,140365,6
1698341405.7380002,73,0.1,10.75,301333.3,0.0,26.7173,24.0,11397333.0,0.0,0.0,11482,6
1698341405.838,73,5.0,15.0,37623.76,0.0,26.778801,24.0,1291009.9,0.0,0.0,0,6
1698341405.938,73,0.1,15.0,236571.42,0.0,26.95773,24.0,10680000.0,0.0,0.0,42172,6
1698341406.038,73,0.1,0.0,0.0,0.0,0.0,0.0,0.0,0.0,0.0,0,6
1698341406.139,73,5.0,14.202532,170640.0,0.0,26.451529,24.0,8462320.0,0.0,40.0,42172,6
1698341406.2380002,73,0.1,0.0,0.0,0.0,0.0,0.0,0.0,0.0,0.0,0,6
1698341406.338,73,0.1,0.0,276000.0,0.0,25.817652,24.0,10679999.0,0.0,0.0,72259,6
1698341406.438,73,5.0,13.78,130720.0,7.6923075,26.356188,24.0,5406960.0,0.0,40.0,0,6
1698341406.538,73,5.0,13.890625,109760.0,20.0,26.374317,24.0,6410800.0,0.0,40.0,72259,6
1698341406.638,73,5.0,13.9375,137777.77,7.4074073,26.168919,24.0,5353696.5,0.0,40.0,0,6
1698341406.7380002,73,5.0,13.6285715,72571.42,0.0,26.283052,24.0,4448244.5,0.0,40.0,101852,6
1698341406.838,73,5.0,13.466668,180240.0,5.714286,26.004665,24.0,7458480.0,0.0,40.0,0,6
1698341406.9390001,73,5.0,13.948718,80673.68,0.0,26.29007,24.0,4701136.5,0.0,40.0,101852,6
1698341407.038,73,5.0,13.916667,174297.86,11.764706,26.011293,24.0,7297787.0,0.0,40.0,0,6
1698341407.138,73,5.0,12.411765,27600.0,0.0,26.31418,24.0,2307760.0,0.0,40.0,120282,6
1698341407.2380002,73,5.0,13.671053,222505.48,2.631579,26.084455,24.0,9440703.0,0.0,40.0,0,6
1698341407.338,73,5.0,13.238095,24533.332,20.0,26.387405,24.0,2564177.75,0.0,40.0,120538,6
1698341407.438,73,5.0,14.211111,229440.0,4.5454545,26.140448,24.0,9510000.0,0.0,40.0,0,6
1698341407.538,73,5.0,0.0,0.0,0.0,27.328379,24.0,308722.875,0.0,40.0,140365,6
1698341407.638,73,5.0,13.564101,236345.67,2.7777777,26.028343,24.0,10394667.0,0.0,40.0,11738,6
1698341407.7380002,73,5.0,15.0,37623.76,0.0,26.252531,24.0,1544712.9,0.0,40.0,140365,6
1698341407.839,73,5.0,13.845071,229729.73,6.060606,26.15275,24.0,10280432.0,0.0,40.0,11738,6
1698341407.938,73,5.0,0.0,0.0,0.0,0.0,0.0,0.0,0.0,0.0,0,6
1698341408.038,73,5.0,14.227273,169840.0,6.060606,26.27657,24.0,8462320.0,0.0,40.0,42172,6
1698341408.138,73,5.0,0.0,23323.943,0.0,26.386787,24.0,542197.2,0.0,0.0,0,6
1698341408.2380002,73,5.0,13.140845,234057.14,0.0,26.053297,24.0,10257600.0,0.0,40.0,42172,6
1698341408.338,73,5.0,12.935484,81200.0,6.25,26.097343,24.0,3355440.0,0.0,40.0,0,6
1698341408.438,73,5.0,14.052631,191746.03,4.347826,26.098555,24.0,10108190.0,0.0,40.0,72259,6
1698341408.538,73,5.0,14.0,69079.37,0.0,25.916649,24.0,2408761.75,0.0,0.0,0,6
1698341408.639,73,5.0,13.686567,124910.89,14.814815,26.153992,24.0,6453069.0,0.0,40.0,72259,6
1698341408.7380002,73,5.0,15.0,64677.96,0.0,25.902822,24.0,2029016.75,0.0,0.0,0,6
1698341408.838,73,5.0,14.162162,132137.92,0.0,26.409052,24.0,7515999.5,0.0,40.0,101596,6
1698341408.938,73,5.0,12.905405,173920.0,8.571428,26.154371,24.0,7458480.0,0.0,40.0,0,6
1698341409.038,73,5.0,12.780489,138472.72,6.6666665,26.226597,24.0,7925963.0,0.0,40.0,101852,6
1698341409.138,73,5.0,12.56,130814.81,7.142857,25.93295,24.0,5105333.0,0.0,40.0,0,6
1698341409.2380002,73,5.0,12.571428,22303.03,20.0,26.636215,24.0,2331070.5,0.0,40.0,120538,6
1698341409.338,73,5.0,13.65,214274.5,0.0,25.94887,24.0,8800000.0,0.0,40.0,0,6
1698341409.438,73,5.0,12.722222,55200.0,0.0,26.440256,24.0,4615520.0,0.0,40.0,120538,6
1698341409.538,73,5.0,13.826087,223920.0,2.3809524,25.893297,24.0,9510000.0,0.0,40.0,0,6
1698341409.638,73,5.0,13.291667,58723.402,16.666666,26.326345,24.0,4910127.5,0.0,40.0,120538,6
1698341409.7380002,73,5.0,14.055555,206044.44,10.526316,26.102736,24.0,8643200.0,0.0,40.0,0,6
1698341409.839,73,5.0,0.0,0.0,0.0,27.144104,24.0,256240.0,0.0,40.0,140365,6
1698341409.938,73,5.0,13.621622,215368.4,6.25,26.088797,24.0,10516420.0,0.0,40.0,11738,6
1698341410.039,73,5.0,0.0,0.0,0.0,27.205576,24.0,955368.4,0.0,40.0,140621,6
1698341410.139,73,5.0,13.707069,213520.0,2.5,26.179281,24.0,10150800.0,0.0,40.0,11738,6
1698341410.2380002,73,5.0,0.0,0.0,0.0,0.0,0.0,0.0,0.0,0.0,0,6
1698341410.339,73,0.1,13.828571,225411.75,6.6666665,26.093554,24.0,10307294.0,0.0,0.0,42172,6
1698341410.438,73,5.0,13.111111,82505.05,0.0,26.082777,24.0,3281454.25,0.0,40.0,0,6
1698341410.539,73,0.1,13.757576,237999.98,0.0,26.08732,24.0,10284000.0,0.0,0.0,42428,6
1698341410.638,73,5.0,0.0,0.0,0.0,0.0,0.0,0.0,0.0,0.0,0,6
1698341410.7380002,73,5.0,13.8529415,115280.0,8.695652,26.271126,24.0,6410800.0,0.0,40.0,72259,6
1698341410.838,73,5.0,0.0,0.0,0.0,0.0,0.0,0.0,0.0,0.0,0,6
1698341410.9390001,73,0.1,13.24138,212307.69,16.666666,26.273727,24.0,10355077.0,0.0,40.0,72259,6
1698341411.038,73,5.0,13.034483,135280.0,7.4074073,26.200876,24.0,5406960.0,0.0,40.0,0,6
1698341411.138,73,0.1,13.888889,247999.98,0.0,26.191238,24.0,10295999.0,0.0,40.0,101852,6
1698341411.2380002,73,5.0,0.0,0.0,0.0,0.0,0.0,0.0,0.0,0.0,0,6
1698341411.338,73,5.0,13.871795,76640.0,0.0,27.015415,24.0,4359280.0,0.0,40.0,101852,6
1698341411.438,73,5.0,0.0,0.0,0.0,0.0,0.0,0.0,0.0,0.0,0,6
1698341411.539,73,0.1,13.0625,162352.94,0.0,26.677958,24.0,10811294.0,0.0,0.0,120538,6
1698341411.638,73,5.0,13.071428,220752.47,0.0,26.399857,24.0,9415841.0,0.0,40.0,0,6
1698341411.739,73,0.1,12.571428,171499.98,16.666666,26.231363,24.0,10416000.0,0.0,0.0,120538,6
1698341411.838,73,0.1,15.0,147200.0,0.0,25.85416,24.0,4702400.0,0.0,0.0,0,6
1698341411.938,73,5.0,0.0,0.0,0.0,28.475,24.0,256240.0,0.0,40.0,140365,6
1698341412.038,73,0.1,12.2,273333.34,0.0,26.877293,24.0,12460000.0,0.0,0.0,11738,6
1698341412.138,73,0.1,0.0,0.0,0.0,26.564972,24.0,3560000.0,0.0,0.0,140365,6
1698341412.2380002,73,5.0,13.794394,214000.0,7.142857,26.449514,24.0,10257600.0,0.0,40.0,11738,6
1698341412.338,73,0.1,0.0,0.0,0.0,0.0,0.0,0.0,0.0,0.0,0,6
1698341412.438,73,0.1,0.0,276000.0,0.0,26.33752,24.0,10679999.0,0.0,0.0,42172,6
1698341412.538,73,5.0,12.966666,81680.0,6.25,26.564478,24.0,3355440.0,0.0,40.0,0,6
1698341412.639,73,5.0,13.987498,169840.0,3.125,26.281868,24.0,8462320.0,0.0,40.0,42172,6
1698341412.7380002,73,5.0,12.625,83346.94,0.0,26.213034,24.0,3205959.0,0.0,40.0,0,6
1698341412.838,73,5.0,14.461538,125030.92,0.0,26.600574,24.0,6609072.0,0.0,40.0,72259,6
1698341412.938,73,5.0,13.732142,129900.984,4.0,26.478134,24.0,5353425.5,0.0,40.0,0,6
1698341413.038,73,5.0,14.126985,129021.27,4.347826,26.616196,24.0,6819999.5,0.0,40.0,72259,6
1698341413.138,73,5.0,14.475,122978.72,0.0,26.309875,24.0,5115319.0,0.0,40.0,0,6
1698341413.239,73,5.0,14.533334,77120.0,6.6666665,26.630735,24.0,4359280.0,0.0,40.0,101852,6
1698341413.338,73,5.0,13.612904,170666.66,0.0,26.453592,24.0,7147466.5,0.0,40.0,0,6
1698341413.438,73,5.0,14.674418,86651.69,0.0,26.707714,24.0,4898067.5,0.0,40.0,101852,6
1698341413.538,73,5.0,13.89041,175360.0,3.030303,26.359776,24.0,7458480.0,0.0,40.0,0,6
1698341413.638,73,5.0,13.95,32093.021,0.0,26.644192,24.0,2683441.75,0.0,40.0,120538,6
1698341413.7380002,73,5.0,13.739727,222604.64,5.4054055,26.377897,24.0,9417767.0,0.0,40.0,0,6
1698341413.838,73,5.0,12.823529,27600.0,0.0,27.241201,24.0,2307760.0,0.0,40.0,120538,6
1698341413.938,73,5.0,14.461538,225542.16,0.0,26.39561,24.0,9372144.0,0.0,40.0,0,6
1698341414.038,73,5.0,0.0,0.0,0.0,28.315298,24.0,312487.78,0.0,40.0,140365,6
1698341414.138,73,5.0,13.923076,214000.0,7.142857,27.11431,24.0,10257600.0,0.0,40.0,11738,6
1698341414.2380002,73,5.0,0.0,0.0,0.0,28.571589,24.0,324354.4,0.0,40.0,140365,6
1698341414.338,73,5.0,13.116281,230256.4,8.333333,27.035015,24.0,10246769.0,0.0,40.0,11738,6
1698341414.438,73,5.0,15.0,43520.0,0.0,26.65425,24.0,1303920.0,0.0,0.0,0,6
1698341414.538,73,5.0,14.0,226453.33,0.0,26.753206,24.0,10285760.0,0.0,40.0,42172,6
1698341414.638,73,5.0,0.0,29837.838,0.0,26.830898,24.0,953189.2,0.0,0.0,0,6
1698341414.7380002,73,5.0,13.855422,169840.0,3.125,26.929966,24.0,8462320.0,0.0,40.0,42172,6
1698341414.838,73,5.0,0.0,23323.943,0.0,26.621368,24.0,542197.2,0.0,0.0,0,6
1698341414.938,73,5.0,14.38,172571.42,0.0,26.700066,24.0,9097371.0,0.0,40.0,72259,6
1698341415.038,73,5.0,13.770833,131360.0,4.0,26.712337,24.0,5406960.0,0.0,40.0,0,6
1698341415.139,73,5.0,13.807693,190730.16,0.0,26.896759,24.0,10108190.0,0.0,40.0,72259,6
1698341415.2380002,73,5.0,13.6,70967.74,0.0,26.55687,24.0,2447612.75,0.0,0.0,0,6
1698341415.338,73,5.0,14.8,77120.0,0.0,26.831577,24.0,4359280.0,0.0,40.0,101852,6
1698341415.438,73,5.0,13.727273,139796.6,0.0,26.65889,24.0,5506169.0,0.0,40.0,0,6
1698341415.54,73,5.0,14.631579,132965.52,0.0,26.843445,24.0,7515999.5,0.0,40.0,101852,6
1698341415.638,73,5.0,14.257576,176160.0,0.0,26.73637,24.0,7458480.0,0.0,40.0,0,6
1698341415.7380002,73,5.0,13.571428,43294.117,20.0,27.278059,24.0,4525019.5,0.0,40.0,120538,6
1698341415.838,73,5.0,14.2,205019.6,0.0,26.751472,24.0,8590588.0,0.0,40.0,0,6
1698341415.938,73,5.0,14.086957,27600.0,0.0,27.320646,24.0,2307760.0,0.0,40.0,120538,6
1698341416.038,73,5.0,14.0,217488.36,0.0,26.7614,24.0,8548465.0,0.0,40.0,0,6
1698341416.138,73,5.0,0.0,0.0,0.0,28.12389,24.0,610095.2,0.0,40.0,140365,6
1698341416.2380002,73,5.0,14.443182,214800.0,0.0,26.984993,24.0,10257600.0,0.0,40.0,11738,6
1698341416.339,73,5.0,0.0,0.0,0.0,29.03423,24.0,657025.6,0.0,40.0,140365,6
1698341416.438,73,5.0,14.487804,237837.83,0.0,26.997076,24.0,10512000.0,0.0,40.0,11738,6
1698341416.538,73,5.0,15.0,38099.008,0.0,26.793087,24.0,1291009.9,0.0,0.0,0,6
1698341416.638,73,5.0,14.461538,236114.28,0.0,26.961176,24.0,10317943.0,0.0,0.0,42172,6
1698341416.7380002,73,0.1,0.0,0.0,0.0,0.0,0.0,0.0,0.0,0.0,0,6
1698341416.839,73,5.0,14.64557,169108.9,0.0,27.236423,24.0,8484277.0,0.0,40.0,42172,6
1698341416.938,73,0.1,0.0,0.0,0.0,0.0,0.0,0.0,0.0,0.0,0,6
1698341417.038,73,5.0,13.181818,235999.98,7.142857,27.032684,24.0,10257600.0,0.0,0.0,42172,6
1698341417.138,73,5.0,12.633333,81200.0,0.0,27.249014,24.0,3355440.0,0.0,40.0,0,6
1698341417.2380002,73,5.0,14.222222,224888.89,0.0,26.7933,24.0,10367111.0,0.0,40.0,72259,6
1698341417.338,73,0.1,0.0,0.0,0.0,0.0,0.0,0.0,0.0,0.0,0,6
1698341417.438,73,5.0,14.333333,122505.04,0.0,26.778233,24.0,6475555.0,0.0,40.0,72259,6
1698341417.538,73,0.1,0.0,0.0,0.0,0.0,0.0,0.0,0.0,0.0,0,6
1698341417.638,73,5.0,14.631579,250181.8,0.0,26.720535,24.0,10295999.0,0.0,40.0,101852,6
1698341417.7380002,73,5.0,13.433333,174400.0,3.030303,26.831472,24.0,7458480.0,0.0,40.0,0,6
1698341417.838,73,5.0,13.764706,230736.83,0.0,26.856855,24.0,9673263.0,0.0,40.0,101852,6
1698341417.938,73,0.1,0.0,0.0,0.0,0.0,0.0,0.0,0.0,0.0,0,6
1698341418.038,73,5.0,13.277778,22080.0,20.0,27.227488,24.0,2307760.0,0.0,40.0,120538,6
1698341418.138,73,0.1,15.0,180800.0,0.0,26.81247,24.0,5414400.0,0.0,0.0,0,6
1698341418.239,73,0.1,11.846154,197142.84,0.0,27.498964,24.0,10378285.0,0.0,0.0,120538,6
1698341418.338,73,5.0,14.395349,224160.0,0.0,26.99212,24.0,9510000.0,0.0,40.0,0,6
1698341418.438,73,0.1,0.0,0.0,0.0,26.685995,24.0,3560000.0,0.0,0.0,140365,6
1698341418.538,73,0.1,0.0,211199.98,0.0,27.182178,24.0,10679999.0,0.0,0.0,11738,6
1698341418.638,73,5.0,15.0,38000.0,0.0,27.474728,24.0,1560160.0,0.0,40.0,140365,6
1698341418.7380002,73,0.1,9.75,184000.0,0.0,26.731436,24.0,10680000.0,0.0,0.0,11738,6
1698341418.838,73,0.1,0.0,0.0,0.0,0.0,0.0,0.0,0.0,0.0,0,6
1698341418.938,73,5.0,14.611111,170800.0,0.0,26.661829,24.0,8462320.0,0.0,40.0,42172,6
1698341419.038,73,5.0,13.866667,82160.0,11.764706,26.435234,24.0,3355440.0,0.0,40.0,0,6
1698341419.138,73,5.0,14.291667,165979.78,3.2258065,26.778666,24.0,8547797.0,0.0,40.0,42172,6
1698341419.2380002,73,5.0,13.36,83346.94,0.0,26.764584,24.0,3205959.0,0.0,40.0,0,6
1698341419.338,73,5.0,13.907692,120960.0,4.347826,26.738567,24.0,6410800.0,0.0,40.0,72259,6
1698341419.438,73,5.0,14.125,120967.02,0.0,26.668583,24.0,4931868.0,0.0,40.0,0,6
1698341419.538,73,5.0,14.396552,134755.55,0.0,26.80694,24.0,7123111.0,0.0,40.0,72259,6
1698341419.638,73,5.0,14.44,132000.0,0.0,26.727526,24.0,5406960.0,0.0,40.0,0,6
1698341419.7380002,73,5.0,14.475001,88643.67,0.0,26.908094,24.0,5010666.5,0.0,40.0,101852,6
1698341419.838,73,5.0,13.901962,166325.58,0.0,26.562733,24.0,7032279.0,0.0,40.0,0,6
1698341419.9390001,73,5.0,14.475001,77120.0,0.0,26.947983,24.0,4359280.0,0.0,40.0,101852,6
1698341420.038,73,5.0,13.740741,164722.89,3.8461537,26.694258,24.0,6771758.5,0.0,40.0,0,6
1698341420.138,73,5.0,13.210526,33658.535,0.0,27.229008,24.0,2814341.5,0.0,40.0,120538,6
1698341420.2380002,73,5.0,14.662651,225200.0,0.0,26.724045,24.0,9510000.0,0.0,40.0,0,6
1698341420.338,73,5.0,14.5625,36800.0,0.0,27.30604,24.0,3077013.25,0.0,40.0,120538,6
1698341420.438,73,5.0,13.95,219733.33,0.0,26.690912,24.0,9146560.0,0.0,40.0,0,6
1698341420.539,73,5.0,0.0,0.0,0.0,28.184616,24.0,359445.53,0.0,40.0,140365,6
1698341420.638,73,5.0,14.148648,228228.58,0.0,26.906464,24.0,10257600.0,0.0,40.0,11738,6
1698341420.7380002,73,5.0,0.0,0.0,0.0,27.899706,24.0,371362.28,0.0,40.0,140109,6
1698341420.839,73,5.0,14.336843,216969.69,0.0,26.765272,24.0,10361211.0,0.0,40.0,11738,6
1698341420.938,73,5.0,0.0,0.0,0.0,0.0,0.0,0.0,0.0,0.0,0,6
1698341421.038,73,5.0,13.9838705,233454.55,0.0,26.748854,24.0,10296000.0,0.0,40.0,42172,6
1698341421.138,73,5.0,13.962963,82320.0,0.0,26.741287,24.0,3355440.0,0.0,40.0,0,6
1698341421.2380002,73,5.0,14.288136,232813.55,0.0,26.79312,24.0,10069423.0,0.0,40.0,42172,6
1698341421.338,73,5.0,0.0,0.0,0.0,0.0,0.0,0.0,0.0,0.0,0,6
1698341421.438,73,5.0,14.548388,121280.0,0.0,26.99555,24.0,6410800.0,0.0,40.0,72259,6
1698341421.538,73,5.0,0.0,32470.586,0.0,26.706043,24.0,754823.5,0.0,0.0,0,6
1698341421.639,73,5.0,14.145833,236862.73,4.347826,26.932503,24.0,10056470.0,0.0,40.0,72259,6
1698341421.7380002,73,5.0,14.333333,127919.18,0.0,26.8373,24.0,5353696.5,0.0,40.0,0,6
1698341421.838,73,5.0,13.666667,178976.73,0.0,26.795527,24.0,10038697.0,0.0,40.0,101852,6
1698341421.938,73,5.0,13.25,104761.9,0.0,26.838884,24.0,3613142.5,0.0,0.0,0,6
1698341422.038,73,5.0,14.658537,77120.0,0.0,26.96305,24.0,4359280.0,0.0,40.0,101852,6
1698341422.138,73,5.0,15.0,84512.82,0.0,26.84519,24.0,3069538.5,0.0,0.0,0,6
1698341422.239,73,5.0,13.636364,70769.23,16.666666,27.350609,24.0,6191179.5,0.0,40.0,120538,6
1698341422.338,73,5.0,14.158537,227151.5,0.0,26.903975,24.0,9498181.0,0.0,40.0,0,6
1698341422.438,73,5.0,13.764706,83636.37,0.0,27.700125,24.0,6993212.0,0.0,40.0,120538,6
1698341422.538,73,0.1,11.8,201828.58,0.0,26.74963,24.0,7876800.0,0.0,40.0,0,6
1698341422.638,73,5.0,0.0,0.0,0.0,29.475351,24.0,256240.0,0.0,40.0,140365,6
1698341422.7380002,73,0.1,12.685715,237599.98,7.142857,27.05504,24.0,10613600.0,0.0,40.0,11482,6
1698341422.838,73,5.0,0.0,0.0,0.0,28.30542,24.0,854133.3,0.0,40.0,140365,6
1698341422.94,73,5.0,13.615385,216712.86,2.4390244,26.788515,24.0,10261782.0,0.0,40.0,11738,6
1698341423.038,73,5.0,0.0,0.0,0.0,0.0,0.0,0.0,0.0,0.0,0,6
1698341423.138,73,0.1,13.888889,231076.92,0.0,26.764116,24.0,10355077.0,0.0,0.0,42172,6
1698341423.2380002,73,5.0,13.645164,82480.0,0.0,26.719488,24.0,3355440.0,0.0,40.0,0,6
1698341423.339,73,0.1,15.0,231578.94,0.0,26.91987,24.0,10797473.0,0.0,0.0,42428,6
1698341423.438,73,5.0,0.0,0.0,0.0,0.0,0.0,0.0,0.0,0.0,0,6
1698341423.538,73,5.0,14.083333,115760.0,8.695652,27.293049,24.0,6410800.0,0.0,40.0,72259,6
1698341423.638,73,0.1,0.0,0.0,0.0,0.0,0.0,0.0,0.0,0.0,0,6
1698341423.739,73,0.1,14.416667,236571.42,0.0,27.195858,24.0,10378285.0,0.0,0.0,72259,6
1698341423.838,73,5.0,13.478261,131680.0,0.0,27.0179,24.0,5406960.0,0.0,40.0,0,6
1698341423.9390001,73,0.1,15.0,184000.0,0.0,27.344946,24.0,9438000.0,0.0,40.0,101852,6
1698341424.038,73,0.1,0.0,0.0,0.0,0.0,0.0,0.0,0.0,0.0,0,6
1698341424.138,73,5.0,14.815789,77120.0,0.0,27.43994,24.0,4359280.0,0.0,40.0,101852,6
1698341424.2380002,73,0.1,0.0,0.0,0.0,0.0,0.0,0.0,0.0,0.0,0,6
1698341424.338,73,0.1,0.0,276000.0,0.0,26.806381,24.0,10679999.0,0.0,40.0,101852,6
1698341424.438,73,5.0,13.563382,174880.0,8.571428,26.665901,24.0,7458480.0,0.0,40.0,0,6
1698341424.538,73,5.0,12.45,27600.0,0.0,27.531923,24.0,2307760.0,0.0,40.0,120538,6
1698341424.638,73,5.0,13.193548,220916.67,7.142857,26.886599,24.0,9505250.0,0.0,40.0,0,6
1698341424.739,73,5.0,12.95,29052.629,0.0,26.768778,24.0,2429221.0,0.0,40.0,120538,6
1698341424.838,73,5.0,13.776596,223920.0,4.6511626,26.733494,24.0,9510000.0,0.0,40.0,0,6
1698341424.938,73,5.0,0.0,0.0,0.0,27.375183,24.0,284711.1,0.0,40.0,140365,6
1698341425.038,73,5.0,13.566666,231111.11,0.0,26.896015,24.0,10257600.0,0.0,40.0,11738,6
1698341425.138,73,5.0,15.0,38480.0,12.5,26.766119,24.0,1560160.0,0.0,40.0,140365,6
1698341425.2380002,73,5.0,13.449438,235441.86,2.631579,27.033833,24.0,10287069.0,0.0,40.0,11738,6
1698341425.338,73,5.0,0.0,0.0,0.0,0.0,0.0,0.0,0.0,0.0,0,6
1698341425.438,73,5.0,14.155844,170320.0,0.0,27.170609,24.0,8462320.0,0.0,40.0,42172,6
1698341425.538,73,5.0,15.0,41721.516,0.0,26.97102,24.0,1515341.75,0.0,0.0,0,6
1698341425.639,73,5.0,14.636364,216202.52,3.125,26.93721,24.0,10252253.0,0.0,40.0,42172,6
1698341425.7380002,73,5.0,13.24,82505.05,0.0,26.895113,24.0,3281454.25,0.0,40.0,0,6
1698341425.838,73,5.0,14.353847,163891.89,0.0,26.90045,24.0,8663243.0,0.0,40.0,72259,6
1698341425.938,73,5.0,13.173913,96540.54,0.0,26.619452,24.0,3725513.5,0.0,40.0,0,6
1698341426.038,73,5.0,14.40678,121280.0,0.0,26.89825,24.0,6410800.0,0.0,40.0,72259,6
1698341426.138,73,5.0,13.588235,83943.66,0.0,26.487656,24.0,3431661.75,0.0,40.0,0,6
1698341426.2380002,73,5.0,14.447369,110171.43,0.0,26.971947,24.0,6227543.0,0.0,40.0,101852,6
1698341426.338,73,5.0,14.555555,176160.0,0.0,26.81933,24.0,7458480.0,0.0,40.0,0,6
1698341426.438,73,5.0,14.487806,116848.484,0.0,27.081013,24.0,6604969.5,0.0,40.0,101852,6
1698341426.538,73,6.0,13.515152,149575.77,0.0,26.879519,24.0,6054909.0,0.0,40.0,0,6
1698341426.638,73,5.0,14.363636,27600.0,0.0,27.305286,24.0,2307760.0,0.0,40.0,120538,6
1698341426.7380002,73,5.0,14.377778,214372.86,0.0,26.790953,24.0,8983321.0,0.0,40.0,0,6
1698341426.838,73,5.0,14.5625,47586.207,0.0,27.298616,24.0,3978896.5,0.0,40.0,120538,6
1698341426.938,73,5.0,14.42353,225680.0,0.0,26.79481,24.0,9510000.0,0.0,40.0,0,6
1698341427.038,73,5.0,0.0,0.0,0.0,27.851063,24.0,474518.5,0.0,40.0,140365,6
1698341427.138,73,5.0,13.519232,229672.72,0.0,26.96122,24.0,10101818.0,0.0,40.0,11738,6
1698341427.2380002,73,5.0,15.0,38480.0,0.0,27.083147,24.0,1560160.0,0.0,40.0,140365,6
1698341427.339,73,5.0,13.687501,240833.33,0.0,26.787596,24.0,10328000.0,0.0,40.0,11994,6
1698341427.438,73,5.0,0.0,0.0,0.0,0.0,0.0,0.0,0.0,0.0,0,6
1698341427.539,73,5.0,14.794118,170800.0,0.0,26.951216,24.0,8462320.0,0.0,40.0,42172,6
1698341427.638,73,5.0,0.0,0.0,0.0,0.0,0.0,0.0,0.0,0.0,0,6
1698341427.7380002,73,5.0,14.48718,235428.55,5.263158,26.984308,24.0,10277714.0,0.0,40.0,42172,6
1698341427.838,73,5.0,12.96,81680.0,0.0,26.751535,24.0,3355440.0,0.0,40.0,0,6
1698341427.938,73,5.0,13.2972975,225230.77,0.0,26.915771,24.0,9972923.0,0.0,40.0,72259,6
1698341428.038,73,5.0,0.0,0.0,0.0,0.0,0.0,0.0,0.0,0.0,0,6
1698341428.139,73,5.0,14.481482,121280.0,0.0,27.073896,24.0,6410800.0,0.0,40.0,72259,6
1698341428.2380002,73,5.0,0.0,0.0,0.0,0.0,0.0,0.0,0.0,0.0,0,6
1698341428.338,73,0.1,14.34375,226823.52,0.0,26.926773,24.0,10307294.0,0.0,40.0,101852,6
1698341428.438,73,5.0,14.088235,175840.0,3.030303,26.73759,24.0,7458480.0,0.0,40.0,0,6
1698341428.539,73,0.1,13.580646,237066.66,0.0,26.976315,24.0,10257600.0,0.0,40.0,101852,6
1698341428.638,73,5.0,0.0,38068.965,0.0,27.332054,24.0,590896.5,0.0,0.0,0,6
1698341428.739,73,5.0,14.176471,27600.0,0.0,27.210136,24.0,2307760.0,0.0,40.0,120538,6
1698341428.838,73,5.0,13.727273,203259.25,0.0,26.67375,24.0,7598222.0,0.0,0.0,0,6
1698341428.938,73,0.1,13.95,106153.84,0.0,26.894789,24.0,8712000.0,0.0,0.0,120538,6
1698341429.038,73,5.0,14.197531,222653.45,2.3809524,26.807682,24.0,9415841.0,0.0,40.0,0,6
1698341429.138,73,0.1,0.0,0.0,0.0,28.347427,24.0,1348631.5,0.0,40.0,140365,6
1698341429.2380002,73,5.0,12.666667,244444.42,0.0,27.029812,24.0,10210666.0,0.0,40.0,11482,6
1698341429.338,73,5.0,15.0,38480.0,0.0,26.906706,24.0,1560160.0,0.0,40.0,140365,6
1698341429.438,73,0.1,14.363636,219733.33,0.0,26.90503,24.0,10398400.0,0.0,40.0,11738,6
1698341429.538,73,0.1,0.0,0.0,0.0,0.0,0.0,0.0,0.0,0.0,0,6
1698341429.638,73,5.0,14.428572,170480.0,3.125,26.904558,24.0,8462320.0,0.0,40.0,42172,6
1698341429.7380002,73,0.1,0.0,0.0,0.0,0.0,0.0,0.0,0.0,0.0,0,6
1698341429.838,73,0.1,13.727273,219199.98,0.0,26.518913,24.0,9189599.0,0.0,0.0,42172,6
1698341429.938,73,5.0,13.833333,82320.0,0.0,26.600922,24.0,3355440.0,0.0,40.0,0,6
1698341430.038,73,0.1,0.0,184000.0,0.0,26.325354,24.0,10680000.0,0.0,0.0,72259,6
1698341430.138,73,0.1,0.0,0.0,0.0,0.0,0.0,0.0,0.0,0.0,0,6
1698341430.2380002,73,5.0,14.725491,121280.0,0.0,27.11515,24.0,6410800.0,0.0,40.0,72259,6
1698341430.338,73,5.0,14.553191,132000.0,0.0,26.796007,24.0,5406960.0,0.0,40.0,0,6
1698341430.438,73,5.0,14.666667,82042.55,0.0,26.997404,24.0,4637531.5,0.0,40.0,101852,6
1698341430.538,73,5.0,13.537313,175319.14,0.0,26.761227,24.0,7297787.0,0.0,40.0,0,6
1698341430.638,73,5.0,13.710526,76960.0,0.0,26.965685,24.0,4359280.0,0.0,40.0,101852,6
1698341430.7380002,73,5.0,14.050847,170758.61,0.0,26.769442,24.0,7074206.5,0.0,40.0,0,6
1698341430.838,73,5.0,14.125,32093.021,0.0,27.260406,24.0,2683441.75,0.0,40.0,120538,6
1698341430.938,73,5.0,14.583333,225680.0,0.0,26.794159,24.0,9510000.0,0.0,40.0,0,6
1698341431.038,73,5.0,13.833333,35384.613,0.0,27.30914,24.0,2958666.5,0.0,40.0,120538,6
1698341431.138,73,5.0,14.183333,225846.16,0.0,26.728125,24.0,9288308.0,0.0,40.0,0,6
1698341431.2380002,73,5.0,0.0,0.0,0.0,28.365648,24.0,256240.0,0.0,40.0,140365,6
1698341431.338,73,5.0,12.972973,233386.66,5.882353,26.90265,24.0,10285760.0,0.0,40.0,11738,6
1698341431.438,73,5.0,0.0,0.0,0.0,28.128893,24.0,346270.28,0.0,40.0,140365,6
1698341431.538,73,5.0,13.920455,213520.0,2.5,26.892382,24.0,10257600.0,0.0,40.0,11738,6
1698341431.638,73,5.0,0.0,0.0,0.0,28.25035,24.0,388242.44,0.0,40.0,140365,6
1698341431.7380002,73,5.0,13.836065,232727.28,3.4482758,26.784195,24.0,10296000.0,0.0,40.0,11738,6
1698341431.838,73,5.0,15.0,38000.0,0.0,26.643223,24.0,1303920.0,0.0,0.0,0,6
1698341431.938,73,5.0,14.66129,237379.3,0.0,26.747221,24.0,10243034.0,0.0,40.0,42172,6
1698341432.038,73,5.0,0.0,0.0,0.0,0.0,0.0,0.0,0.0,0.0,0,6
1698341432.138,73,5.0,14.363636,121280.0,0.0,27.167398,24.0,6410800.0,0.0,40.0,72259,6
1698341432.2380002,73,5.0,0.0,40888.887,0.0,26.736622,24.0,1306222.25,0.0,0.0,0,6
1698341432.338,73,5.0,13.672132,232615.375,4.347826,26.848173,24.0,10273846.0,0.0,40.0,72259,6
1698341432.438,73,5.0,13.666667,130720.0,7.6923075,26.76213,24.0,5406960.0,0.0,40.0,0,6
1698341432.538,73,5.0,14.12766,226608.67,0.0,26.944962,24.0,10312695.0,0.0,40.0,72003,6
1698341432.638,73,5.0,0.0,0.0,0.0,0.0,0.0,0.0,0.0,0.0,0,6
1698341432.7380002,73,5.0,14.055555,76640.0,0.0,27.10403,24.0,4359280.0,0.0,40.0,101852,6
1698341432.838,73,5.0,13.833333,104761.9,0.0,26.835913,24.0,3613142.5,0.0,0.0,0,6
1698341432.938,73,5.0,14.810811,188097.56,0.0,27.030252,24.0,10267902.0,0.0,40.0,101852,6
1698341433.038,73,5.0,14.555555,176160.0,0.0,26.847689,24.0,7458480.0,0.0,40.0,0,6
1698341433.138,73,0.1,14.5,81176.47,0.0,27.372026,24.0,6787529.0,0.0,40.0,120538,6
1698341433.2380002,73,5.0,14.086957,210588.22,0.0,26.66824,24.0,8108470.0,0.0,40.0,0,6
1698341433.338,73,5.0,14.176471,27600.0,0.0,27.209288,24.0,2307760.0,0.0,40.0,120538,6
1698341433.438,73,5.0,13.764706,203259.25,0.0,26.849525,24.0,7598222.0,0.0,0.0,0,6
1698341433.538,73,0.1,0.0,0.0,0.0,27.91908,24.0,985538.44,0.0,40.0,140365,6
1698341433.638,73,5.0,14.404254,214800.0,0.0,26.94056,24.0,10257600.0,0.0,40.0,11738,6
1698341433.7380002,73,0.1,0.0,0.0,0.0,28.138641,24.0,1164727.1,0.0,40.0,140365,6
1698341433.838,73,5.0,13.055555,225090.89,0.0,26.944351,24.0,10295999.0,0.0,40.0,11738,6
1698341433.938,73,5.0,15.0,38480.0,0.0,26.44397,24.0,1303920.0,0.0,0.0,0,6
1698341434.038,73,5.0,15.0,231578.94,0.0,26.983038,24.0,9673263.0,0.0,0.0,42172,6
1698341434.138,73,0.1,0.0,0.0,0.0,0.0,0.0,0.0,0.0,0.0,0,6
1698341434.2380002,73,5.0,14.611111,172525.23,0.0,26.96241,24.0,8547797.0,0.0,40.0,42172,6
1698341434.338,73,0.1,0.0,0.0,0.0,0.0,0.0,0.0,0.0,0.0,0,6
1698341434.438,73,0.1,10.111111,275999.97,0.0,26.81755,24.0,10257599.0,0.0,0.0,72259,6
1698341434.538,73,5.0,14.270833,131520.0,0.0,26.917496,24.0,5406960.0,0.0,40.0,0,6
1698341434.638,73,0.1,12.666667,184000.0,0.0,27.03081,24.0,10680000.0,0.0,0.0,72259,6
1698341434.7380002,73,0.1,0.0,0.0,0.0,0.0,0.0,0.0,0.0,0.0,0,6
1698341434.838,73,5.0,14.46154,77120.0,0.0,27.080862,24.0,4359280.0,0.0,40.0,101596,6
1698341434.938,73,0.1,0.0,0.0,0.0,0.0,0.0,0.0,0.0,0.0,0,6
1698341435.038,73,0.1,15.0,276000.0,0.0,26.512878,24.0,10679999.0,0.0,40.0,101852,6
1698341435.138,73,5.0,14.125,176160.0,0.0,26.870697,24.0,7458480.0,0.0,40.0,0,6
1698341435.239,73,5.0,14.263158,27878.785,0.0,27.301785,24.0,2331070.5,0.0,40.0,120538,6
1698341435.338,73,5.0,14.333333,222638.28,0.0,26.853693,24.0,9480255.0,0.0,40.0,0,6
1698341435.438,73,5.0,14.263158,29361.701,0.0,27.198782,24.0,2455063.75,0.0,40.0,120538,6
1698341435.538,73,5.0,14.556962,225680.0,0.0,26.814325,24.0,9510000.0,0.0,40.0,0,6
1698341435.638,73,5.0,0.0,0.0,0.0,28.603312,24.0,284711.1,0.0,40.0,140365,6
1698341435.7380002,73,5.0,14.172043,232533.33,0.0,27.094809,24.0,10257600.0,0.0,40.0,11738,6
1698341435.838,73,5.0,15.0,38480.0,0.0,26.966148,24.0,1560160.0,0.0,40.0,140365,6
1698341435.938,73,5.0,13.727274,234634.14,0.0,26.910866,24.0,10267902.0,0.0,40.0,11738,6
1698341436.038,73,5.0,0.0,0.0,0.0,0.0,0.0,0.0,0.0,0.0,0,6
1698341436.138,73,5.0,14.421053,170000.0,3.125,26.97818,24.0,8462320.0,0.0,40.0,42172,6
1698341436.2380002,73,5.0,15.0,42256.41,0.0,26.696955,24.0,1397846.1,0.0,0.0,0,6
1698341436.338,73,5.0,14.66129,221818.16,0.0,26.879387,24.0,10295999.0,0.0,40.0,42172,6
1698341436.438,73,5.0,13.962963,82480.0,0.0,26.718271,24.0,3355440.0,0.0,40.0,0,6
1698341436.538,73,5.0,14.481482,163891.89,0.0,26.730894,24.0,8663243.0,0.0,40.0,72259,6
1698341436.638,73,5.0,13.782609,96540.54,0.0,26.681137,24.0,3725513.5,0.0,40.0,0,6
1698341436.7380002,73,5.0,13.483334,120000.0,4.347826,26.811563,24.0,6410800.0,0.0,40.0,72259,6
1698341436.838,73,5.0,14.045455,85070.42,0.0,26.460316,24.0,3431661.75,0.0,40.0,0,6
1698341436.938,73,6.0,14.522727,110171.43,0.0,26.938848,24.0,6227543.0,0.0,40.0,101852,6
1698341437.038,73,5.0,14.176471,176160.0,0.0,26.623156,24.0,7458480.0,0.0,40.0,0,6
1698341437.138,73,5.0,14.533334,124387.09,0.0,26.663027,24.0,7031096.5,0.0,40.0,101852,6
1698341437.2380002,73,5.0,13.6875,139682.53,0.0,26.666494,24.0,5665143.0,0.0,40.0,0,6
1698341437.338,73,5.0,14.611111,27878.785,0.0,27.167885,24.0,2331070.5,0.0,40.0,120538,6
1698341437.438,73,5.0,14.511628,214372.86,0.0,26.594212,24.0,8983321.0,0.0,40.0,0,6
1698341437.539,73,5.0,13.894737,56135.59,0.0,27.305716,24.0,4092474.25,0.0,40.0,120794,6
1698341437.638,73,5.0,14.409638,222383.83,0.0,26.753323,24.0,9498181.0,0.0,40.0,0,6
1698341437.7380002,73,5.0,0.0,0.0,0.0,28.525187,24.0,512480.0,0.0,40.0,140365,6
1698341437.838,73,5.0,13.557693,235265.3,4.5454545,26.699682,24.0,10248979.0,0.0,40.0,11738,6
1698341437.938,73,5.0,15.0,38000.0,0.0,26.705032,24.0,1560160.0,0.0,40.0,140365,6
1698341438.038,73,5.0,13.979167,234212.75,0.0,26.648764,24.0,10320510.0,0.0,40.0,11738,6
1698341438.138,73,5.0,0.0,0.0,0.0,0.0,0.0,0.0,0.0,0.0,0,6
1698341438.2380002,73,5.0,14.475001,170800.0,0.0,26.855663,24.0,8462320.0,0.0,40.0,42172,6
1698341438.338,73,5.0,0.0,0.0,0.0,0.0,0.0,0.0,0.0,0.0,0,6
1698341438.438,73,5.0,14.511629,236190.45,0.0,26.793268,24.0,10277714.0,0.0,40.0,42172,6
1698341438.538,73,5.0,13.551724,82480.0,0.0,26.755854,24.0,3355440.0,0.0,40.0,0,6
1698341438.639,73,5.0,14.611111,240205.125,0.0,26.641848,24.0,10246769.0,0.0,40.0,72259,6
1698341438.7380002,73,0.1,0.0,0.0,0.0,0.0,0.0,0.0,0.0,0.0,0,6
1698341438.838,73,5.0,14.481482,121280.0,0.0,26.890394,24.0,6410800.0,0.0,40.0,72259,6
1698341438.938,73,0.1,0.0,0.0,0.0,0.0,0.0,0.0,0.0,0.0,0,6
1698341439.038,73,5.0,14.548388,238666.66,0.0,26.845076,24.0,10257600.0,0.0,40.0,101852,6
1698341439.138,73,5.0,14.222222,176160.0,0.0,26.666157,24.0,7458480.0,0.0,40.0,0,6
1698341439.239,73,5.0,14.222222,229333.33,0.0,26.850172,24.0,10328000.0,0.0,40.0,101852,6
1698341439.338,73,0.1,0.0,0.0,0.0,0.0,0.0,0.0,0.0,0.0,0,6
1698341439.438,73,5.0,13.536586,76320.0,6.6666665,26.999191,24.0,4359280.0,0.0,40.0,101852,6
1698341439.538,73,0.1,0.0,0.0,0.0,0.0,0.0,0.0,0.0,0.0,0,6
1698341439.638,73,0.1,13.833333,197142.84,0.0,27.05212,24.0,10378285.0,0.0,0.0,120538,6
1698341439.7380002,73,5.0,14.076923,224400.0,4.6511626,26.710972,24.0,9510000.0,0.0,40.0,0,6
1698341439.838,73,0.1,10.363636,220799.98,0.0,27.382803,24.0,11325599.0,0.0,0.0,120538,6
1698341439.938,73,0.1,0.0,110399.99,0.0,26.705414,24.0,2781599.75,0.0,0.0,0,6
1698341440.038,73,5.0,0.0,0.0,0.0,27.8691,24.0,256240.0,0.0,40.0,140365,6
1698341440.138,73,0.1,0.0,184000.0,0.0,26.500134,24.0,7120000.0,0.0,0.0,11738,6
1698341440.2380002,73,0.1,0.0,0.0,0.0,26.502745,24.0,10679999.0,0.0,0.0,140365,6
1698341440.338,73,5.0,14.247312,214800.0,0.0,26.708675,24.0,10257600.0,0.0,40.0,11738,6
1698341440.438,73,5.0,15.0,38480.0,0.0,26.726171,24.0,1303920.0,0.0,0.0,0,6
1698341440.538,73,5.0,14.662651,172525.23,0.0,26.688866,24.0,8547797.0,0.0,40.0,42172,6
1698341440.638,73,5.0,13.727273,83313.125,0.0,26.69809,24.0,3173575.5,0.0,40.0,0,6
1698341440.7380002,73,5.0,14.631579,172525.23,0.0,26.937494,24.0,8547797.0,0.0,40.0,42172,6
1698341440.838,73,5.0,13.703705,76000.0,0.0,26.476519,24.0,2932851.0,0.0,40.0,0,6
1698341440.9390001,73,5.0,14.300002,134893.61,0.0,26.670038,24.0,6933616.5,0.0,40.0,72515,6
1698341441.038,73,5.0,14.511628,127757.57,0.0,26.571531,24.0,5353696.5,0.0,40.0,0,6
1698341441.138,73,5.0,14.32258,134755.55,0.0,26.951273,24.0,7123111.0,0.0,40.0,72259,6
1698341441.2380002,73,5.0,14.658537,117483.14,5.0,26.640802,24.0,4802696.5,0.0,40.0,0,6
1698341441.338,73,5.0,14.0,76640.0,0.0,26.932766,24.0,4359280.0,0.0,40.0,101852,6
1698341441.438,73,5.0,14.066667,167707.31,0.0,26.53774,24.0,6854341.5,0.0,40.0,0,6
1698341441.538,73,5.0,14.461538,95209.875,6.6666665,26.906244,24.0,5381827.0,0.0,40.0,101852,6
1698341441.638,73,5.0,13.650794,174880.0,3.030303,26.886454,24.0,7458480.0,0.0,40.0,0,6
1698341441.7380002,73,5.0,14.222222,35384.613,0.0,27.345755,24.0,2958666.5,0.0,40.0,120538,6
1698341441.838,73,5.0,14.169492,225846.16,0.0,26.930147,24.0,9288308.0,0.0,40.0,0,6
1698341441.938,73,5.0,14.391304,27600.0,0.0,27.367756,24.0,2307760.0,0.0,40.0,120538,6
1698341442.038,73,5.5,13.292308,220756.75,6.25,26.800974,24.0,9270162.0,0.0,40.0,0,6
1698341442.138,73,5.0,0.0,0.0,0.0,27.85516,24.0,351013.66,0.0,40.0,140365,6
1698341442.2380002,73,5.0,13.989899,214320.0,0.0,26.831034,24.0,10257600.0,0.0,40.0,11738,6
1698341442.339,73,5.0,0.0,0.0,0.0,28.30958,24.0,511323.94,0.0,40.0,140365,6
1698341442.438,73,5.0,14.319445,228228.58,0.0,26.811623,24.0,10257600.0,0.0,40.0,11738,6
1698341442.538,73,5.0,15.0,38480.0,0.0,26.456944,24.0,1303920.0,0.0,0.0,0,6
1698341442.639,73,5.0,13.923078,233454.55,0.0,26.770063,24.0,10457818.0,0.0,40.0,42428,6
1698341442.7380002,73,5.0,0.0,0.0,0.0,0.0,0.0,0.0,0.0,0.0,0,6
1698341442.838,73,5.0,14.346666,170480.0,3.125,26.856997,24.0,8462320.0,0.0,40.0,42172,6
1698341442.938,73,5.0,0.0,0.0,0.0,0.0,0.0,0.0,0.0,0.0,0,6
1698341443.038,73,5.0,14.540983,209103.44,0.0,26.74472,24.0,10243034.0,0.0,40.0,72259,6
1698341443.138,73,5.0,14.23913,132000.0,0.0,26.63006,24.0,5406960.0,0.0,40.0,0,6
1698341443.2380002,73,5.0,14.44,228830.17,0.0,26.904436,24.0,10281509.0,0.0,40.0,72259,6
1698341443.338,73,5.0,0.0,31846.152,0.0,26.981737,24.0,945692.3,0.0,0.0,0,6
1698341443.438,73,5.0,13.710528,76960.0,0.0,26.816422,24.0,4359280.0,0.0,40.0,101852,6
1698341443.538,73,5.0,14.5625,123265.3,0.0,26.619148,24.0,4536489.5,0.0,0.0,0,6
1698341443.638,73,5.0,14.533334,160666.67,0.0,26.755426,24.0,8993000.0,0.0,40.0,101852,6
1698341443.7380002,73,5.0,14.138462,174415.83,0.0,26.806278,24.0,7384633.5,0.0,40.0,0,6
1698341443.838,73,5.0,14.611111,59999.996,0.0,27.306475,24.0,5016869.0,0.0,40.0,120538,6
1698341443.938,73,5.0,14.40625,203304.33,5.5555553,26.772875,24.0,8687478.0,0.0,40.0,0,6
1698341444.038,73,5.0,0.0,19680.0,0.0,34.987896,24.0,53040.0,0.0,40.0,0,6
1698341444.138,73,5.0,14.5,91809.516,0.0,33.792675,24.0,266095.22,0.0,40.0,0,6
1698341444.2380002,73,5.0,0.0,0.0,0.0,0.0,0.0,0.0,0.0,0.0,0,6
1698341444.338,73,5.0,0.0,0.0,0.0,0.0,0.0,0.0,0.0,0.0,0,6
1698341444.438,73,5.0,0.0,0.0,0.0,0.0,0.0,0.0,0.0,0.0,0,6
1698341444.538,73,5.0,0.0,0.0,0.0,0.0,0.0,0.0,0.0,0.0,0,6
1698341444.638,73,5.0,0.0,0.0,0.0,0.0,0.0,0.0,0.0,0.0,0,6
1698341444.7380002,73,0.1,0.0,0.0,0.0,0.0,0.0,0.0,0.0,0.0,0,6
1698341444.838,73,5.0,0.0,0.0,0.0,0.0,0.0,0.0,0.0,0.0,0,6
1698341444.938,73,5.0,0.0,0.0,0.0,0.0,0.0,0.0,0.0,0.0,0,6
1698341445.038,73,5.0,0.0,0.0,0.0,0.0,0.0,0.0,0.0,0.0,0,6
1698341445.138,73,0.1,0.0,0.0,0.0,0.0,0.0,0.0,0.0,0.0,0,6
1698341445.2380002,73,5.0,0.0,0.0,0.0,0.0,0.0,0.0,0.0,0.0,0,6
1698341445.338,73,0.1,0.0,0.0,0.0,0.0,0.0,0.0,0.0,0.0,0,6
1698341445.438,73,5.0,0.0,0.0,0.0,0.0,0.0,0.0,0.0,0.0,0,6
1698341445.538,73,5.0,0.0,0.0,0.0,0.0,0.0,0.0,0.0,0.0,0,6
1698341445.638,73,0.1,0.0,0.0,0.0,0.0,0.0,0.0,0.0,0.0,0,6
1698341445.7380002,73,0.1,0.0,0.0,0.0,0.0,0.0,0.0,0.0,0.0,0,6
1698341445.838,73,5.0,0.0,0.0,0.0,0.0,0.0,0.0,0.0,0.0,0,6
1698341202.012,70,0.1,0.0,0.0,0.0,0.1,0.1,0.0,100.0,0.0,0,6
1698341202.012,71,0.1,0.0,0.0,0.0,0.0,0.0,0.0,0.0,0.0,0,6
1698341202.012,72,0.1,0.0,0.0,0.0,0.0,0.0,0.0,0.0,0.0,0,6
1698341202.012,73,0.1,0.0,0.0,0.0,0.1,0.1,0.0,100.0,0.0,0,6
1698341202.012,74,0.1,8.0,6918.919,0.0,29.976507,0.1,1513.5135,0.0,0.0,0,6
1698341202.012,75,0.1,0.0,0.0,0.0,0.1,0.1,0.0,100.0,0.0,0,6
1698341202.112,74,5.0,3.4,15304.347,0.0,29.38657,24.0,139043.47,0.0,40.0,0,6
1698341202.2120001,74,5.0,1.0,1120.0,0.0,29.231756,24.0,42640.0,0.0,40.0,0,6
1698341202.312,74,5.0,0.0,6818.181,0.0,0.0,0.0,0.0,0.0,0.0,0,6
1698341202.412,74,5.0,0.0,0.0,0.0,0.0,0.0,0.0,0.0,0.0,0,6
1698341202.512,74,5.0,0.0,0.0,0.0,0.0,0.0,0.0,0.0,0.0,0,6
1698341202.612,74,5.0,0.0,0.0,0.0,0.0,0.0,0.0,0.0,0.0,0,6
1698341202.7120001,74,5.0,0.0,0.0,0.0,0.0,0.0,0.0,0.0,0.0,0,6
1698341202.812,74,5.0,0.0,0.0,0.0,0.0,0.0,0.0,0.0,0.0,0,6
1698341202.912,74,5.0,0.0,0.0,0.0,0.0,0.0,0.0,0.0,0.0,0,6
1698341203.012,74,5.0,0.0,7499.9995,0.0,32.196114,24.0,59799.996,0.0,40.0,0,6
1698341203.112,74,5.0,0.0,14720.0,0.0,33.90424,24.0,116720.0,0.0,40.0,0,6
1698341203.2120001,74,5.0,7.357143,50210.523,0.0,29.295364,24.0,2128315.75,0.0,40.0,0,6
1698341203.312,74,5.0,7.641791,242239.98,0.0,25.574024,24.0,5613120.0,0.0,40.0,0,6
1698341203.412,74,5.0,7.3369565,198160.0,0.0,25.900139,24.0,6410800.0,0.0,40.0,50668,6
1698341203.512,74,5.0,6.5555553,88109.58,0.0,26.110853,24.0,3483945.0,0.0,40.0,0,6
1698341203.612,74,5.0,7.4545455,165859.16,0.0,25.976551,24.0,9029295.0,0.0,40.0,50668,6
1698341203.7120001,74,5.0,7.5576925,128480.0,0.0,25.851385,24.0,5406960.0,0.0,40.0,0,6
1698341203.812,74,5.0,7.448276,183999.98,0.0,25.74806,24.0,9950250.0,0.0,40.0,60614,6
1698341203.912,74,5.0,7.0,67809.52,0.0,26.12332,24.0,2578285.75,0.0,0.0,0,6
1698341204.012,74,5.0,7.6944447,74880.0,0.0,25.768469,24.0,4359280.0,0.0,40.0,60614,6
1698341204.112,74,5.0,7.0833335,134000.0,0.0,25.77513,24.0,5592400.0,0.0,40.0,0,6
1698341204.2120001,74,5.0,7.5882354,126915.24,0.0,26.013025,24.0,7388609.5,0.0,40.0,72259,6
1698341204.312,74,5.0,7.328125,169663.36,0.0,25.708466,24.0,7384633.5,0.0,40.0,0,6
1698341204.412,74,5.0,7.3157897,47857.14,0.0,26.117392,24.0,4120999.75,0.0,40.0,85892,6
1698341204.512,74,5.0,7.5111113,210857.14,0.0,25.799196,24.0,8777143.0,0.0,40.0,0,6
1698341204.612,74,5.0,7.0555553,27070.705,0.0,25.944466,24.0,2331070.5,0.0,40.0,85892,6
1698341204.7120001,74,5.0,6.9534883,206769.22,0.0,25.168983,24.0,8836154.0,0.0,40.0,0,6
1698341204.812,74,5.0,0.0,0.0,0.0,26.573717,24.0,502431.34,0.0,40.0,99804,6
1698341204.913,74,5.0,7.509091,235360.0,0.0,25.498264,24.0,10364400.0,0.0,40.0,11994,6
1698341205.012,74,5.0,0.0,0.0,0.0,27.934963,24.0,533833.3,0.0,40.0,118490,6
1698341205.112,74,5.0,7.351852,223333.33,0.0,26.021,24.0,10240000.0,0.0,40.0,11738,6
1698341205.2120001,74,5.0,8.0,37360.0,0.0,26.160631,24.0,1303920.0,0.0,0.0,0,6
1698341205.312,74,5.0,7.0540543,231454.53,0.0,25.696323,24.0,10295999.0,0.0,40.0,42172,6
1698341205.412,74,5.0,0.0,0.0,0.0,0.0,0.0,0.0,0.0,0.0,0,6
1698341205.512,74,5.0,7.3157897,166160.0,0.0,25.631355,24.0,8462320.0,0.0,40.0,42172,6
1698341205.612,74,5.0,0.0,0.0,0.0,0.0,0.0,0.0,0.0,0.0,0,6
1698341205.7120001,74,5.0,7.7222223,220307.69,0.0,25.81571,24.0,10246769.0,0.0,40.0,72259,6
1698341205.812,74,5.0,7.4468083,133840.0,0.0,25.964104,24.0,5406960.0,0.0,40.0,0,6
1698341205.912,74,5.0,7.4814816,217749.98,0.0,25.894012,24.0,10284000.0,0.0,40.0,72259,6
1698341206.012,74,0.1,0.0,0.0,0.0,0.0,0.0,0.0,0.0,0.0,0,6
1698341206.112,74,5.0,7.189189,75040.0,0.0,26.00506,24.0,4359280.0,0.0,40.0,101852,6
1698341206.2120001,74,0.1,0.0,0.0,0.0,0.0,0.0,0.0,0.0,0.0,0,6
1698341206.312,74,5.0,7.4545455,232347.81,0.0,25.695042,24.0,10312695.0,0.0,40.0,101852,6
1698341206.412,74,5.0,7.4848485,171360.0,0.0,26.010244,24.0,7458480.0,0.0,40.0,0,6
1698341206.512,74,5.0,0.0,133999.98,0.0,25.735937,24.0,10257599.0,0.0,0.0,120538,6
1698341206.612,74,0.1,8.0,170105.25,0.0,26.411348,24.0,6300631.0,0.0,0.0,0,6
1698341206.7120001,74,5.0,7.611111,26800.0,0.0,26.599041,24.0,2307760.0,0.0,40.0,120538,6
1698341206.812,74,0.1,8.0,168499.98,0.0,26.382748,24.0,5743499.5,0.0,0.0,0,6
1698341206.913,74,0.1,0.0,0.0,0.0,26.787327,24.0,2420266.5,0.0,40.0,140365,6
1698341207.012,74,5.0,7.39785,208880.0,0.0,25.531462,24.0,10150800.0,0.0,40.0,11738,6
1698341207.112,74,0.1,0.0,0.0,0.0,26.364075,24.0,2135333.25,0.0,40.0,140365,6
1698341207.2120001,74,0.1,6.0,224666.67,0.0,24.542929,24.0,10328000.0,0.0,40.0,11738,6
1698341207.312,74,5.3333335,8.0,37360.0,0.0,25.14712,24.0,1303920.0,0.0,0.0,0,6
1698341207.412,74,0.1,0.0,268000.0,0.0,24.8868,24.0,10152000.0,0.0,0.0,42172,6
1698341207.512,74,0.1,0.0,0.0,0.0,0.0,0.0,0.0,0.0,0.0,0,6
1698341207.6130002,74,5.5,7.772152,165520.0,0.0,24.709713,24.0,8569120.0,0.0,40.0,42172,6
1698341207.7120001,74,0.1,0.0,0.0,0.0,0.0,0.0,0.0,0.0,0.0,0,6
1698341207.812,74,0.1,0.0,178666.67,0.0,24.350975,24.0,10680000.0,0.0,0.0,72259,6
1698341207.912,74,5.0,7.785714,128000.0,0.0,25.014599,24.0,5406960.0,0.0,40.0,0,6
1698341208.012,74,0.1,0.0,0.0,0.0,0.0,0.0,0.0,0.0,0.0,72259,6
1698341208.112,74,5.0,7.318182,127040.0,0.0,25.336967,24.0,5406960.0,0.0,40.0,0,6
1698341208.2120001,74,5.0,7.8,75474.74,0.0,25.424662,24.0,4403313.0,0.0,40.0,101852,6
1698341208.312,74,5.0,7.614286,168871.28,0.0,25.551764,24.0,7384633.5,0.0,40.0,0,6
1698341208.412,74,5.0,7.8461537,81217.38,0.0,25.504446,24.0,4738347.5,0.0,40.0,101852,6
1698341208.512,74,5.0,7.6190476,167913.03,0.0,25.42162,24.0,7224260.5,0.0,40.0,0,6
1698341208.6130002,74,5.0,7.5,31841.584,0.0,25.133757,24.0,2390653.5,0.0,40.0,120538,6
1698341208.7120001,74,5.0,7.486842,215011.23,0.0,25.047134,24.0,9292854.0,0.0,40.0,0,6
1698341208.812,74,5.0,7.5263157,30804.596,0.0,25.585762,24.0,2652597.5,0.0,40.0,120538,6
1698341208.912,74,5.0,7.5925927,217840.0,0.0,25.366508,24.0,9510000.0,0.0,40.0,0,6
1698341209.012,74,5.0,0.0,0.0,0.0,27.185566,24.0,320299.97,0.0,40.0,140365,6
1698341209.112,74,5.0,7.703703,222683.53,0.0,25.993183,24.0,10252253.0,0.0,40.0,11738,6
1698341209.213,74,5.0,8.0,37200.0,0.0,26.580406,24.0,1560160.0,0.0,40.0,140365,6
1698341209.312,74,5.0,7.84,224421.03,0.0,25.86027,24.0,10290947.0,0.0,40.0,11738,6
1698341209.412,74,5.0,0.0,0.0,0.0,0.0,0.0,0.0,0.0,0.0,0,6
1698341209.512,74,5.0,7.605263,166545.44,0.0,26.263594,24.0,8547797.0,0.0,40.0,42172,6
1698341209.612,74,5.0,0.0,22333.332,0.0,26.82721,24.0,682999.94,0.0,0.0,0,6
1698341209.7120001,74,5.0,7.776119,225577.45,0.0,26.028353,24.0,10263549.0,0.0,40.0,42172,6
1698341209.812,74,5.0,7.4,79760.0,0.0,25.954573,24.0,3355440.0,0.0,40.0,0,6
1698341209.912,74,5.0,7.773585,172941.17,0.0,26.14505,24.0,9364941.0,0.0,40.0,72259,6
1698341210.012,74,5.0,7.571429,76753.62,0.0,26.046389,24.0,2973217.25,0.0,0.0,0,6
1698341210.112,74,5.0,7.7894735,118787.87,0.0,25.99513,24.0,6475555.0,0.0,40.0,72259,6
1698341210.2120001,74,5.0,7.785714,66500.0,0.0,26.449324,24.0,2704874.75,0.0,0.0,0,6
1698341210.313,74,5.0,7.806452,118603.17,0.0,26.096104,24.0,7089016.0,0.0,40.0,101852,6
1698341210.412,74,5.0,7.854839,170560.0,0.0,25.870138,24.0,7351680.0,0.0,40.0,0,6
1698341210.512,74,5.0,7.756757,124533.33,0.0,25.88601,24.0,7265466.5,0.0,40.0,101852,6
1698341210.612,74,4.0,7.12,134000.0,0.0,25.810635,24.0,5592400.0,0.0,40.0,0,6
1698341210.7120001,74,4.3333335,7.5882354,74880.0,0.0,25.808527,24.0,4359280.0,0.0,40.0,101852,6
1698341210.812,74,4.0,6.9130435,134285.7,0.0,25.689133,24.0,5304428.5,0.0,40.0,0,6
1698341210.912,74,4.0,7.0869565,48727.27,0.0,25.442986,24.0,4195927.0,0.0,40.0,120538,6
1698341211.012,74,4.0,7.4942527,219440.0,0.0,25.613447,24.0,9510000.0,0.0,40.0,0,6
1698341211.112,74,4.0,7.15,55833.332,0.0,26.611565,24.0,4807833.5,0.0,40.0,120538,6
1698341211.2120001,74,5.0,7.6363635,203914.89,0.0,26.585155,24.0,8729872.0,0.0,40.0,0,6
1698341211.312,74,4.0,0.0,0.0,0.0,27.946844,24.0,256240.0,0.0,40.0,140365,6
1698341211.413,74,4.0,6.864865,238222.22,0.0,25.649,24.0,10304533.0,0.0,40.0,11738,6
1698341211.512,74,5.0,0.0,0.0,0.0,27.810198,24.0,595906.94,0.0,40.0,140365,6
1698341211.612,74,5.0,7.571429,207440.0,0.0,26.403828,24.0,10257600.0,0.0,40.0,11738,6
1698341211.7120001,74,5.0,0.0,0.0,0.0,0.0,0.0,0.0,0.0,0.0,0,6
1698341211.812,74,0.1,7.8235292,228800.0,0.0,25.73664,24.0,10317943.0,0.0,0.0,42172,6
1698341211.912,74,5.0,7.516129,79760.0,0.0,25.70698,24.0,3355440.0,0.0,40.0,0,6
1698341212.013,74,0.1,7.903226,226424.25,0.0,25.754807,24.0,10296000.0,0.0,0.0,42172,6
1698341212.112,74,5.0,0.0,0.0,0.0,0.0,0.0,0.0,0.0,0.0,0,6
1698341212.2120001,74,5.0,7.467742,116960.0,0.0,26.076561,24.0,6410800.0,0.0,40.0,72259,6
1698341212.312,74,5.0,0.0,0.0,0.0,0.0,0.0,0.0,0.0,0.0,0,6
1698341212.412,74,0.1,8.0,233043.45,0.0,25.868856,24.0,10312695.0,0.0,40.0,72259,6
1698341212.512,74,5.0,7.632653,126732.67,0.0,25.883234,24.0,5353425.5,0.0,40.0,0,6
1698341212.612,74,0.1,8.0,239599.98,0.0,25.959446,24.0,10257599.0,0.0,40.0,101852,6
1698341212.7120001,74,5.0,0.0,0.0,0.0,0.0,0.0,0.0,0.0,0.0,0,6
1698341212.812,74,5.0,7.785714,74720.0,0.0,26.313484,24.0,4359280.0,0.0,40.0,101852,6
1698341212.912,74,0.1,0.0,0.0,0.0,0.0,0.0,0.0,0.0,0.0,0,6
1698341213.012,74,0.1,7.625,167499.98,0.0,26.075382,24.0,10416000.0,0.0,0.0,120538,6
1698341213.112,74,5.0,7.7831326,216316.83,0.0,26.336292,24.0,9415841.0,0.0,40.0,0,6
1698341213.2120001,74,0.1,7.75,223333.33,0.0,26.616581,24.0,10328000.0,0.0,0.0,120538,6
1698341213.312,74,0.1,0.0,146181.81,0.0,26.765926,24.0,3499636.0,0.0,0.0,0,6
1698341213.413,74,5.0,0.0,0.0,0.0,26.760944,24.0,359445.53,0.0,40.0,140365,6
1698341213.512,74,0.1,7.5,178666.67,0.0,26.655298,24.0,10680000.0,0.0,0.0,11738,6
1698341213.612,74,0.1,0.0,0.0,0.0,26.019403,24.0,10679999.0,0.0,0.0,140365,6
1698341213.713,74,5.0,7.612903,211326.72,0.0,26.340006,24.0,10261782.0,0.0,40.0,11994,6
1698341213.812,74,0.1,0.0,0.0,0.0,0.0,0.0,0.0,0.0,0.0,0,6
1698341213.912,74,5.0,7.917808,165520.0,0.0,26.376799,24.0,8462320.0,0.0,40.0,42172,6
1698341214.012,74,5.0,7.64,80565.65,0.0,26.381351,24.0,3281454.25,0.0,40.0,0,6
1698341214.112,74,4.6666665,7.630137,165200.0,0.0,26.326635,24.0,8462320.0,0.0,40.0,41916,6
1698341214.2120001,74,4.0,7.5,77166.664,0.0,26.352686,24.0,2983000.0,0.0,40.0,0,6
1698341214.312,74,5.0,7.7966104,125106.375,0.0,26.39183,24.0,6819999.5,0.0,40.0,72259,6
1698341214.412,74,5.0,7.7058825,127680.0,0.0,26.305124,24.0,5406960.0,0.0,40.0,0,6
1698341214.513,74,5.0,7.8,132215.05,0.0,26.374998,24.0,7008172.0,0.0,40.0,72515,6
1698341214.612,74,5.0,7.7,115826.08,0.0,26.3031,24.0,4994347.5,0.0,40.0,0,6
1698341214.7120001,74,5.0,7.780488,74720.0,0.0,26.490479,24.0,4359280.0,0.0,40.0,101852,6
1698341214.812,74,4.5,7.4,160808.98,0.0,26.391052,24.0,6987775.0,0.0,40.0,0,6
1698341214.912,74,5.0,7.5,85517.234,0.0,26.556374,24.0,5010666.5,0.0,40.0,101852,6
1698341215.012,74,5.0,7.6086955,170240.0,0.0,26.492496,24.0,7458480.0,0.0,40.0,0,6
1698341215.1130002,74,5.0,7.647059,39703.703,0.0,26.489902,24.0,2980938.25,0.0,40.0,120794,6
1698341215.2120001,74,5.0,7.714286,215898.72,0.0,26.352594,24.0,9305924.0,0.0,40.0,0,6
1698341215.312,74,5.0,7.55,26800.0,0.0,26.558681,24.0,2307760.0,0.0,40.0,120538,6
1698341215.412,74,5.0,7.6842103,214545.44,0.0,26.238255,24.0,9186389.0,0.0,40.0,0,6
1698341215.512,74,5.0,0.0,0.0,0.0,27.817549,24.0,341653.3,0.0,40.0,140365,6
1698341215.612,74,5.0,7.5841584,207440.0,0.0,26.011572,24.0,10257600.0,0.0,40.0,11738,6
1698341215.7120001,74,5.0,0.0,0.0,0.0,27.323584,24.0,355888.875,0.0,40.0,140365,6
1698341215.812,74,5.0,7.7272725,225577.45,0.0,26.018488,24.0,10263549.0,0.0,40.0,11738,6
1698341215.912,74,5.0,8.0,36831.684,0.0,26.321001,24.0,1291009.9,0.0,0.0,0,6
1698341216.012,74,5.0,7.7352943,227647.05,0.0,26.009932,24.0,10245176.0,0.0,40.0,42172,6
1698341216.112,74,5.0,0.0,8000.0,0.0,0.0,0.0,0.0,0.0,0.0,0,6
1698341216.2120001,74,5.0,7.88,165520.0,0.0,26.010626,24.0,8462320.0,0.0,40.0,42172,6
1698341216.312,74,5.0,0.0,0.0,0.0,0.0,0.0,0.0,0.0,0.0,0,6
1698341216.412,74,5.0,7.8448277,196000.0,0.0,25.535915,24.0,10257600.0,0.0,40.0,72259,6
1698341216.512,74,5.0,7.7906976,126415.836,0.0,25.741903,24.0,5353425.5,0.0,40.0,0,6
1698341216.612,74,5.0,9.464286,211142.84,8.333333,26.474401,24.0,10302857.0,0.0,40.0,72259,6
1698341216.7120001,74,5.0,8.0,48145.453,0.0,26.53565,24.0,1476654.5,0.0,0.0,0,6
1698341216.813,74,5.0,10.111111,74613.86,12.5,25.142273,24.0,4421861.0,0.0,40.0,101852,6
1698341216.912,74,5.0,7.2173915,122461.54,0.0,26.602634,24.0,4890923.0,0.0,40.0,0,6
1698341217.012,74,5.0,10.046512,148392.16,6.6666665,26.169077,24.0,8547607.0,0.0,40.0,101852,6
1698341217.112,74,5.0,9.756412,170138.61,5.882353,25.88977,24.0,7384633.5,0.0,40.0,0,6
1698341217.2120001,74,5.0,7.6086955,55833.332,0.0,25.873737,24.0,4807833.5,0.0,40.0,120538,6
1698341217.312,74,5.0,11.535714,209469.375,5.0,26.219233,24.0,8505306.0,0.0,40.0,0,6
1698341217.412,74,5.0,12.684211,27878.785,0.0,26.692875,24.0,2331070.5,0.0,40.0,120538,6
1698341217.512,74,5.0,7.9142857,218181.8,5.263158,26.040604,24.0,8596908.0,0.0,40.0,0,6
1698341217.612,74,5.0,7.590909,62325.58,0.0,26.678127,24.0,5366883.5,0.0,40.0,120538,6
1698341217.7120001,74,5.0,9.280899,219120.0,4.6511626,26.170969,24.0,9510000.0,0.0,40.0,0,6
1698341217.812,74,5.0,0.0,0.0,0.0,28.23875,24.0,640599.94,0.0,40.0,140365,6
1698341217.912,74,5.0,13.842105,224000.0,5.882353,26.524504,24.0,10246769.0,0.0,40.0,11738,6
1698341218.012,74,5.0,15.0,38000.0,22.222221,26.692764,24.0,1560160.0,0.0,40.0,140365,6
1698341218.112,74,5.0,11.972222,226888.875,11.764706,25.861292,24.0,10327999.0,0.0,40.0,11738,6
1698341218.2120001,74,0.1,0.0,0.0,0.0,0.0,0.0,0.0,0.0,0.0,0,6
1698341218.312,74,5.0,10.988507,162909.08,6.25,26.155994,24.0,8547797.0,0.0,40.0,42172,6
1698341218.412,74,0.1,0.0,0.0,0.0,0.0,0.0,0.0,0.0,0.0,0,6
1698341218.513,74,5.0,13.828571,220749.98,7.142857,26.188063,24.0,10617749.0,0.0,0.0,42428,6
1698341218.612,74,5.0,11.071428,86560.0,0.0,26.37001,24.0,3248640.0,0.0,40.0,0,6
1698341218.7120001,74,5.0,7.612903,228571.42,0.0,26.35692,24.0,10227428.0,0.0,40.0,72259,6
1698341218.812,74,0.1,0.0,0.0,0.0,0.0,0.0,0.0,0.0,0.0,0,6
1698341218.912,74,5.0,9.603174,119272.72,4.347826,25.58477,24.0,6475555.0,0.0,40.0,72259,6
1698341219.012,74,0.1,0.0,0.0,0.0,0.0,0.0,0.0,0.0,0.0,0,6
1698341219.112,74,5.0,9.944445,223999.98,0.0,25.930338,24.0,10235368.0,0.0,40.0,101852,6
1698341219.2120001,74,5.0,9.865671,172160.0,5.882353,25.676983,24.0,7458480.0,0.0,40.0,0,6
1698341219.313,74,0.1,12.941176,224470.58,12.5,26.264235,24.0,10431529.0,0.0,40.0,102108,6
1698341219.412,74,0.1,0.0,0.0,0.0,0.0,0.0,0.0,0.0,0.0,0,6
1698341219.512,74,5.0,13.523809,27600.0,0.0,26.43518,24.0,2307760.0,0.0,40.0,120538,6
1698341219.612,74,0.1,0.0,183999.98,0.0,27.71482,24.0,717333.3,0.0,0.0,0,6
1698341219.7120001,74,0.1,7.625,229714.28,0.0,26.016064,24.0,10680000.0,0.0,0.0,120538,6
1698341219.812,74,5.0,10.24468,220240.0,4.6511626,26.01289,24.0,9510000.0,0.0,40.0,0,6
1698341219.912,74,0.1,0.0,0.0,0.0,24.781944,24.0,10679999.0,0.0,0.0,140621,6
1698341220.012,74,5.0,12.8,214545.44,7.142857,25.760487,24.0,10253333.0,0.0,40.0,11738,6
1698341220.112,74,5.0,8.0,32161.613,0.0,26.420414,24.0,1468040.25,0.0,40.0,140365,6
1698341220.213,74,5.0,11.277777,214178.2,0.0,25.878855,24.0,10261782.0,0.0,40.0,11994,6
1698341220.312,74,5.0,0.0,17999.998,0.0,26.487457,24.0,534521.7,0.0,0.0,0,6
1698341220.413,74,5.0,14.333333,184608.69,3.125,25.749096,24.0,9314260.0,0.0,40.0,42428,6
1698341220.512,74,5.0,12.911765,81680.0,11.764706,25.760555,24.0,3248640.0,0.0,40.0,0,6
1698341220.612,74,5.0,13.518988,195619.03,9.090909,25.611197,24.0,10023428.0,0.0,40.0,42172,6
1698341220.7120001,74,5.0,13.333333,51809.52,0.0,25.893103,24.0,2060857.0,0.0,0.0,0,6
1698341220.812,74,5.0,12.184615,120000.0,8.333333,25.858982,24.0,6410800.0,0.0,40.0,72259,6
1698341220.912,74,5.0,8.333333,106599.99,5.882353,25.660446,24.0,4194299.75,0.0,40.0,0,6
1698341221.013,74,5.0,9.015873,146599.98,4.347826,25.563108,24.0,8146999.5,0.0,40.0,72515,6
1698341221.112,74,5.0,10.313725,130262.62,4.0,25.714918,24.0,5353696.5,0.0,40.0,0,6
1698341221.2120001,74,5.0,10.225,91684.2,7.142857,25.939575,24.0,5735894.5,0.0,40.0,101852,6
1698341221.312,74,5.0,7.769231,153894.73,0.0,25.792461,24.0,6467368.0,0.0,40.0,0,6
1698341221.412,74,5.0,10.179487,76444.44,6.6666665,26.124151,24.0,4403313.0,0.0,40.0,101852,6
1698341221.512,74,5.0,8.595238,156777.77,4.5454545,26.135443,24.0,6381666.5,0.0,40.0,0,6
1698341221.6130002,74,5.0,7.714286,44666.664,0.0,26.479115,24.0,3353555.25,0.0,40.0,120794,6
1698341221.7120001,74,5.0,10.045977,216727.25,2.4390244,26.217329,24.0,9498181.0,0.0,40.0,0,6
1698341221.812,74,5.0,13.210526,40588.234,0.0,26.205315,24.0,3393764.5,0.0,40.0,120538,6
1698341221.912,74,5.0,10.833333,210898.53,3.5714285,26.094486,24.0,8919651.0,0.0,40.0,0,6
1698341222.012,74,5.0,0.0,0.0,0.0,28.19664,24.0,258828.27,0.0,40.0,140365,6
1698341222.112,74,5.0,9.887324,235749.98,3.4482758,26.198921,24.0,10284000.0,0.0,40.0,11738,6
1698341222.214,74,5.0,0.0,0.0,0.0,26.554537,24.0,722830.7,0.0,40.0,140621,6
1698341222.312,74,5.0,10.756523,214938.77,7.142857,26.240139,24.0,10248979.0,0.0,40.0,11738,6
1698341222.412,74,5.0,0.0,0.0,0.0,0.0,0.0,0.0,0.0,0.0,0,6
1698341222.512,74,5.0,12.698113,237672.72,7.6923075,26.20876,24.0,10295999.0,0.0,40.0,42172,6
1698341222.612,74,5.0,10.076923,80560.0,0.0,26.361904,24.0,3355440.0,0.0,40.0,0,6
1698341222.713,74,5.0,10.938775,224603.77,12.0,26.25395,24.0,10281509.0,0.0,40.0,42428,6
1698341222.812,74,5.0,0.0,0.0,0.0,0.0,0.0,0.0,0.0,0.0,0,6
1698341222.912,74,5.0,10.910713,119040.0,4.347826,26.283007,24.0,6410800.0,0.0,40.0,72259,6
1698341223.012,74,5.0,15.0,22530.611,33.333332,27.608595,24.0,131755.1,0.0,0.0,0,6
1698341223.112,74,5.0,9.847826,229446.8,4.7619047,26.124853,24.0,10320510.0,0.0,40.0,72259,6
1698341223.2120001,74,5.0,10.869567,129120.0,4.0,26.21361,24.0,5406960.0,0.0,40.0,0,6
1698341223.313,74,5.0,11.513514,184585.36,0.0,26.24755,24.0,10267902.0,0.0,40.0,101852,6
1698341223.412,74,5.0,10.0,82051.28,0.0,26.716442,24.0,3069538.5,0.0,0.0,0,6
1698341223.513,74,5.0,13.725,75881.19,0.0,26.508047,24.0,4421861.0,0.0,40.0,102108,6
1698341223.612,74,0.1,0.0,48727.273,0.0,27.141665,24.0,1490181.9,0.0,0.0,0,6
1698341223.7120001,74,5.0,7.714286,86451.61,0.0,26.332026,24.0,7444387.0,0.0,40.0,120538,6
1698341223.812,74,5.0,11.481482,219168.31,2.3809524,26.28402,24.0,9415841.0,0.0,40.0,0,6
1698341223.913,74,5.0,14.130435,88320.0,20.0,26.187466,24.0,9487680.0,0.0,0.0,120538,6
1698341224.012,74,0.1,13.571428,164521.72,22.222221,26.141108,24.0,7062260.5,0.0,0.0,0,6
1698341224.1130002,74,5.0,0.0,5465.346,0.0,27.621223,24.0,359445.53,0.0,40.0,140621,6
1698341224.2120001,74,0.1,10.086957,214399.98,11.111111,26.48428,24.0,10257599.0,0.0,40.0,11738,6
1698341224.312,74,5.0,0.0,0.0,0.0,27.742477,24.0,1348631.5,0.0,40.0,140365,6
1698341224.413,74,5.0,8.62,211643.56,4.7619047,26.22013,24.0,10261782.0,0.0,40.0,11994,6
1698341224.512,74,0.1,0.0,0.0,0.0,0.0,0.0,0.0,0.0,0.0,0,6
1698341224.612,74,0.1,15.0,250909.08,16.666666,26.228636,24.0,10295999.0,0.0,0.0,42172,6
1698341224.7120001,74,5.0,13.086957,80871.28,0.0,26.402761,24.0,3322217.75,0.0,40.0,0,6
1698341224.812,74,0.1,15.0,276000.0,0.0,26.377998,24.0,10152000.0,0.0,0.0,42172,6
1698341224.912,74,0.1,0.0,0.0,0.0,0.0,0.0,0.0,0.0,0.0,0,6
1698341225.013,74,5.0,13.554217,165979.78,11.764706,26.25293,24.0,8655676.0,0.0,40.0,42428,6
1698341225.112,74,0.1,0.0,0.0,0.0,0.0,0.0,0.0,0.0,0.0,0,6
1698341225.2120001,74,0.1,0.0,178666.67,0.0,25.934692,24.0,10680000.0,0.0,0.0,72259,6
1698341225.312,74,5.0,9.931817,127366.336,4.0,26.362583,24.0,5353425.5,0.0,40.0,0,6
1698341225.412,74,0.1,0.0,0.0,0.0,0.0,0.0,0.0,0.0,0.0,72259,6
1698341225.512,74,5.0,10.326087,127207.914,7.6923075,26.363646,24.0,5353425.5,0.0,40.0,0,6
1698341225.6130002,74,5.0,7.8421054,75474.74,0.0,26.329231,24.0,4511191.5,0.0,40.0,102108,6
1698341225.7120001,74,5.0,9.318841,171360.0,3.030303,26.307495,24.0,7351680.0,0.0,40.0,0,6
1698341225.813,74,5.0,11.348837,76434.77,13.333333,26.435688,24.0,4854434.5,0.0,40.0,102108,6
1698341225.912,74,5.0,8.387096,168260.86,3.3333333,26.26883,24.0,7224260.5,0.0,40.0,0,6
1698341226.012,74,5.0,7.5,26800.0,0.0,26.559868,24.0,2307760.0,0.0,40.0,120538,6
1698341226.112,74,5.0,12.148149,217066.66,7.6923075,26.469332,24.0,9189600.0,0.0,40.0,0,6
1698341226.2120001,74,5.0,7.55,30804.596,0.0,26.504286,24.0,2652597.5,0.0,40.0,120538,6
1698341226.312,74,5.0,9.195402,216792.08,2.3809524,26.363062,24.0,9415841.0,0.0,40.0,0,6
1698341226.413,74,5.0,0.0,0.0,0.0,27.325035,24.0,453799.97,0.0,40.0,140621,6
1698341226.512,74,5.0,10.753247,225113.9,5.714286,26.186886,24.0,10252253.0,0.0,40.0,11738,6
1698341226.6130002,74,5.0,15.0,37623.76,12.5,26.473581,24.0,1650455.4,0.0,40.0,140621,6
1698341226.713,74,5.0,11.191176,229589.02,3.125,26.25748,24.0,10274958.0,0.0,40.0,11994,6
1698341226.812,74,5.0,0.0,0.0,0.0,0.0,0.0,0.0,0.0,0.0,0,6
1698341226.913,74,5.0,10.14634,164990.1,6.060606,26.338497,24.0,8484277.0,0.0,40.0,42428,6
1698341227.012,74,5.0,0.0,8492.307,0.0,0.0,0.0,0.0,0.0,0.0,0,6
1698341227.112,74,5.0,10.0,229460.31,6.8965516,26.245846,24.0,10277714.0,0.0,40.0,42172,6
1698341227.2120001,74,5.0,7.516129,78970.3,0.0,26.386627,24.0,3322217.75,0.0,40.0,0,6
1698341227.3140001,74,5.0,9.714286,203147.53,4.1666665,26.155706,24.0,10264524.0,0.0,40.0,72515,6
1698341227.412,74,5.0,15.0,54399.996,0.0,26.522621,24.0,1995199.9,0.0,0.0,0,6
1698341227.513,74,5.0,12.971831,114800.0,16.0,26.26064,24.0,6517600.0,0.0,40.0,72515,6
1698341227.612,74,5.0,8.0,47285.71,0.0,26.477652,24.0,1641000.0,0.0,0.0,0,6
1698341227.7120001,74,5.0,9.536586,116072.72,14.285714,26.553743,24.0,7925963.0,0.0,40.0,101852,6
1698341227.812,74,5.0,7.704918,179485.14,0.0,26.38178,24.0,7384633.5,0.0,40.0,0,6
1698341227.912,74,5.0,9.35,156666.67,6.6666665,26.255795,24.0,8993000.0,0.0,40.0,101852,6
1698341228.012,74,5.0,12.588235,112000.0,9.090909,26.47908,24.0,4274000.0,0.0,0.0,0,6
1698341228.1130002,74,5.0,0.0,31841.584,0.0,26.452213,24.0,2390653.5,0.0,40.0,120794,6
1698341228.2120001,74,5.0,9.916668,207090.89,5.5555553,26.369396,24.0,8596908.0,0.0,40.0,0,6
1698341228.312,74,5.0,9.190476,62325.58,0.0,26.675539,24.0,5366883.5,0.0,40.0,120538,6
1698341228.412,74,5.0,9.494506,217742.56,6.818182,26.310673,24.0,9415841.0,0.0,40.0,0,6
1698341228.512,74,5.0,0.0,0.0,0.0,27.615833,24.0,640599.94,0.0,40.0,140365,6
1698341228.614,74,5.0,9.945946,227399.98,0.0,26.132189,24.0,10257599.0,0.0,40.0,11994,6
1698341228.713,74,5.0,15.0,32640.0,0.0,26.449345,24.0,1560160.0,0.0,40.0,140365,6
1698341228.812,74,0.1,12.425,226888.875,11.764706,25.788347,24.0,10327999.0,0.0,40.0,11738,6
1698341228.912,74,5.0,0.0,0.0,0.0,0.0,0.0,0.0,0.0,0.0,0,6
1698341229.019,74,5.0,9.337663,166320.0,6.060606,26.159447,24.0,8569120.0,0.0,40.0,42172,6
1698341229.112,74,5.0,0.0,0.0,0.0,0.0,0.0,0.0,0.0,0.0,0,6
1698341229.213,74,0.1,7.88,260363.64,0.0,26.852432,24.0,10296000.0,0.0,0.0,42428,6
1698341229.312,74,5.0,7.6086955,80565.65,0.0,26.675528,24.0,3281454.25,0.0,40.0,0,6
1698341229.412,74,0.1,10.093749,223999.98,7.6923075,26.205057,24.0,9874758.0,0.0,40.0,72259,6
1698341229.512,74,5.0,0.0,0.0,0.0,0.0,0.0,0.0,0.0,0.0,0,6
1698341229.614,74,5.0,10.111111,123009.9,0.0,26.15077,24.0,6558811.5,0.0,40.0,72515,6
1698341229.7120001,74,5.0,0.0,0.0,0.0,0.0,0.0,0.0,0.0,0.0,0,6
1698341229.813,74,0.1,12.083333,231238.08,18.181818,26.489317,24.0,10277714.0,0.0,40.0,102108,6
1698341229.912,74,5.0,7.9836063,172444.44,0.0,26.397102,24.0,7425939.0,0.0,40.0,0,6
1698341230.012,74,0.1,8.0,232499.98,0.0,26.470346,24.0,10416000.0,0.0,40.0,101852,6
1698341230.112,74,0.1,0.0,0.0,0.0,0.0,0.0,0.0,0.0,0.0,0,6
1698341230.2120001,74,5.0,13.368421,27878.785,0.0,26.420261,24.0,2331070.5,0.0,40.0,120538,6
1698341230.312,74,0.1,0.0,127384.61,0.0,26.726208,24.0,3782769.25,0.0,0.0,0,6
1698341230.412,74,0.1,0.0,228666.67,0.0,25.661165,24.0,10328000.0,0.0,0.0,120794,6
1698341230.512,74,5.0,13.228262,214060.6,15.217391,25.810852,24.0,9498181.0,0.0,40.0,0,6
1698341230.612,74,0.1,0.0,0.0,0.0,24.948954,24.0,3559999.75,0.0,0.0,140621,6
1698341230.7120001,74,0.1,7.181818,334999.97,0.0,25.938301,24.0,10679999.0,0.0,0.0,11994,6
1698341230.812,74,5.0,8.0,32161.613,0.0,26.341452,24.0,1468040.25,0.0,40.0,140365,6
1698341230.912,74,0.1,7.0,214399.98,0.0,26.08233,24.0,10679999.0,0.0,0.0,11994,6
1698341231.012,74,0.1,0.0,0.0,0.0,0.0,0.0,0.0,0.0,0.0,0,6
1698341231.112,74,4.3333335,9.434211,165840.0,8.823529,26.282286,24.0,8462320.0,0.0,40.0,42172,6
1698341231.2120001,74,0.1,0.0,0.0,0.0,0.0,0.0,0.0,0.0,0.0,0,6
1698341231.312,74,5.0,0.0,169454.53,3.125,0.0,0.0,8547797.0,0.0,40.0,42172,6
1698341231.412,74,5.0,8.103448,79603.96,6.25,26.236492,24.0,3322217.75,0.0,40.0,0,6
1698341231.513,74,5.0,13.283334,125840.0,4.1666665,25.43378,24.0,6517600.0,0.0,40.0,72515,6
1698341231.612,74,5.0,12.023255,123833.336,4.347826,25.875856,24.0,5231250.0,0.0,40.0,0,6
1698341231.7120001,74,5.0,13.728813,127157.88,4.347826,25.245632,24.0,6748210.0,0.0,40.0,72259,6
1698341231.812,74,5.0,13.538462,129425.734,0.0,25.905094,24.0,5353425.5,0.0,40.0,0,6
1698341231.912,74,5.0,13.840909,87090.9,6.6666665,26.476456,24.0,4953727.0,0.0,40.0,101852,6
1698341232.012,74,5.0,11.322034,170067.4,9.67742,26.219244,24.0,6987775.0,0.0,40.0,0,6
1698341232.112,74,5.0,9.111111,75474.74,0.0,26.908493,24.0,4511191.5,0.0,40.0,101852,6
1698341232.2120001,74,5.0,11.877193,166023.53,7.142857,26.456356,24.0,6863717.5,0.0,40.0,0,6
1698341232.312,74,5.0,8.904762,32289.154,0.0,25.53759,24.0,2780433.5,0.0,40.0,120538,6
1698341232.412,74,5.0,13.535714,221227.72,4.6511626,25.466389,24.0,9415841.0,0.0,40.0,0,6
1698341232.512,74,4.5,8.25,33699.996,0.0,25.563541,24.0,2884699.75,0.0,40.0,120538,6
1698341232.612,74,5.0,10.045455,214199.98,8.571428,25.651428,24.0,9189599.0,0.0,40.0,0,6
1698341232.7120001,74,4.6666665,0.0,0.0,0.0,27.95778,24.0,258828.27,0.0,40.0,140365,6
1698341232.812,74,5.0,10.37037,226526.3,8.571428,26.17559,24.0,10290947.0,0.0,40.0,11738,6
1698341232.913,74,5.0,0.0,0.0,0.0,27.26247,24.0,484053.3,0.0,40.0,140621,6
1698341233.012,74,5.0,8.930693,210505.03,4.878049,26.098116,24.0,10253333.0,0.0,40.0,11738,6
1698341233.112,74,5.0,0.0,0.0,0.0,27.691685,24.0,376823.5,0.0,40.0,140365,6
1698341233.213,74,5.0,13.032258,232117.64,0.0,26.120773,24.0,10307294.0,0.0,40.0,11994,6
1698341233.312,74,5.0,15.0,32969.695,0.0,26.177755,24.0,1209212.0,0.0,0.0,0,6
1698341233.413,74,5.0,13.842857,232242.42,3.4482758,26.041502,24.0,10134182.0,0.0,40.0,42428,6
1698341233.512,74,5.0,0.0,8625.0,0.0,0.0,0.0,0.0,0.0,0.0,0,6
1698341233.612,74,5.0,12.977013,171232.31,11.428572,26.012651,24.0,8547797.0,0.0,40.0,42172,6
1698341233.7120001,74,5.0,0.0,0.0,0.0,0.0,0.0,0.0,0.0,0.0,0,6
1698341233.8140001,74,5.0,10.576271,203409.83,8.0,26.25597,24.0,10264524.0,0.0,40.0,72771,6
1698341233.912,74,5.0,10.723404,126122.445,8.0,26.008633,24.0,5299346.5,0.0,40.0,0,6
1698341234.013,74,5.0,9.291667,222792.44,4.347826,25.78375,24.0,10281509.0,0.0,40.0,72515,6
1698341234.112,74,5.0,0.0,43294.117,0.0,26.780167,24.0,545411.75,0.0,0.0,0,6
1698341234.2120001,74,5.0,7.8285713,75474.74,0.0,26.024967,24.0,4403313.0,0.0,40.0,101852,6
1698341234.312,74,5.0,12.571428,110367.34,9.090909,25.90105,24.0,4318530.5,0.0,0.0,0,6
1698341234.412,74,5.0,14.205882,163063.83,0.0,26.11348,24.0,9184340.0,0.0,40.0,101852,6
1698341234.512,74,5.0,12.285715,172039.6,5.882353,26.287462,24.0,7384633.5,0.0,40.0,0,6
1698341234.6130002,74,5.0,13.411765,80390.24,0.0,26.719812,24.0,5889170.5,0.0,40.0,120794,6
1698341234.7120001,74,5.0,12.757576,190399.98,6.6666665,26.56575,24.0,8388599.5,0.0,40.0,0,6
1698341234.813,74,5.0,9.26087,37306.93,0.0,26.64348,24.0,2390653.5,0.0,40.0,120794,6
1698341234.912,74,5.0,9.227273,202378.375,6.6666665,26.586962,24.0,8028324.0,0.0,40.0,0,6
1698341235.013,74,0.1,0.0,0.0,0.0,28.437387,24.0,732114.3,0.0,40.0,140365,6
1698341235.1130002,74,5.0,9.366667,212435.64,2.4390244,26.292873,24.0,10261782.0,0.0,40.0,11738,6
1698341235.213,74,0.1,0.0,0.0,0.0,27.539104,24.0,1100121.25,0.0,40.0,140365,6
1698341235.312,74,5.0,7.6538463,223741.92,0.0,26.327797,24.0,10271225.0,0.0,40.0,11738,6
1698341235.412,74,5.0,8.0,36831.684,0.0,26.630178,24.0,1291009.9,0.0,0.0,0,6
1698341235.513,74,5.0,10.689655,225103.44,7.6923075,26.410292,24.0,10243034.0,0.0,0.0,42172,6
1698341235.612,74,0.1,0.0,0.0,0.0,0.0,0.0,0.0,0.0,0.0,0,6
1698341235.713,74,5.0,13.243904,168880.0,6.060606,26.324827,24.0,8569120.0,0.0,40.0,42172,6
1698341235.812,74,0.1,0.0,0.0,0.0,0.0,0.0,0.0,0.0,0.0,0,6
1698341235.912,74,5.0,7.875,281043.47,0.0,26.223467,24.0,10312695.0,0.0,40.0,72259,6
1698341236.012,74,5.0,10.181818,127207.914,4.0,26.183983,24.0,5353425.5,0.0,40.0,0,6
1698341236.112,74,5.0,10.25,219199.98,11.111111,26.01292,24.0,10257599.0,0.0,0.0,72259,6
1698341236.2120001,74,0.1,0.0,0.0,0.0,0.0,0.0,0.0,0.0,0.0,0,6
1698341236.313,74,5.0,14.5,76640.0,0.0,26.052872,24.0,4466080.0,0.0,40.0,102108,6
1698341236.412,74,0.1,0.0,0.0,0.0,0.0,0.0,0.0,0.0,0.0,0,6
1698341236.512,74,0.1,7.357143,245866.66,0.0,26.298079,24.0,10398400.0,0.0,40.0,101852,6
1698341236.612,74,5.0,11.121212,170613.86,5.882353,26.026964,24.0,7384633.5,0.0,40.0,0,6
1698341236.7120001,74,0.1,7.75,223333.33,0.0,26.13033,24.0,10328000.0,0.0,0.0,120538,6
1698341236.812,74,0.1,0.0,134000.0,0.0,26.65914,24.0,3208000.0,0.0,0.0,0,6
1698341236.912,74,5.0,12.708333,27440.0,16.666666,26.231104,24.0,2414560.0,0.0,40.0,120794,6
1698341237.012,74,0.1,0.0,206999.98,0.0,27.837265,24.0,806999.94,0.0,0.0,0,6
1698341237.112,74,0.1,0.0,0.0,0.0,25.60173,24.0,4577142.5,0.0,0.0,140621,6
1698341237.2120001,74,5.0,8.642858,211326.72,4.7619047,26.320059,24.0,10156039.0,0.0,40.0,11738,6
1698341237.312,74,0.1,0.0,0.0,0.0,26.44986,24.0,7120000.0,0.0,0.0,140365,6
1698341237.412,74,0.1,7.5,268000.0,0.0,26.257988,24.0,10679999.0,0.0,0.0,11994,6
1698341237.512,74,5.0,15.0,32480.0,14.285714,26.86798,24.0,1197120.0,0.0,0.0,0,6
1698341237.6130002,74,0.1,0.0,0.0,0.0,0.0,0.0,0.0,0.0,0.0,42428,6
1698341237.7120001,74,5.0,12.896552,80396.04,11.764706,26.097683,24.0,3216475.25,0.0,40.0,0,6
1698341237.812,74,5.0,8.847222,169387.75,3.125,26.356373,24.0,8635020.0,0.0,40.0,42172,6
1698341237.912,74,5.0,8.461538,79128.71,0.0,26.302471,24.0,3322217.75,0.0,40.0,0,6
1698341238.013,74,5.0,11.089286,128412.37,4.1666665,26.302439,24.0,6719175.0,0.0,40.0,72515,6
1698341238.112,74,5.0,10.95,123500.0,4.347826,26.478075,24.0,5231250.0,0.0,40.0,0,6
1698341238.213,74,5.0,13.561404,124910.89,4.1666665,26.49143,24.0,6453069.0,0.0,40.0,72515,6
1698341238.312,74,5.0,10.418605,115784.945,13.043478,26.479036,24.0,4940645.0,0.0,40.0,0,6
1698341238.412,74,5.0,7.75,82109.88,0.0,26.752905,24.0,4790417.5,0.0,40.0,101852,6
1698341238.512,74,5.0,9.750001,170138.61,5.882353,26.56851,24.0,7384633.5,0.0,40.0,0,6
1698341238.6130002,74,5.0,9.973684,84314.6,0.0,26.650925,24.0,5018067.5,0.0,40.0,101852,6
1698341238.7120001,74,5.0,8.980769,172873.55,3.4482758,26.555511,24.0,7074206.5,0.0,40.0,0,6
1698341238.813,74,5.0,8.789474,31841.584,0.0,26.63517,24.0,2390653.5,0.0,40.0,120794,6
1698341238.912,74,5.0,10.9375,213925.92,5.882353,26.612965,24.0,9208000.0,0.0,40.0,0,6
1698341239.012,74,5.0,13.866667,34936.707,0.0,26.726393,24.0,2921215.0,0.0,40.0,120538,6
1698341239.112,74,5.0,12.11111,219485.14,4.6511626,26.593788,24.0,9415841.0,0.0,40.0,0,6
1698341239.2120001,74,5.0,0.0,0.0,0.0,27.339996,24.0,477684.2,0.0,40.0,140621,6
1698341239.312,74,5.0,12.048194,231893.33,5.882353,26.572739,24.0,10285760.0,0.0,40.0,11738,6
1698341239.413,74,5.0,8.0,42297.027,0.0,26.909391,24.0,1650455.4,0.0,40.0,140621,6
1698341239.512,74,5.0,11.04,225555.55,6.25,26.523449,24.0,10269333.0,0.0,40.0,11738,6
1698341239.6130002,74,5.0,0.0,0.0,0.0,27.089508,24.0,511323.94,0.0,40.0,140621,6
1698341239.713,74,5.0,9.760417,212752.47,0.0,26.469828,24.0,10156039.0,0.0,40.0,11994,6
1698341239.812,74,5.0,0.0,0.0,0.0,0.0,0.0,0.0,0.0,0.0,0,6
1698341239.913,74,5.0,13.117647,232117.64,0.0,26.428188,24.0,10307294.0,0.0,40.0,42428,6
1698341240.012,74,5.0,12.44,81680.0,0.0,26.71784,24.0,3248640.0,0.0,40.0,0,6
1698341240.1130002,74,5.0,13.123287,238999.98,12.5,26.420551,24.0,10284000.0,0.0,40.0,42172,6
1698341240.2120001,74,5.0,0.0,0.0,0.0,0.0,0.0,0.0,0.0,0.0,0,6
1698341240.312,74,5.0,13.344829,125840.0,8.0,26.12382,24.0,6517600.0,0.0,40.0,72259,6
1698341240.412,74,5.0,15.0,47578.945,16.666666,26.378857,24.0,1612210.4,0.0,0.0,0,6
1698341240.513,74,5.0,10.358492,222428.56,8.0,26.196432,24.0,10302857.0,0.0,40.0,72515,6
1698341240.612,74,5.0,10.391304,123440.0,4.1666665,26.248358,24.0,5300160.0,0.0,40.0,0,6
1698341240.7120001,74,5.0,11.35,134615.375,7.142857,25.755442,24.0,8383230.5,0.0,40.0,101852,6
1698341240.812,74,5.0,13.166667,114615.38,15.384615,26.312672,24.0,4685538.5,0.0,40.0,0,6
1698341240.912,74,5.0,7.8461537,74720.0,0.0,25.948078,24.0,4466080.0,0.0,40.0,101852,6
1698341241.012,74,5.0,12.944445,109714.28,9.090909,27.05797,24.0,4318530.5,0.0,0.0,0,6
1698341241.1130002,74,5.0,7.571429,67000.0,0.0,26.369448,24.0,5030333.5,0.0,40.0,120794,6
1698341241.2120001,74,5.0,10.206896,217050.48,4.7619047,26.0711,24.0,9498181.0,0.0,40.0,0,6
1698341241.313,74,5.0,11.409091,72177.77,0.0,26.364355,24.0,5365688.5,0.0,40.0,120794,6
1698341241.412,74,5.0,13.272727,210727.25,0.0,26.616976,24.0,8354181.0,0.0,40.0,0,6
1698341241.512,74,5.0,0.0,0.0,0.0,27.817368,24.0,258828.27,0.0,40.0,140365,6
1698341241.6130002,74,5.0,14.289474,239219.5,5.263158,26.806948,24.0,10267902.0,0.0,40.0,11994,6
1698341241.713,74,5.0,0.0,0.0,0.0,27.743137,24.0,907599.94,0.0,40.0,140621,6
1698341241.812,74,5.0,12.441176,213575.75,11.363636,25.886675,24.0,10253333.0,0.0,40.0,11738,6
1698341241.912,74,5.0,0.0,0.0,0.0,0.0,0.0,0.0,0.0,0.0,0,6
1698341242.013,74,0.1,13.806452,228222.2,0.0,25.526735,24.0,10327999.0,0.0,0.0,42172,6
1698341242.112,74,5.0,12.766666,82505.05,0.0,25.523668,24.0,3281454.25,0.0,40.0,0,6
1698341242.217,74,4.0,13.942857,212888.875,6.6666665,22.81653,24.0,9320666.0,8.333333,0.0,41900,6
1698341242.312,74,0.1,0.0,0.0,0.0,0.1,24.32558,0.0,100.0,0.0,15812,6
1698341242.4160001,74,0.1,0.0,0.0,0.0,0.1,24.663795,0.0,100.0,0.0,0,6
1698341242.512,74,0.1,0.0,0.0,0.0,0.0,0.0,0.0,0.0,0.0,0,6
1698341242.612,74,0.1,0.0,0.0,0.0,0.0,0.0,0.0,0.0,0.0,0,6
1698341242.7120001,74,0.1,0.0,0.0,0.0,0.0,0.0,0.0,0.0,0.0,0,6
1698341242.812,74,0.1,0.0,0.0,0.0,0.0,0.0,0.0,0.0,0.0,0,6
1698341242.912,74,0.1,0.0,0.0,0.0,0.0,0.0,0.0,0.0,0.0,0,6
1698341243.012,74,0.1,0.0,0.0,0.0,0.0,0.0,0.0,0.0,0.0,0,6
1698341243.112,74,0.1,0.0,0.0,0.0,0.0,0.0,0.0,0.0,0.0,0,6
1698341243.2120001,74,0.1,0.0,0.0,0.0,0.0,0.0,0.0,0.0,0.0,0,6
1698341243.312,74,0.1,0.0,0.0,0.0,0.0,0.0,0.0,0.0,0.0,0,6
1698341243.412,74,0.1,0.0,0.0,0.0,0.0,0.0,0.0,0.0,0.0,0,6
1698341243.512,74,0.1,0.0,0.0,0.0,0.0,0.0,0.0,0.0,0.0,0,6
1698341243.612,74,0.1,0.0,0.0,0.0,0.0,0.0,0.0,0.0,0.0,0,6
1698341243.7120001,74,0.1,0.0,0.0,0.0,0.0,0.0,0.0,0.0,0.0,0,6
1698341243.812,74,0.1,0.0,0.0,0.0,0.0,0.0,0.0,0.0,0.0,0,6
1698341243.912,74,0.1,0.0,0.0,0.0,0.0,0.0,0.0,0.0,0.0,0,6
1698341244.012,74,0.1,0.0,0.0,0.0,0.0,0.0,0.0,0.0,0.0,0,6
1698341244.112,74,0.1,0.0,0.0,0.0,0.0,0.0,0.0,0.0,0.0,0,6
1698341244.2120001,74,0.1,0.0,0.0,0.0,0.0,0.0,0.0,0.0,0.0,0,6
1698341244.312,74,0.1,0.0,0.0,0.0,0.0,0.0,0.0,0.0,0.0,0,6
1698341244.412,74,0.1,0.0,0.0,0.0,0.0,0.0,0.0,0.0,0.0,0,6
1698341244.512,74,0.1,0.0,0.0,0.0,0.0,0.0,0.0,0.0,0.0,0,6
1698341244.612,74,0.1,0.0,0.0,0.0,0.0,0.0,0.0,0.0,0.0,0,6
1698341244.7120001,74,0.1,0.0,0.0,0.0,0.0,0.0,0.0,0.0,0.0,0,9
1698341244.7120001,76,0.1,0.0,0.0,0.0,0.0,0.0,0.0,100.0,0.0,0,9
1698341244.7120001,77,5.0,4.5,5917.8076,0.0,0.0,0.0,117589.03,0.0,40.0,0,9
1698341244.7120001,78,0.1,0.0,0.0,0.0,0.0,0.0,0.0,100.0,0.0,0,9
1698341244.812,77,5.0,3.1818182,7569.892,0.0,0.0,0.0,137548.39,0.0,40.0,0,9
1698341244.912,77,5.0,0.0,12960.0,0.0,27.873148,24.0,558800.0,0.0,40.0,0,9
1698341245.012,77,5.0,5.8461537,69272.72,0.0,26.254925,24.0,2589818.0,0.0,40.0,3226,9
1698341245.112,77,5.0,5.9078946,522909.06,0.0,25.105194,24.0,10247999.0,0.0,40.0,13757,9
1698341245.213,77,5.0,7.3365383,240712.86,0.0,25.72325,24.0,10261782.0,0.0,40.0,17876,9
1698341245.312,77,5.0,7.670886,229333.31,0.0,26.315079,24.0,10227428.0,0.0,40.0,22142,9
1698341245.413,77,5.0,7.4418607,225317.64,0.0,26.585932,24.0,10156800.0,0.0,40.0,33891,9
1698341245.512,77,5.0,7.3979588,227070.69,0.0,26.573202,24.0,10253333.0,0.0,40.0,33635,9
1698341245.612,77,5.0,7.450704,232315.78,0.0,26.572887,24.0,10235368.0,0.0,40.0,40892,9
1698341245.713,77,5.0,7.289855,224540.53,0.0,26.663414,24.0,10367676.0,0.0,40.0,49644,9
1698341245.812,77,5.0,7.4835167,230640.0,0.0,26.670204,24.0,10150800.0,0.0,40.0,50156,9
1698341245.912,77,5.0,7.269841,225275.34,0.0,26.811718,24.0,10096695.0,0.0,40.0,60102,9
1698341246.013,77,5.0,7.3913045,228823.52,0.0,26.797016,24.0,10245176.0,0.0,40.0,60358,9
1698341246.112,77,5.0,7.3131313,227232.31,0.0,26.79875,24.0,10253333.0,0.0,40.0,60102,9
1698341246.2120001,77,5.0,7.1153846,228721.3,0.0,26.849329,24.0,10089442.0,0.0,40.0,71747,9
1698341246.313,77,5.0,7.355932,231999.98,0.0,26.911514,24.0,10257600.0,0.0,40.0,71747,9
1698341246.412,77,5.0,7.4245276,227393.92,0.0,26.754398,24.0,10253333.0,0.0,40.0,69699,9
1698341246.512,77,5.0,7.5510206,229142.84,0.0,26.553366,24.0,10227428.0,0.0,40.0,83332,9
1698341246.6130002,77,5.0,7.490909,230571.42,0.0,26.60048,24.0,10227428.0,0.0,40.0,88196,9
1698341246.7120001,77,5.0,7.586207,228202.0,0.0,26.6087,24.0,10253333.0,0.0,40.0,88196,9
1698341246.812,77,5.0,7.351852,223094.33,0.0,26.475584,24.0,10079999.0,0.0,40.0,88196,9
1698341246.913,77,5.0,7.265306,231215.67,0.0,26.599745,24.0,10265882.0,0.0,40.0,87940,9
1698341247.012,77,5.0,7.142857,227555.55,0.0,26.560438,24.0,10253333.0,0.0,40.0,103900,9
1698341247.1130002,77,5.0,7.3137255,227591.83,0.0,26.600368,24.0,10248979.0,0.0,40.0,104156,9
1698341247.2120001,77,5.0,7.4761906,228425.52,0.0,26.583807,24.0,10230638.0,0.0,40.0,103644,9
1698341247.312,77,5.0,7.510416,223680.0,0.0,26.717468,24.0,10257600.0,0.0,40.0,103644,9
1698341247.413,77,5.0,7.5833335,220682.92,0.0,26.625256,24.0,10267902.0,0.0,0.0,103900,9
1698341247.512,77,5.0,7.8421054,226999.98,0.0,26.717857,24.0,10257599.0,0.0,0.0,103644,9
1698341247.612,77,5.0,7.712766,229200.0,0.0,26.57793,24.0,10257600.0,0.0,40.0,103644,9
1698341247.713,77,5.0,8.0,224842.1,0.0,26.69249,24.0,9954315.0,0.0,0.0,87940,9
1698341247.812,77,5.0,7.8125,227885.72,0.0,26.696684,24.0,10197257.0,0.0,0.0,103644,9
1698341247.912,77,5.0,7.709677,152950.48,0.0,26.83204,24.0,6728079.0,0.0,40.0,0,9
1698341248.013,77,5.0,7.5,187294.11,0.0,26.550974,24.0,9993176.0,0.0,0.0,100316,9
1698341248.112,77,0.1,7.2,101419.35,0.0,26.666473,24.0,3308903.0,0.0,0.0,0,9
1698341248.213,77,5.0,7.5384617,63049.504,0.0,26.805334,24.0,3787405.75,0.0,40.0,100572,9
1698341248.312,77,0.1,0.0,63040.0,0.0,27.331085,24.0,1112640.0,0.0,0.0,0,9
1698341248.412,77,5.0,7.5,68521.734,0.0,26.68029,24.0,7062260.5,0.0,0.0,119002,9
1698341248.512,77,5.0,7.551724,228560.0,0.0,26.843452,24.0,10150800.0,0.0,40.0,0,9
1698341248.6130002,77,5.0,7.181818,92705.875,0.0,26.897242,24.0,10183058.0,0.0,0.0,119002,9
1698341248.7120001,77,0.1,7.0,245866.66,0.0,27.047615,24.0,8692800.0,0.0,0.0,0,9
1698341248.812,77,5.0,0.0,0.0,0.0,0.0,0.0,42217.82,0.0,40.0,143858,9
1698341248.912,77,0.1,7.3076925,242461.53,0.0,26.771635,24.0,9533538.0,0.0,40.0,10202,9
1698341249.012,77,0.1,0.0,0.0,0.0,0.0,0.0,355333.34,0.0,40.0,143858,9
1698341249.1130002,77,5.0,7.4606743,196080.0,0.0,26.78747,24.0,9937200.0,0.0,40.0,10458,9
1698341249.2120001,77,0.1,0.0,0.0,0.0,0.0,0.0,0.0,0.0,0.0,0,9
1698341249.312,77,0.1,8.0,229714.28,0.0,25.95031,24.0,10076571.0,0.0,0.0,40636,9
1698341249.412,77,5.0,7.2727275,94574.26,0.0,26.704176,24.0,3956673.25,0.0,40.0,0,9
1698341249.512,77,0.1,0.0,0.0,0.0,0.0,0.0,0.0,0.0,0.0,40636,9
1698341249.612,77,5.0,7.2727275,94574.26,0.0,26.788229,24.0,3956673.25,0.0,40.0,0,9
1698341249.713,77,5.0,7.3653846,105600.0,0.0,26.938852,24.0,5876800.0,0.0,40.0,70723,9
1698341249.812,77,5.0,7.529412,139474.73,0.0,26.7675,24.0,6000969.5,0.0,40.0,0,9
1698341249.912,77,5.0,7.571429,110666.664,0.0,26.806599,24.0,6010416.5,0.0,40.0,70723,9
1698341250.012,77,5.0,7.478261,136824.73,0.0,26.653242,24.0,5794391.5,0.0,40.0,0,9
1698341250.112,77,5.0,7.516129,58909.086,0.0,26.838123,24.0,3756040.25,0.0,40.0,100316,9
1698341250.2120001,77,5.0,7.34375,178516.84,0.0,26.777712,24.0,7707775.0,0.0,40.0,0,9
1698341250.313,77,5.0,7.625,72363.63,0.0,26.822803,24.0,4346908.5,0.0,40.0,100316,9
1698341250.412,77,5.0,7.5285716,180640.0,0.0,26.859756,24.0,7992480.0,0.0,40.0,0,9
1698341250.513,77,5.0,7.4375,19456.791,0.0,27.248419,24.0,2189827.25,0.0,40.0,119258,9
1698341250.612,77,5.0,7.470588,232499.98,0.0,26.745337,24.0,10124099.0,0.0,40.0,0,9
1698341250.7120001,77,5.0,0.0,15760.0,0.0,27.351654,24.0,1666960.0,0.0,40.0,119002,9
1698341250.812,77,5.0,7.4444447,232657.52,0.0,26.814058,24.0,9982355.0,0.0,40.0,0,9
1698341250.912,77,5.0,7.769231,22197.182,0.0,27.173923,24.0,2347831.0,0.0,40.0,119002,9
1698341251.012,77,5.0,7.322581,225663.36,0.0,26.795948,24.0,10050297.0,0.0,40.0,0,9
1698341251.112,77,5.0,0.0,0.0,0.0,0.0,0.0,61797.098,0.0,40.0,143858,9
1698341251.2120001,77,5.0,7.723077,218303.03,0.0,26.68459,24.0,10232000.0,0.0,40.0,10202,9
1698341251.312,77,5.0,7.4,47445.543,0.0,26.987951,24.0,1967683.1,0.0,40.0,143858,9
1698341251.413,77,5.0,7.709677,229415.36,0.0,26.759327,24.0,10225107.0,0.0,40.0,10202,9
1698341251.512,77,5.0,0.0,0.0,0.0,0.0,0.0,0.0,0.0,0.0,0,9
1698341251.6130002,77,5.0,7.589041,152316.83,0.0,26.769436,24.0,7849821.5,0.0,40.0,40892,9
1698341251.7120001,77,5.0,0.0,0.0,0.0,0.0,0.0,0.0,0.0,0.0,0,9
1698341251.812,77,5.0,7.4117646,224406.77,0.0,26.607687,24.0,10250440.0,0.0,40.0,40636,9
1698341251.912,77,5.0,7.470588,94574.26,0.0,26.625078,24.0,3956673.25,0.0,40.0,0,9
1698341252.013,77,5.0,7.480769,186385.95,0.0,26.624628,24.0,10235368.0,0.0,40.0,70979,9
1698341252.112,77,5.0,7.4,67054.54,0.0,26.495693,24.0,2564945.25,0.0,0.0,0,9
1698341252.213,77,5.0,7.5227275,105188.12,0.0,26.302132,24.0,5818613.5,0.0,40.0,70979,9
1698341252.312,77,5.0,7.571429,60615.383,0.0,26.576733,24.0,2178000.0,0.0,0.0,0,9
1698341252.412,77,5.0,7.4827585,113725.484,0.0,26.896074,24.0,7291137.0,0.0,40.0,100316,9
1698341252.512,77,5.0,7.4246573,183841.58,0.0,26.64211,24.0,8019089.0,0.0,40.0,0,9
1698341252.612,77,5.0,7.5588236,121500.0,0.0,26.65127,24.0,7746833.5,0.0,40.0,100316,9
1698341252.7120001,77,5.0,7.368421,134808.5,0.0,26.390203,24.0,5411234.0,0.0,40.0,0,9
1698341252.813,77,5.0,7.6,15760.0,0.0,26.68092,24.0,1773760.0,0.0,40.0,119258,9
1698341252.912,77,5.0,7.3414636,241454.53,0.0,26.542166,24.0,9957272.0,0.0,40.0,0,9
1698341253.013,77,5.0,7.5,35818.18,0.0,26.707823,24.0,4031272.5,0.0,40.0,119258,9
1698341253.112,77,5.0,7.556818,228560.0,0.0,26.159822,24.0,10044000.0,0.0,40.0,0,9
1698341253.2120001,77,5.0,0.0,0.0,0.0,0.0,0.0,118444.44,0.0,40.0,145193,9
1698341253.313,77,5.0,7.75,221555.55,0.0,26.394594,24.0,10210666.0,0.0,40.0,10458,9
1698341253.412,77,5.0,6.75,47600.0,0.0,26.502174,24.0,1880560.0,0.0,40.0,143858,9
1698341253.512,77,5.0,7.8125,232499.98,0.0,26.093197,24.0,10284000.0,0.0,40.0,10202,9
1698341253.612,77,5.0,0.0,0.0,0.0,0.0,0.0,0.0,0.0,0.0,0,9
1698341253.713,77,5.0,7.602941,155717.16,0.0,26.465315,24.0,8008403.5,0.0,40.0,40636,9
1698341253.812,77,5.0,0.0,0.0,0.0,0.0,0.0,0.0,0.0,0.0,0,9
1698341253.913,77,0.1,7.6842103,243000.0,0.0,26.602945,24.0,10328000.0,0.0,0.0,40892,9
1698341254.012,77,5.0,7.3513513,91070.7,0.0,26.702541,24.0,3928727.0,0.0,40.0,0,9
1698341254.115,77,0.1,7.6842103,228190.45,0.0,26.355314,24.0,10277714.0,0.0,40.0,70979,9
1698341254.2120001,77,5.0,0.0,0.0,0.0,0.0,0.0,0.0,0.0,0.0,0,9
1698341254.312,77,5.0,7.7222223,107313.125,0.0,26.711184,24.0,5828282.5,0.0,40.0,70723,9
1698341254.412,77,5.0,0.0,0.0,0.0,0.0,0.0,0.0,0.0,0.0,0,9
1698341254.513,77,0.1,8.0,232499.98,0.0,25.775589,24.0,10152000.0,0.0,0.0,100572,9
1698341254.612,77,5.0,7.602941,182464.64,0.0,26.421812,24.0,8073211.5,0.0,40.0,0,9
1698341254.7120001,77,0.1,8.0,220666.67,0.0,26.630621,24.0,10328000.0,0.0,0.0,100316,9
1698341254.812,77,0.1,0.0,0.0,0.0,0.0,0.0,0.0,0.0,0.0,0,9
1698341254.912,77,5.0,7.8125,15919.19,0.0,25.852142,24.0,1683797.9,0.0,40.0,119002,9
1698341255.012,77,0.1,5.0,264000.0,0.0,25.790194,24.0,7481999.5,0.0,0.0,0,9
1698341255.112,77,0.1,8.0,262666.66,0.0,26.36083,24.0,9976000.0,0.0,0.0,119002,9
1698341255.2120001,77,5.0,7.4395604,227920.0,0.0,25.930021,24.0,10044000.0,0.0,40.0,0,9
1698341255.312,77,0.1,0.0,0.0,0.0,0.0,0.0,0.0,0.0,0.0,143858,9
1698341255.412,77,0.1,0.0,259999.98,0.0,26.048145,24.0,10679999.0,0.0,0.0,10458,9
1698341255.512,77,5.0,7.3076925,47600.0,0.0,25.755241,24.0,1880560.0,0.0,40.0,143858,9
1698341255.612,77,0.1,0.0,0.0,0.0,0.0,0.0,10679999.0,0.0,0.0,10458,9
1698341255.7120001,77,0.1,6.714286,0.0,0.0,25.64883,24.0,0.0,0.0,0.0,0,9
1698341255.812,77,5.0,7.4657536,148160.0,0.0,25.83142,24.0,7821520.0,0.0,40.0,40636,9
1698341255.912,77,5.0,7.419355,94574.26,0.0,25.723616,24.0,3956673.25,0.0,40.0,0,9
1698341256.012,77,5.0,10.155844,156166.67,3.4482758,25.737028,24.0,8147416.5,0.0,40.0,40636,9
1698341256.112,77,5.0,8.941176,88247.42,11.111111,25.77087,24.0,3679422.5,0.0,40.0,0,9
1698341256.213,77,5.0,8.5,106240.0,0.0,25.920084,24.0,5876800.0,0.0,40.0,70979,9
1698341256.312,77,5.0,11.409091,134695.64,4.1666665,25.582203,24.0,5690869.0,0.0,40.0,0,9
1698341256.413,77,5.0,13.115385,112260.86,5.0,25.583261,24.0,6387825.5,0.0,40.0,70979,9
1698341256.512,77,5.0,11.701755,145840.0,6.8965516,25.543114,24.0,5940960.0,0.0,40.0,0,9
1698341256.612,77,5.0,12.258064,64380.95,9.090909,25.482332,24.0,4426761.5,0.0,40.0,100316,9
1698341256.7120001,77,5.0,8.666667,177523.8,0.0,25.481857,24.0,7581142.5,0.0,40.0,0,9
1698341256.812,77,5.0,9.32258,64160.0,7.6923075,25.661531,24.0,3825280.0,0.0,40.0,100316,9
1698341256.912,77,5.0,8.910714,177382.72,3.7037036,25.501741,24.0,7466370.5,0.0,40.0,0,9
1698341257.013,77,5.0,7.357143,19699.998,0.0,25.930487,24.0,2217199.75,0.0,40.0,119258,9
1698341257.112,77,5.0,12.4838705,233200.0,2.2727273,25.643267,24.0,10044000.0,0.0,40.0,0,9
1698341257.2120001,77,5.0,0.0,22333.332,0.0,26.105846,24.0,2315222.0,0.0,40.0,119002,9
1698341257.312,77,5.0,12.222223,233222.2,3.125,25.698097,24.0,9972666.0,0.0,40.0,0,9
1698341257.412,77,5.0,0.0,0.0,0.0,29.50525,24.0,43070.703,0.0,40.0,145193,9
1698341257.513,77,5.0,13.424658,228985.48,12.121212,25.778242,24.0,10251477.0,0.0,40.0,10458,9
1698341257.612,77,5.0,0.0,0.0,0.0,0.0,0.0,62705.88,0.0,40.0,143858,9
1698341257.7120001,77,5.0,12.068967,191272.72,7.894737,25.654097,24.0,9821817.0,1.0416666,40.0,10202,9
1698341257.812,77,5.0,0.0,0.0,0.0,0.0,0.0,0.0,0.0,0.0,0,9
1698341257.913,77,5.0,13.694915,227066.66,7.4074073,25.369802,24.0,10257600.0,0.0,40.0,40892,9
1698341258.012,77,5.0,11.000001,98101.0,0.0,25.360786,24.0,3928727.0,0.0,40.0,0,9
1698341258.1130002,77,5.0,13.781818,243285.7,3.8461537,25.301348,24.0,10418143.0,0.0,40.0,40892,9
1698341258.2120001,77,5.0,0.0,9857.143,0.0,0.0,0.0,0.0,0.0,0.0,0,9
1698341258.312,77,5.0,9.77193,107797.97,4.7619047,25.428755,24.0,5828282.5,0.0,40.0,70723,9
1698341258.412,77,5.0,10.0,60679.242,0.0,25.390642,24.0,2136905.5,0.0,0.0,0,9
1698341258.512,77,5.0,12.074074,211450.97,4.7619047,25.235271,24.0,10265882.0,0.0,40.0,70723,9
1698341258.612,77,5.0,13.215686,141280.0,3.7037036,25.325949,24.0,5940960.0,0.0,40.0,0,9
1698341258.713,77,5.0,13.542858,135666.67,0.0,25.377874,24.0,7969333.5,0.0,40.0,100572,9
1698341258.812,77,5.0,12.521739,134666.67,0.0,25.122099,24.0,5521000.0,0.0,40.0,0,9
1698341258.913,77,5.0,13.3,65120.0,0.0,25.314074,24.0,3825280.0,0.0,40.0,100572,9
1698341259.012,77,5.0,11.444445,143644.44,0.0,25.276676,24.0,5177066.5,0.0,0.0,0,9
1698341259.112,77,5.0,13.4827585,138604.64,8.333333,25.299223,24.0,8548465.0,0.0,0.0,100316,9
1698341259.2120001,77,5.0,12.617647,188594.05,0.0,25.242754,24.0,8019089.0,0.0,40.0,0,9
1698341259.313,77,5.0,11.6,39219.51,0.0,25.724289,24.0,4326244.0,0.0,40.0,119258,9
1698341259.412,77,5.0,12.235294,242736.83,0.0,25.4489,24.0,9954315.0,0.0,40.0,0,9
1698341259.513,77,5.0,11.846154,15920.792,0.0,26.084967,24.0,1756198.0,0.0,40.0,119258,9
1698341259.612,77,5.0,12.272727,232000.0,11.764706,25.39917,24.0,9646054.0,0.0,40.0,0,9
1698341259.7120001,77,5.0,0.0,0.0,0.0,29.43154,24.0,118444.44,0.0,40.0,143858,9
1698341259.813,77,5.0,12.919192,201040.0,7.5,25.557486,24.0,9937200.0,0.0,40.0,10458,9
1698341259.912,77,5.0,0.0,0.0,0.0,29.66169,24.0,129212.125,0.0,40.0,143858,9
1698341260.012,77,5.0,14.243902,219199.98,7.6923075,25.767525,24.0,10257600.0,0.0,40.0,10202,9
1698341260.112,77,5.0,10.454545,53544.55,0.0,25.738401,24.0,1925465.25,0.0,0.0,0,9
1698341260.2120001,77,5.0,12.681818,216320.0,9.090909,25.978582,24.0,10173120.0,0.0,0.0,40892,9
1698341260.312,77,0.1,0.0,0.0,0.0,0.0,0.0,0.0,0.0,0.0,0,9
1698341260.413,77,5.0,13.114285,155801.97,3.3333333,25.823442,24.0,7849821.5,0.0,40.0,40892,9
1698341260.512,77,0.1,0.0,0.0,0.0,0.0,0.0,0.0,0.0,0.0,0,9
1698341260.6130002,77,5.0,13.071428,243599.98,18.181818,25.808971,24.0,10257599.0,0.0,40.0,70979,9
1698341260.7120001,77,5.0,11.711865,140800.0,3.7037036,25.769516,24.0,5940960.0,0.0,40.0,0,9
1698341260.812,77,5.0,11.176471,237499.98,12.5,25.732939,24.0,9484500.0,0.0,40.0,70723,9
1698341260.912,77,0.1,0.0,0.0,0.0,0.0,0.0,0.0,0.0,0.0,0,9
1698341261.013,77,5.0,13.222222,65120.0,0.0,25.94133,24.0,3825280.0,0.0,40.0,100572,9
1698341261.112,77,0.1,0.0,0.0,0.0,0.0,0.0,0.0,0.0,0.0,0,9
1698341261.213,77,0.1,13.333333,268000.0,0.0,25.538708,24.0,10328000.0,0.0,0.0,100572,9
1698341261.312,77,5.0,11.766233,183680.0,8.1081085,25.87486,24.0,7992480.0,0.0,40.0,0,9
1698341261.412,77,0.1,11.9,200999.98,0.0,25.764929,24.0,10152000.0,0.0,0.0,119002,9
1698341261.512,77,0.1,0.0,270000.0,0.0,26.036993,24.0,7481999.5,0.0,0.0,0,9
1698341261.612,77,5.0,12.4375,10560.0,33.333332,26.012728,24.0,1773760.0,0.0,40.0,119258,9
1698341261.7120001,77,0.1,0.0,321599.97,0.0,25.969706,24.0,5563199.5,0.0,0.0,0,9
1698341261.812,77,0.1,0.0,0.0,0.0,0.0,0.0,0.0,0.0,0.0,143858,9
1698341261.912,77,5.0,12.676471,200400.0,7.5,25.489391,24.0,9937200.0,0.0,40.0,10458,9
1698341262.012,77,0.1,0.0,0.0,0.0,0.0,0.0,0.0,0.0,0.0,143858,9
1698341262.1130002,77,5.0,12.913043,201040.0,5.1282053,25.227247,24.0,9937200.0,0.0,40.0,10458,9
1698341262.2120001,77,5.0,12.857142,48560.0,10.0,25.124943,24.0,1837920.0,0.0,0.0,0,9
1698341262.313,77,5.0,11.743589,145520.0,10.0,25.255772,24.0,7928320.0,0.0,40.0,40892,9
1698341262.412,77,5.0,7.111111,85419.35,0.0,25.085754,24.0,3423741.75,0.0,40.0,0,9
1698341262.512,77,5.0,11.014286,165626.36,0.0,25.13735,24.0,8595076.0,0.0,40.0,40636,9
1698341262.612,77,5.0,12.545455,96792.08,10.0,25.040478,24.0,3956673.25,0.0,40.0,0,9
1698341262.713,77,5.0,12.038462,121707.86,0.0,25.19006,24.0,6603146.0,0.0,40.0,70979,9
1698341262.812,77,5.0,12.95122,131402.3,0.0,24.983868,24.0,5404137.5,0.0,40.0,0,9
1698341262.913,77,5.0,12.886793,107247.52,4.7619047,25.097532,24.0,5818613.5,0.0,40.0,70979,9
1698341263.012,77,5.0,13.025641,133458.83,9.090909,25.12327,24.0,5154353.0,0.0,40.0,0,9
1698341263.112,77,5.0,11.947369,64578.31,16.666666,25.092337,24.0,4480096.0,0.0,40.0,100316,9
1698341263.2120001,77,5.0,8.36,189782.17,7.6923075,24.994581,24.0,8019089.0,0.0,40.0,0,9
1698341263.313,77,5.0,7.5,78617.28,0.0,25.171185,24.0,4722568.0,0.0,40.0,100316,9
1698341263.412,77,5.0,9.14,173599.98,0.0,25.069902,24.0,7426199.5,0.0,40.0,0,9
1698341263.513,77,5.0,12.166667,16080.0,0.0,25.50365,24.0,1773760.0,0.0,40.0,119258,9
1698341263.612,77,5.0,12.523809,231896.08,0.0,25.22242,24.0,9963739.0,0.0,40.0,0,9
1698341263.713,77,5.0,12.25,21157.893,0.0,25.3471,24.0,2333894.5,0.0,40.0,119258,9
1698341263.812,77,5.0,12.88,233040.0,6.521739,25.085957,24.0,10044000.0,0.0,40.0,0,9
1698341263.912,77,5.0,0.0,0.0,0.0,0.0,0.0,61797.098,0.0,40.0,143858,9
1698341264.013,77,5.0,12.44,232117.64,9.375,25.276886,24.0,10245176.0,0.0,40.0,10458,9
1698341264.114,77,5.0,11.428572,48560.0,0.0,25.553608,24.0,1880560.0,0.0,40.0,143858,9
1698341264.2120001,77,5.0,9.385715,234249.98,9.67742,25.427137,24.0,10218000.0,0.0,40.0,10202,9
1698341264.312,77,5.0,0.0,0.0,0.0,0.0,0.0,0.0,0.0,0.0,0,9
1698341264.412,77,5.0,12.710145,151840.0,3.4482758,25.450869,24.0,7928320.0,0.0,40.0,40892,9
1698341264.512,77,5.0,0.0,0.0,0.0,0.0,0.0,0.0,0.0,0.0,0,9
1698341264.6130002,77,5.0,9.612904,227672.11,7.142857,25.235374,24.0,10264524.0,0.0,40.0,40892,9
1698341264.7120001,77,5.0,7.5,90160.0,0.0,25.424631,24.0,3889440.0,0.0,40.0,0,9
1698341264.812,77,5.0,11.301887,207076.92,4.7619047,25.337906,24.0,10273846.0,0.0,40.0,70723,9
1698341264.912,77,5.0,10.0,61846.152,0.0,25.582014,24.0,1972615.4,0.0,0.0,0,9
1698341265.012,77,5.0,10.72,107520.0,4.7619047,25.42139,24.0,5876800.0,0.0,40.0,70979,9
1698341265.112,77,5.0,0.0,24186.045,0.0,25.566765,24.0,496744.16,0.0,0.0,0,9
1698341265.213,77,5.0,7.111111,143999.98,0.0,25.11953,24.0,8596908.0,0.0,0.0,100572,9
1698341265.312,77,5.0,10.415585,182240.0,2.857143,25.184238,24.0,7992480.0,0.0,40.0,0,9
1698341265.412,77,5.0,12.633333,165555.55,0.0,25.113646,24.0,10210666.0,0.0,0.0,100316,9
1698341265.512,77,5.0,13.75,104666.664,0.0,25.10795,24.0,3918666.5,0.0,0.0,0,9
1698341265.6130002,77,5.0,11.909091,16080.0,0.0,25.612825,24.0,1773760.0,0.0,40.0,119002,9
1698341265.7120001,77,0.1,11.86207,236499.98,0.0,25.022846,24.0,9616500.0,0.0,40.0,0,9
1698341265.813,77,5.0,12.818182,50249.996,0.0,25.487171,24.0,5542999.5,0.0,40.0,119258,9
1698341265.912,77,5.0,9.636364,232808.06,8.510638,25.091225,24.0,10145454.0,0.0,40.0,0,9
1698341266.013,77,5.0,7.4545455,63040.0,0.0,25.026567,24.0,6924480.0,0.0,0.0,119258,9
1698341266.112,77,0.1,12.0,236480.0,0.0,25.01324,24.0,9060480.0,0.0,0.0,0,9
1698341266.2120001,77,5.0,0.0,0.0,0.0,29.32416,24.0,42640.0,0.0,40.0,143858,9
1698341266.313,77,0.1,12.722222,234285.7,0.0,25.230854,24.0,9769142.0,0.0,40.0,10458,9
1698341266.412,77,5.0,0.0,0.0,0.0,0.0,0.0,224421.03,0.0,40.0,143858,9
1698341266.514,77,5.0,12.598038,203564.34,7.3170733,25.020178,24.0,9944554.0,0.0,40.0,10458,9
1698341266.612,77,5.0,0.0,0.0,0.0,0.0,0.0,0.0,0.0,0.0,0,9
1698341266.713,77,0.1,15.0,238499.98,0.0,25.211517,24.0,10152000.0,0.0,0.0,40636,9
1698341266.812,77,5.0,12.189189,92240.0,5.5555553,24.987446,24.0,3889440.0,0.0,40.0,0,9
1698341266.912,77,0.1,15.0,272000.0,0.0,25.16365,24.0,11218000.0,0.0,0.0,40892,9
1698341267.012,77,0.1,0.0,0.0,0.0,0.0,0.0,0.0,0.0,0.0,0,9
1698341267.1130002,77,5.0,12.814815,103280.0,5.0,25.16236,24.0,5876800.0,0.0,40.0,70979,9
1698341267.2120001,77,0.1,0.0,0.0,0.0,0.0,0.0,0.0,0.0,0.0,0,9
1698341267.312,77,0.1,0.0,264000.0,0.0,25.025455,24.0,10679999.0,0.0,0.0,70723,9
1698341267.412,77,5.0,11.048388,140000.0,10.344828,25.023859,24.0,5940960.0,0.0,40.0,0,9
1698341267.512,77,0.1,0.0,536000.0,0.0,0.0,0.0,10679999.0,0.0,0.0,100572,9
1698341267.612,77,5.0,12.438356,186020.19,5.5555553,25.142776,24.0,8073211.5,0.0,40.0,0,9
1698341267.713,77,5.0,11.242424,64480.0,0.0,25.191877,24.0,3825280.0,0.0,40.0,100572,9
1698341267.812,77,5.0,9.2972975,181920.0,5.5555553,25.086597,24.0,7992480.0,0.0,40.0,0,9
1698341267.912,77,5.0,13.454545,17478.26,0.0,25.357403,24.0,1811912.9,0.0,40.0,119002,9
1698341268.012,77,5.0,12.976745,235478.23,4.7619047,24.94326,24.0,10034608.0,0.0,40.0,0,9
1698341268.1130002,77,5.0,12.071428,16080.0,0.0,25.541218,24.0,1773760.0,0.0,40.0,119258,9
1698341268.2120001,77,5.0,12.082355,233818.16,7.3170733,25.130354,24.0,10126636.0,0.0,40.0,0,9
1698341268.312,77,5.0,0.0,0.0,0.0,0.0,0.0,48454.543,0.0,40.0,143858,9
1698341268.412,77,5.0,13.032609,201200.0,5.1282053,25.347294,24.0,9937200.0,0.0,40.0,10202,9
1698341268.512,77,5.0,0.0,18917.646,0.0,27.20484,24.0,377411.75,0.0,40.0,143858,9
1698341268.6130002,77,5.0,11.333333,231619.03,7.6923075,25.407057,24.0,10277714.0,0.0,40.0,10458,9
1698341268.7120001,77,5.0,6.75,53120.0,0.0,25.374224,24.0,1837920.0,0.0,0.0,0,9
1698341268.813,77,5.0,9.227273,201246.73,0.0,25.332203,24.0,10241142.0,0.0,40.0,40892,9
1698341268.912,77,5.0,13.75,49157.89,0.0,25.42835,24.0,1856210.4,0.0,0.0,0,9
1698341269.012,77,5.0,9.535212,155280.0,6.451613,25.546028,24.0,7928320.0,0.0,40.0,40636,9
1698341269.112,77,5.0,7.4,42191.777,0.0,25.689648,24.0,1551451.9,0.0,0.0,0,9
1698341269.213,77,5.0,9.867925,148888.875,9.090909,25.54544,24.0,8162221.5,0.0,40.0,70979,9
1698341269.312,77,5.0,7.46,139474.73,0.0,25.644268,24.0,6000969.5,0.0,40.0,0,9
1698341269.413,77,5.0,11.644444,165907.67,4.7619047,25.50289,24.0,8975630.0,0.0,40.0,70979,9
1698341269.512,77,5.0,11.235294,92374.99,0.0,25.574123,24.0,3539249.75,0.0,0.0,0,9
1698341269.612,77,5.0,13.3125,60202.016,8.333333,25.85193,24.0,3756040.25,0.0,40.0,100316,9
1698341269.7120001,77,5.0,9.518518,158315.78,5.882353,25.509258,24.0,6261473.5,0.0,40.0,0,9
1698341269.812,77,5.0,10.424242,115142.85,7.6923075,25.646847,24.0,6830857.0,0.0,40.0,100572,9
1698341269.912,77,5.0,10.935898,182560.0,5.5555553,25.544655,24.0,7992480.0,0.0,40.0,0,9
1698341270.013,77,5.0,7.571429,29735.848,0.0,25.676691,24.0,3346716.75,0.0,40.0,119258,9
1698341270.112,77,5.0,7.5227275,230188.67,0.0,25.55457,24.0,9878490.0,0.0,40.0,0,9
1698341270.213,77,5.0,7.8125,15760.0,0.0,26.27302,24.0,1773760.0,0.0,40.0,119258,9
1698341270.312,77,5.0,13.25,233306.11,4.5454545,26.20371,24.0,9813061.0,0.0,40.0,0,9
1698341270.412,77,5.0,0.0,0.0,0.0,0.0,0.0,88833.336,0.0,40.0,143858,9
1698341270.512,77,5.0,10.53271,200808.06,9.756098,26.626986,24.0,9929696.0,0.0,40.0,10202,9
1698341270.612,77,5.0,0.0,0.0,0.0,32.014168,24.0,94755.555,0.0,40.0,143858,9
1698341270.7120001,77,5.0,10.403848,230727.25,13.636364,26.290897,24.0,10295999.0,0.0,40.0,10202,9
1698341270.812,77,5.0,7.3076925,47600.0,0.0,25.78917,24.0,1837920.0,0.0,0.0,0,9
1698341270.913,77,5.0,7.75,233756.1,0.0,27.014246,24.0,10267902.0,0.0,40.0,40892,9
1698341271.012,77,5.0,0.0,0.0,0.0,0.0,0.0,0.0,0.0,0.0,0,9
1698341271.1130002,77,5.0,8.914286,153425.73,9.375,26.564953,24.0,7849821.5,0.0,40.0,40892,9
1698341271.2120001,77,4.0,0.0,0.0,0.0,0.0,0.0,0.0,0.0,0.0,0,9
1698341271.312,77,0.1,7.419355,237935.47,0.0,26.690094,24.0,10271225.0,0.0,40.0,70723,9
1698341271.412,77,5.0,10.464286,138297.03,7.142857,26.64247,24.0,5987881.0,0.0,40.0,0,9
1698341271.513,77,0.1,10.84,222344.81,0.0,26.73994,24.0,10243034.0,0.0,40.0,70979,9
1698341271.612,77,5.0,0.0,0.0,0.0,0.0,0.0,0.0,0.0,0.0,0,9
1698341271.713,77,5.0,12.766666,65120.0,0.0,26.941692,24.0,3825280.0,0.0,40.0,100572,9
1698341271.812,77,6.0,0.0,64320.0,0.0,27.728642,24.0,1112640.0,0.0,0.0,0,9
1698341271.913,77,0.1,13.086957,248333.33,0.0,26.25499,24.0,10328000.0,0.0,0.0,100572,9
1698341272.012,77,6.0,13.026667,184960.0,0.0,26.237774,24.0,7992480.0,0.0,40.0,0,9
1698341272.1130002,77,0.1,12.071428,76571.42,0.0,26.642303,24.0,8243428.0,0.0,0.0,119002,9
1698341272.2120001,77,5.0,11.25,242799.98,0.0,26.269815,24.0,9189599.0,0.0,0.0,0,9
1698341272.313,77,5.0,11.857142,16080.0,0.0,26.907276,24.0,1773760.0,0.0,40.0,119258,9
1698341272.412,77,5.0,12.0,247999.98,0.0,26.42268,24.0,8926588.0,0.0,0.0,0,9
1698341272.512,77,0.1,0.0,0.0,0.0,0.0,0.0,266500.0,0.0,40.0,143858,9
1698341272.6130002,77,5.0,13.31132,190480.0,12.5,26.397968,24.0,9937200.0,0.0,40.0,10458,9
1698341272.7120001,77,0.1,0.0,0.0,0.0,0.0,0.0,355333.34,0.0,40.0,145193,9
1698341272.813,77,0.1,11.846154,180000.0,20.0,26.51022,24.0,10328000.0,0.0,40.0,10458,9
1698341272.912,77,5.0,7.0625,53280.0,0.0,26.328085,24.0,1837920.0,0.0,0.0,0,9
1698341273.013,77,0.1,8.0,214399.98,0.0,25.843372,24.0,10257599.0,0.0,0.0,40892,9
1698341273.112,77,0.1,0.0,0.0,0.0,0.0,0.0,0.0,0.0,0.0,0,9
1698341273.2120001,77,5.0,9.679013,155280.0,9.375,26.417925,24.0,7928320.0,0.0,40.0,40892,9
1698341273.312,77,0.1,0.0,0.0,0.0,0.0,0.0,0.0,0.0,0.0,0,9
1698341273.413,77,5.0,10.454545,149440.0,6.6666665,26.259985,24.0,7928320.0,0.0,40.0,40892,9
1698341273.512,77,5.0,9.657895,96640.0,5.263158,25.91259,24.0,3889440.0,0.0,40.0,0,9
1698341273.6130002,77,5.0,9.047618,101360.0,9.523809,26.128029,24.0,5876800.0,0.0,40.0,70979,9
1698341273.7120001,77,5.0,7.625,136824.73,0.0,26.153028,24.0,5794391.5,0.0,40.0,0,9
1698341273.812,77,5.0,11.698113,106916.664,5.0,26.20751,24.0,6121666.5,0.0,40.0,70979,9
1698341273.912,77,5.0,10.017858,144560.0,3.5714285,26.147509,24.0,5940960.0,0.0,40.0,0,9
1698341274.012,77,5.0,12.540543,72629.21,0.0,26.021101,24.0,4298067.5,0.0,40.0,100572,9
1698341274.112,77,5.0,11.940298,177909.08,6.451613,25.855019,24.0,7673999.5,0.0,40.0,0,9
1698341274.213,77,5.0,12.709678,65120.0,0.0,25.987968,24.0,3825280.0,0.0,40.0,100572,9
1698341274.312,77,5.0,9.38889,178864.2,3.5714285,25.885174,24.0,7466370.5,0.0,40.0,0,9
1698341274.413,77,5.0,11.916667,20099.998,0.0,26.223179,24.0,2217199.75,0.0,40.0,119258,9
1698341274.512,77,5.0,13.288459,228480.0,4.5454545,25.858662,24.0,10044000.0,0.0,40.0,0,9
1698341274.612,77,5.0,11.909091,22027.395,0.0,26.444597,24.0,2429808.0,0.0,40.0,119258,9
1698341274.7120001,77,5.0,12.582091,233888.875,0.0,25.974915,24.0,9972666.0,0.0,40.0,0,9
1698341274.812,77,5.0,0.0,0.0,0.0,30.022469,24.0,42640.0,0.0,40.0,143858,9
1698341274.912,77,5.0,13.25,228985.48,6.451613,25.894896,24.0,10251477.0,0.0,40.0,10458,9
1698341275.012,77,5.0,0.0,0.0,0.0,0.0,0.0,62705.88,0.0,40.0,143858,9
1698341275.1130002,77,5.0,13.306818,201520.0,5.1282053,25.879871,24.0,9937200.0,0.0,40.0,10458,9
1698341275.2120001,77,5.0,0.0,0.0,0.0,0.0,0.0,0.0,0.0,0.0,0,9
1698341275.313,77,5.0,13.375,237249.98,12.5,25.887333,24.0,10284000.0,0.0,40.0,40892,9
1698341275.412,77,5.0,11.790698,91920.0,10.526316,26.1617,24.0,3889440.0,0.0,40.0,0,9
1698341275.512,77,5.0,13.759259,232393.42,3.7037036,26.196323,24.0,10264524.0,0.0,40.0,40636,9
1698341275.612,77,5.0,0.0,0.0,0.0,0.0,0.0,0.0,0.0,0.0,0,9
1698341275.7120001,77,5.0,9.6,107200.0,4.7619047,26.2213,24.0,5876800.0,0.0,40.0,70979,9
1698341275.812,77,5.0,7.6666665,72842.1,0.0,26.118238,24.0,2662315.5,0.0,0.0,0,9
1698341275.913,77,5.0,12.058824,183571.42,5.0,26.080074,24.0,10227428.0,0.0,40.0,70979,9
1698341276.012,77,5.0,10.350877,144880.0,3.5714285,26.156013,24.0,5940960.0,0.0,40.0,0,9
1698341276.112,77,5.0,11.837839,114615.38,8.333333,26.36721,24.0,7150923.0,0.0,40.0,100316,9
1698341276.2120001,77,5.0,10.791667,145538.45,0.0,26.097855,24.0,5917846.0,0.0,40.0,0,9
1698341276.312,77,5.0,13.117647,59600.0,8.333333,26.228228,24.0,3825280.0,0.0,40.0,100572,9
1698341276.412,77,5.0,11.478261,143183.67,0.0,26.25297,24.0,5626285.5,0.0,40.0,0,9
1698341276.513,77,5.0,11.583333,33500.0,0.0,26.431623,24.0,3695333.25,0.0,40.0,119258,9
1698341276.612,77,5.0,12.57,232720.0,8.510638,26.158133,24.0,10044000.0,0.0,40.0,0,9
1698341276.713,77,5.0,12.615385,35733.332,0.0,26.587177,24.0,3941688.75,0.0,40.0,119258,9
1698341276.812,77,5.0,9.15,230727.25,5.0,26.110332,24.0,9810545.0,0.0,40.0,0,9
1698341276.912,77,5.0,0.0,0.0,0.0,0.0,0.0,42640.0,0.0,40.0,143858,9
1698341277.013,77,5.0,10.613637,223024.39,10.526316,26.247475,24.0,10267902.0,0.0,40.0,10458,9
1698341277.112,77,5.0,0.0,0.0,0.0,30.782068,24.0,106599.99,0.0,40.0,143858,9
1698341277.2120001,77,5.0,8.459184,197520.0,5.1282053,26.247849,24.0,9937200.0,0.0,40.0,10202,9
1698341277.312,77,5.0,0.0,0.0,0.0,0.0,0.0,0.0,0.0,0.0,0,9
1698341277.413,77,5.0,8.4,275096.75,5.882353,26.316523,24.0,10615741.0,0.0,0.0,40892,9
1698341277.512,77,5.0,8.0,89584.16,0.0,26.251158,24.0,3850930.5,0.0,40.0,0,9
1698341277.6130002,77,5.0,13.523809,238400.0,0.0,26.216938,24.0,10173120.0,0.0,0.0,40892,9
1698341277.7120001,77,0.1,0.0,0.0,0.0,0.0,0.0,0.0,0.0,0.0,0,9
1698341277.813,77,5.0,11.173079,107680.0,9.090909,26.291197,24.0,5876800.0,0.0,40.0,70979,9
1698341277.912,77,0.1,0.0,0.0,0.0,0.0,0.0,0.0,0.0,0.0,0,9
1698341278.013,77,5.0,9.1,212799.98,0.0,26.445562,24.0,10257599.0,0.0,40.0,70979,9
1698341278.112,77,5.0,9.586206,139360.0,7.142857,26.154749,24.0,5940960.0,0.0,40.0,0,9
1698341278.2120001,77,5.0,10.882353,267000.0,0.0,26.03296,24.0,10819499.0,0.0,0.0,100572,9
1698341278.312,77,0.1,0.0,0.0,0.0,0.0,0.0,0.0,0.0,0.0,0,9
1698341278.413,77,5.0,12.757576,64475.246,0.0,26.17126,24.0,3893148.5,0.0,40.0,100828,9
1698341278.512,77,0.1,0.0,0.0,0.0,0.0,0.0,0.0,0.0,0.0,0,9
1698341278.612,77,0.1,11.583333,134000.0,0.0,26.244701,24.0,10328000.0,0.0,0.0,119002,9
1698341278.7120001,77,5.0,11.885417,232240.0,8.510638,26.264376,24.0,10044000.0,0.0,40.0,0,9
1698341278.812,77,0.1,8.0,207999.98,0.0,26.888178,24.0,9835199.0,0.0,0.0,119258,9
1698341278.912,77,0.1,0.0,259999.98,0.0,27.154556,24.0,5339999.5,0.0,0.0,0,9
1698341279.012,77,5.0,0.0,0.0,0.0,0.0,0.0,42640.0,0.0,40.0,143858,9
1698341279.1130002,77,5.0,11.313725,199440.0,7.5,26.06892,24.0,9937200.0,0.0,40.0,10458,9
1698341279.2120001,77,5.0,7.857143,42804.12,0.0,26.308409,24.0,1608412.4,0.0,40.0,143858,9
1698341279.313,77,5.0,11.193182,209936.83,5.1282053,26.637825,24.0,10347789.0,0.0,40.0,10458,9
1698341279.412,77,5.0,7.5,42138.613,0.0,26.561356,24.0,1819722.75,0.0,0.0,0,9
1698341279.513,77,5.0,10.376623,167655.9,6.451613,26.889229,24.0,8525075.0,0.0,40.0,40892,9
1698341279.612,77,5.0,9.12,81043.47,0.0,26.92596,24.0,3344869.25,0.0,40.0,0,9
1698341279.7120001,77,5.0,13.43662,157840.0,3.3333333,26.333845,24.0,7928320.0,0.0,40.0,40892,9
1698341279.812,77,5.0,11.772727,85033.7,6.6666665,26.539513,24.0,3097618.0,0.0,40.0,0,9
1698341279.912,77,5.0,9.680851,121636.35,4.7619047,26.752995,24.0,6678181.5,0.0,40.0,70979,9
1698341280.012,77,5.0,9.019231,138400.0,3.7037036,26.595865,24.0,5940960.0,0.0,40.0,0,9
1698341280.1130002,77,5.0,10.537037,118418.6,9.523809,26.767368,24.0,6957674.0,0.0,40.0,71235,9
1698341280.2120001,77,5.0,10.3076935,121047.61,9.523809,26.546593,24.0,5138857.0,0.0,40.0,0,9
1698341280.312,77,5.0,7.5,63680.0,0.0,26.806053,24.0,3825280.0,0.0,40.0,100316,9
1698341280.412,77,5.0,9.188678,171456.8,3.7037036,26.495785,24.0,7466370.5,0.0,40.0,0,9
1698341280.512,77,5.0,9.600001,80199.99,7.6923075,26.628809,24.0,4781599.5,0.0,40.0,100572,9
1698341280.612,77,5.0,8.623377,181120.0,5.5555553,26.52016,24.0,7992480.0,0.0,40.0,0,9
1698341280.713,77,5.0,7.5454545,82701.29,0.0,26.456175,24.0,4967895.5,0.0,40.0,100572,9
1698341280.812,77,5.0,10.160001,176315.78,3.8461537,26.386902,24.0,7254947.0,0.0,40.0,0,9
1698341280.913,77,5.0,7.181818,15760.0,0.0,26.88182,24.0,1773760.0,0.0,40.0,119002,9
1698341281.012,77,5.0,7.4098363,230724.625,0.0,26.547686,24.0,9941912.0,0.0,40.0,0,9
1698341281.112,77,5.0,7.357143,23176.469,0.0,26.929789,24.0,2608470.5,0.0,40.0,119258,9
1698341281.2120001,77,5.0,8.25,228320.0,0.0,26.407461,24.0,10044000.0,0.0,40.0,0,9
1698341281.312,77,5.0,0.0,0.0,0.0,31.94834,24.0,69901.63,0.0,40.0,143858,9
1698341281.412,77,5.0,9.779661,224133.33,3.8461537,26.507887,24.0,10257600.0,0.0,40.0,10458,9
1698341281.512,77,5.0,7.142857,53280.0,0.0,26.6158,24.0,1880560.0,0.0,40.0,143858,9
1698341281.6130002,77,5.0,9.6,225684.2,4.0,26.60998,24.0,10235368.0,0.0,40.0,10458,9
1698341281.7120001,77,5.0,0.0,0.0,0.0,0.0,0.0,0.0,0.0,0.0,0,9
1698341281.813,77,5.0,7.5147057,152633.66,0.0,26.566076,24.0,7955564.0,0.0,40.0,40892,9
1698341281.912,77,5.0,0.0,0.0,0.0,0.0,0.0,0.0,0.0,0.0,0,9
1698341282.012,77,5.0,9.3111105,219450.97,4.5454545,26.375982,24.0,10265882.0,0.0,40.0,40636,9
1698341282.112,77,5.0,8.195122,95680.0,5.263158,26.468822,24.0,3889440.0,0.0,40.0,0,9
1698341282.213,77,5.0,9.066668,224888.875,0.0,26.62189,24.0,10210666.0,0.0,40.0,70979,9
1698341282.312,77,5.0,0.0,37272.723,0.0,27.533508,24.0,485454.5,0.0,0.0,0,9
1698341282.413,77,5.0,9.20339,107040.0,4.7619047,26.518188,24.0,5876800.0,0.0,40.0,70979,9
1698341282.512,77,5.0,0.0,0.0,0.0,0.0,0.0,0.0,0.0,0.0,0,9
1698341282.612,77,5.0,9.205882,160399.98,7.6923075,26.345375,24.0,9456599.0,0.0,0.0,100316,9
1698341282.7120001,77,5.0,11.716049,183360.0,2.857143,26.327223,24.0,7992480.0,0.0,40.0,0,9
1698341282.813,77,4.0,9.4375,172540.53,14.285714,26.12248,24.0,10223351.0,0.0,0.0,100572,9
1698341282.912,77,5.0,10.75,103333.33,12.5,26.226921,24.0,3918666.5,0.0,0.0,0,9
1698341283.013,77,5.0,0.0,15760.0,0.0,26.680952,24.0,1773760.0,0.0,40.0,119258,9
1698341283.112,77,5.0,9.266667,235058.81,0.0,26.603855,24.0,9364941.0,0.0,40.0,0,9
1698341283.213,77,5.0,11.636364,50249.996,0.0,26.873077,24.0,5542999.5,0.0,40.0,119258,9
1698341283.312,77,5.0,9.892157,230480.0,6.521739,26.345734,24.0,10044000.0,0.0,40.0,0,9
1698341283.412,77,5.0,0.0,0.0,0.0,31.160095,24.0,147034.48,0.0,40.0,143858,9
1698341283.513,77,0.1,11.793103,244137.92,13.333333,26.413004,24.0,10243034.0,0.0,40.0,10458,9
1698341283.612,77,5.0,7.1,41939.39,0.0,26.48266,24.0,1791676.6,0.0,40.0,143858,9
1698341283.7120001,77,0.1,9.655172,236480.0,15.384615,26.36753,24.0,10173120.0,0.0,40.0,10202,9
1698341283.812,77,5.0,0.0,0.0,0.0,0.0,0.0,0.0,0.0,0.0,0,9
1698341283.912,77,5.0,9.974359,155280.0,9.375,26.423891,24.0,7928320.0,0.0,40.0,40892,9
1698341284.012,77,5.0,0.0,0.0,0.0,0.0,0.0,0.0,0.0,0.0,0,9
1698341284.1130002,77,0.1,15.0,238499.98,0.0,26.494173,24.0,10152000.0,0.0,0.0,40892,9
1698341284.2120001,77,5.0,11.333333,91280.0,19.047619,26.330954,24.0,3889440.0,0.0,40.0,0,9
1698341284.312,77,0.1,7.357143,244923.08,0.0,26.382544,24.0,10355077.0,0.0,0.0,70723,9
1698341284.412,77,0.1,0.0,0.0,0.0,0.0,0.0,0.0,0.0,0.0,0,9
1698341284.512,77,5.0,11.263158,107840.0,13.043478,26.52473,24.0,5876800.0,0.0,40.0,70979,9
1698341284.612,77,0.1,0.0,0.0,0.0,0.0,0.0,0.0,0.0,0.0,0,9
1698341284.7120001,77,0.1,8.0,306285.72,0.0,26.257267,24.0,11602285.0,0.0,0.0,100572,9
1698341284.812,77,5.0,10.324325,180910.89,5.5555553,26.420399,24.0,7913346.5,0.0,40.0,0,9
1698341284.912,77,0.1,15.0,409999.97,0.0,26.235523,24.0,12293999.0,0.0,0.0,100572,9
1698341285.012,77,0.1,0.0,0.0,0.0,0.0,0.0,0.0,0.0,0.0,0,9
1698341285.112,77,5.0,7.6,15760.0,0.0,26.985748,24.0,1773760.0,0.0,40.0,119258,9
1698341285.2120001,77,0.1,0.0,0.0,0.0,0.0,0.0,0.0,0.0,0.0,0,9
1698341285.313,77,5.0,11.125,10560.0,33.333332,26.984642,24.0,1773760.0,0.0,40.0,119258,9
1698341285.412,77,5.0,8.849463,234720.0,4.347826,26.370306,24.0,10044000.0,0.0,40.0,0,9
1698341285.512,77,5.0,0.0,0.0,0.0,0.0,0.0,42640.0,0.0,40.0,143858,9
1698341285.614,77,4.6666665,9.369565,209484.53,2.5641026,26.596462,24.0,10354639.0,0.0,40.0,10714,9
1698341285.7120001,77,5.0,12.0,39250.0,12.5,26.951042,24.0,1513916.6,0.0,40.0,143858,9
1698341285.813,77,4.6666665,9.951924,198800.0,7.5,26.584856,24.0,9937200.0,0.0,40.0,10458,9
1698341285.912,77,4.5,7.25,34260.867,0.0,26.840776,24.0,1114956.4,0.0,0.0,0,9
1698341286.012,77,5.0,9.230769,168260.86,3.3333333,26.606941,24.0,8617738.0,0.0,40.0,40636,9
1698341286.112,77,5.0,11.636364,91760.0,5.5555553,26.433449,24.0,3889440.0,0.0,40.0,0,9
1698341286.2120001,77,5.0,12.082192,163685.39,10.0,26.429737,24.0,8908225.0,0.0,40.0,40892,9
1698341286.312,77,5.0,7.318182,71999.99,0.0,26.445446,24.0,3011454.25,0.0,40.0,0,9
1698341286.413,77,5.0,9.615385,107040.0,4.7619047,26.658491,24.0,5876800.0,0.0,40.0,70979,9
1698341286.512,77,5.0,9.690476,125741.17,4.7619047,26.597559,24.0,5154353.0,0.0,40.0,0,9
1698341286.6130002,77,5.0,9.092592,127047.61,4.7619047,26.68422,24.0,6996190.0,0.0,40.0,70979,9
1698341286.7120001,77,5.0,9.754386,139200.0,7.142857,26.630945,24.0,5940960.0,0.0,40.0,0,9
1698341286.812,77,5.0,7.25,82285.7,0.0,26.791666,24.0,4967895.5,0.0,40.0,100572,9
1698341286.912,77,5.0,10.818182,168842.1,14.285714,26.731268,24.0,7254947.0,0.0,40.0,0,9
1698341287.014,77,5.0,7.71875,63049.504,0.0,26.713554,24.0,3893148.5,0.0,40.0,100828,9
1698341287.112,77,5.0,7.6153846,161739.11,0.0,26.487196,24.0,6968695.0,0.0,40.0,0,9
1698341287.213,77,5.0,12.266666,23647.057,0.0,26.958755,24.0,2608470.5,0.0,40.0,119258,9
1698341287.312,77,5.0,11.723404,231920.0,8.510638,26.433884,24.0,10044000.0,0.0,40.0,0,9
1698341287.412,77,5.0,7.357143,24246.152,0.0,26.829046,24.0,2728861.25,0.0,40.0,119002,9
1698341287.512,77,5.0,9.3571415,233249.98,9.67742,26.494745,24.0,9950250.0,0.0,40.0,0,9
1698341287.6130002,77,5.0,7.3076925,15760.0,0.0,26.824615,24.0,1773760.0,0.0,40.0,119258,9
1698341287.7120001,77,5.0,9.096154,209311.45,7.6923075,26.525309,24.0,9914360.0,0.0,40.0,0,9
1698341287.812,77,5.0,0.0,0.0,0.0,31.786974,24.0,71066.664,0.0,40.0,143858,9
1698341287.912,77,5.0,8.591398,191680.0,2.7027028,26.441172,24.0,9937200.0,0.0,40.0,10458,9
1698341288.012,77,5.0,0.0,0.0,0.0,0.0,0.0,74807.016,0.0,40.0,143858,9
1698341288.112,77,5.0,8.425926,228000.0,7.6923075,26.46504,24.0,10227428.0,0.0,40.0,10458,9
1698341288.2120001,77,5.0,7.0625,47600.0,0.0,26.273617,24.0,1837920.0,0.0,0.0,0,9
1698341288.313,77,5.0,7.869565,241207.53,0.0,26.42852,24.0,10281509.0,0.0,40.0,40892,9
1698341288.412,77,5.0,0.0,0.0,0.0,0.0,0.0,0.0,0.0,0.0,0,9
1698341288.512,77,5.0,10.069446,154960.0,6.451613,26.698593,24.0,7928320.0,0.0,40.0,40892,9
1698341288.612,77,5.0,0.0,0.0,0.0,0.0,0.0,0.0,0.0,0.0,0,9
1698341288.713,77,5.0,8.209302,224177.77,0.0,26.755205,24.0,10067200.0,0.0,40.0,70979,9
1698341288.812,77,5.0,11.0188675,139200.0,7.142857,26.662678,24.0,5940960.0,0.0,40.0,0,9
1698341288.913,77,5.0,9.095238,220292.67,10.526316,26.568747,24.0,10267902.0,0.0,40.0,70979,9
1698341289.012,77,5.0,0.0,0.0,0.0,0.0,0.0,0.0,0.0,0.0,0,9
1698341289.112,77,5.0,10.235294,59555.55,15.384615,26.875517,24.0,3863919.0,0.0,40.0,100572,9
1698341289.2120001,77,5.0,11.6,115027.02,0.0,26.509699,24.0,4101405.25,0.0,0.0,0,9
1698341289.313,77,5.0,13.757576,150222.22,16.666666,26.603575,24.0,10210666.0,0.0,0.0,100572,9
1698341289.412,77,5.0,9.468354,192800.0,2.7027028,26.63977,24.0,7992480.0,0.0,40.0,0,9
1698341289.513,77,0.1,7.4545455,54344.824,0.0,26.864576,24.0,6116413.5,0.0,40.0,119258,9
1698341289.612,77,5.0,7.25,226285.7,0.0,26.54511,24.0,9464571.0,0.0,40.0,0,9
1698341289.713,77,5.0,12.75,16080.0,0.0,27.239868,24.0,1773760.0,0.0,40.0,119258,9
1698341289.812,77,5.0,13.75,214399.98,11.111111,26.67873,24.0,9189599.0,0.0,0.0,0,9
1698341289.912,77,0.1,0.0,0.0,0.0,31.035217,24.0,224421.03,0.0,40.0,143858,9
1698341290.013,77,5.0,8.728261,197360.0,5.1282053,26.583055,24.0,9937200.0,0.0,40.0,10458,9
1698341290.112,77,0.1,0.0,0.0,0.0,0.0,0.0,328000.0,0.0,40.0,143858,9
1698341290.2120001,77,0.1,7.4545455,262666.66,0.0,26.76072,24.0,10328000.0,0.0,40.0,10458,9
1698341290.312,77,5.0,6.875,47600.0,0.0,26.515064,24.0,1837920.0,0.0,0.0,0,9
1698341290.412,77,0.1,0.0,321599.97,0.0,26.076326,24.0,9835199.0,0.0,0.0,40892,9
1698341290.512,77,0.1,0.0,0.0,0.0,0.0,0.0,0.0,0.0,0.0,0,9
1698341290.612,77,5.0,9.066667,156202.02,6.451613,26.534273,24.0,8008403.5,0.0,40.0,40892,9
1698341290.7120001,77,0.1,0.0,0.0,0.0,0.0,0.0,0.0,0.0,0.0,0,9
1698341290.812,77,5.0,10.701755,107360.0,4.7619047,26.548018,24.0,5876800.0,0.0,40.0,70723,9
1698341290.912,77,5.0,9.725491,139360.0,7.142857,26.647541,24.0,5940960.0,0.0,40.0,0,9
1698341291.012,77,5.0,9.071428,106880.0,4.7619047,26.606228,24.0,5876800.0,0.0,40.0,70979,9
1698341291.112,77,5.0,11.755102,138639.17,3.8461537,26.529146,24.0,5794391.5,0.0,40.0,0,9
1698341291.213,77,5.0,12.818182,56333.332,16.666666,26.683447,24.0,3984666.75,0.0,40.0,100572,9
1698341291.312,77,5.0,8.292308,191280.0,0.0,26.591885,24.0,7992480.0,0.0,40.0,0,9
1698341291.413,77,5.0,12.911765,73168.54,0.0,26.757504,24.0,4298067.5,0.0,40.0,100572,9
1698341291.512,77,5.0,7.2881355,193090.89,0.0,26.637287,24.0,7673999.5,0.0,40.0,0,9
1698341291.612,77,5.0,7.4545455,15760.0,0.0,26.962475,24.0,1773760.0,0.0,40.0,119258,9
1698341291.7120001,77,5.0,10.133333,239012.34,2.7027028,26.684568,24.0,9999111.0,0.0,40.0,0,9
1698341291.813,77,5.0,11.583333,20099.998,0.0,27.209957,24.0,2217199.75,0.0,40.0,119258,9
1698341291.912,77,5.0,11.553191,231920.0,4.4444447,26.648266,24.0,10044000.0,0.0,40.0,0,9
1698341292.012,77,5.0,0.0,0.0,0.0,31.647467,24.0,55376.617,0.0,40.0,143858,9
1698341292.1130002,77,5.0,12.767123,228421.03,8.571428,26.66976,24.0,10235368.0,0.0,40.0,10458,9
1698341292.2120001,77,5.0,6.8461537,47600.0,0.0,26.931501,24.0,1880560.0,0.0,40.0,143858,9
1698341292.312,77,5.0,11.380281,231222.2,0.0,26.610962,24.0,10269333.0,0.0,40.0,10458,9
1698341292.412,77,5.0,0.0,0.0,0.0,0.0,0.0,0.0,0.0,0.0,0,9
1698341292.512,77,5.0,11.92,156720.0,9.375,26.806318,24.0,7928320.0,0.0,40.0,40636,9
1698341292.612,77,5.0,0.0,24246.152,0.0,26.919193,24.0,427938.44,0.0,0.0,0,9
1698341292.7120001,77,5.0,11.0,212190.47,10.714286,26.607412,24.0,10108190.0,0.0,40.0,40892,9
1698341292.812,77,5.0,8.027027,101200.0,5.0,26.580286,24.0,3889440.0,0.0,40.0,0,9
1698341292.912,77,5.0,7.352941,176000.0,0.0,26.714912,24.0,9723600.0,0.0,40.0,70979,9
1698341293.012,77,5.0,12.333333,80933.33,10.0,26.535921,24.0,3063200.0,0.0,0.0,0,9
1698341293.1130002,77,5.0,9.62963,107200.0,4.7619047,26.688913,24.0,5876800.0,0.0,40.0,70979,9
1698341293.2120001,77,5.0,7.5,74105.26,0.0,26.36577,24.0,2662315.5,0.0,0.0,0,9
1698341293.312,77,5.0,7.5,113714.28,0.0,26.768106,24.0,6830857.0,0.0,40.0,100572,9
1698341293.412,77,5.0,10.152778,182240.0,5.5555553,26.675974,24.0,7992480.0,0.0,40.0,0,9
1698341293.512,77,5.0,9.529411,120754.71,0.0,26.62628,24.0,7217509.0,0.0,40.0,100572,9
1698341293.612,77,5.0,7.181818,142461.53,0.0,26.686445,24.0,5917846.0,0.0,40.0,0,9
1698341293.713,77,5.0,13.0625,16080.0,0.0,27.005571,24.0,1880560.0,0.0,40.0,119258,9
1698341293.812,77,5.0,8.578947,233833.33,0.0,26.519657,24.0,9795000.0,0.0,40.0,0,9
1698341293.912,77,5.0,10.866667,22468.084,33.333332,26.842989,24.0,3773957.25,0.0,40.0,119002,9
1698341294.012,77,5.0,9.243902,234640.0,4.4444447,26.442938,24.0,10044000.0,0.0,40.0,0,9
1698341294.112,77,5.0,0.0,0.0,0.0,0.0,0.0,94755.555,0.0,40.0,143858,9
1698341294.2120001,77,5.0,7.7,229272.7,0.0,26.530422,24.0,10295999.0,0.0,40.0,10458,9
1698341294.312,77,5.0,9.733334,47760.0,10.0,26.75044,24.0,1880560.0,0.0,40.0,143858,9
1698341294.413,77,5.0,12.714286,225365.84,5.5555553,26.580122,24.0,10267902.0,0.0,40.0,10458,9
1698341294.512,77,5.0,0.0,0.0,0.0,0.0,0.0,0.0,0.0,0.0,0,9
1698341294.6130002,77,5.0,9.69697,155120.0,3.3333333,26.617418,24.0,7928320.0,0.0,40.0,40892,9
1698341294.7120001,77,5.0,0.0,0.0,0.0,0.0,0.0,0.0,0.0,0.0,0,9
1698341294.813,77,5.0,10.794118,216749.98,7.142857,26.726866,24.0,10284000.0,0.0,0.0,40892,9
1698341294.912,77,5.0,9.212121,96320.0,0.0,26.614893,24.0,3889440.0,0.0,40.0,0,9
1698341295.013,77,5.0,8.666667,258758.61,6.6666665,26.615913,24.0,10243034.0,0.0,0.0,40892,9
1698341295.112,77,0.1,0.0,0.0,0.0,0.0,0.0,0.0,0.0,0.0,0,9
1698341295.2120001,77,5.0,10.625,107200.0,9.090909,26.787142,24.0,5876800.0,0.0,40.0,70979,9
1698341295.312,77,0.1,0.0,0.0,0.0,0.0,0.0,0.0,0.0,0.0,0,9
1698341295.413,77,5.0,11.681818,215040.0,0.0,26.877884,24.0,10342080.0,0.0,40.0,70979,9
1698341295.512,77,5.0,9.851851,140606.05,7.142857,26.613974,24.0,5893090.5,0.0,40.0,0,9
1698341295.612,77,5.0,11.263158,228952.36,0.0,26.661663,24.0,10277714.0,0.0,0.0,100316,9
1698341295.7120001,77,0.1,0.0,0.0,0.0,0.0,0.0,0.0,0.0,0.0,0,9
1698341295.812,77,5.0,10.117647,64160.0,7.6923075,26.803984,24.0,3825280.0,0.0,40.0,100572,9
1698341295.912,77,0.1,0.0,0.0,0.0,0.0,0.0,0.0,0.0,0.0,0,9
1698341296.013,77,5.0,7.5384617,105066.664,0.0,26.671677,24.0,10116800.0,0.0,0.0,119258,9
1698341296.112,77,5.0,9.384615,229840.0,4.4444447,26.616112,24.0,10044000.0,0.0,40.0,0,9
1698341296.2120001,77,5.0,11.636364,123692.305,0.0,26.552202,24.0,10355077.0,0.0,0.0,119258,9
1698341296.312,77,0.1,11.666667,222000.0,16.666666,26.744682,24.0,8548000.0,0.0,0.0,0,9
1698341296.412,77,5.0,0.0,5520.0,0.0,31.014658,24.0,42640.0,0.0,40.0,143858,9
1698341296.513,77,0.1,7.25,107199.99,60.0,18.676237,24.0,6407999.5,25.0,40.0,12461,9
1698341296.612,77,0.1,0.0,0.0,100.0,0.1,24.0,0.0,100.0,0.0,0,9
1698341296.714,77,2.0,0.0,0.0,0.0,0.1,24.527027,0.0,100.0,0.0,0,9
1698341296.812,77,0.1,0.0,0.0,0.0,0.0,0.0,0.0,0.0,0.0,0,12
1698341296.812,79,0.1,0.0,0.0,0.0,0.0,0.0,0.0,0.0,0.0,0,12
1698341296.812,80,0.1,0.0,0.0,0.0,0.0,0.0,0.0,0.0,0.0,0,12
1698341296.812,81,0.1,0.0,0.0,0.0,0.0,0.0,0.0,0.0,0.0,0,12
1698341296.912,77,0.1,0.0,0.0,0.0,0.0,0.0,0.0,0.0,0.0,0,12
1698341297.012,77,0.1,0.0,0.0,0.0,0.0,0.0,0.0,0.0,0.0,0,12
1698341297.112,77,0.1,0.0,0.0,0.0,0.0,0.0,0.0,0.0,0.0,0,12
1698341297.2120001,77,0.1,0.0,0.0,0.0,0.0,0.0,0.0,0.0,0.0,0,15
1698341297.2120001,82,0.1,0.0,0.0,0.0,0.0,0.0,0.0,0.0,0.0,0,15
1698341297.2120001,83,0.1,0.0,0.0,0.0,0.0,0.0,0.0,0.0,0.0,0,15
1698341297.2120001,84,0.1,0.0,0.0,0.0,0.0,0.0,0.0,0.0,0.0,0,15
1698341297.312,83,4.0,3.8,3120.0,0.0,0.0,0.0,43200.0,0.0,40.0,0,15
1698341297.412,83,5.0,0.0,0.0,0.0,0.0,0.0,0.0,0.0,0.0,0,15
1698341297.512,83,5.0,2.7222223,9484.536,0.0,0.0,0.0,131876.28,0.0,40.0,0,15
1698341297.612,83,5.0,6.0,115031.57,0.0,27.593237,24.0,3649936.5,0.0,40.0,16317,15
1698341297.713,83,5.0,6.1036587,467009.875,0.0,26.751785,24.0,10156039.0,0.0,40.0,17341,15
1698341297.813,83,5.0,7.4216866,228674.16,0.0,26.691332,24.0,10252854.0,0.0,40.0,25726,15
1698341297.912,83,5.0,7.2643676,227954.02,0.0,26.609724,24.0,10243034.0,0.0,40.0,25470,15
1698341298.013,83,5.0,7.588889,227722.77,0.0,26.715498,24.0,10261782.0,0.0,40.0,31021,15
1698341298.112,83,5.0,7.4675326,227200.0,0.0,26.64783,24.0,10282447.0,0.0,40.0,37219,15
1698341298.213,83,5.0,7.4216866,221647.06,0.0,26.576542,24.0,10156800.0,0.0,40.0,44476,15
1698341298.312,83,5.0,7.4947367,231280.0,0.0,26.605804,24.0,10257600.0,0.0,40.0,44476,15
1698341298.412,83,5.0,7.2125,227999.98,0.0,26.661964,24.0,10391099.0,0.0,40.0,52972,15
1698341298.513,83,5.0,7.36,224987.66,0.0,26.639544,24.0,10262815.0,0.0,40.0,52972,15
1698341298.6130002,83,4.5,6.5670094,225616.14,0.0,26.555996,24.0,10253333.0,0.0,40.0,62918,15
1698341298.7120001,83,5.0,8.0,83740.25,0.0,26.777176,24.0,3302960.75,0.0,40.0,0,15
1698341298.813,83,5.0,7.5571427,229298.69,0.0,26.438908,24.0,10157298.0,0.0,40.0,44476,15
1698341298.912,83,5.0,7.0454545,58960.0,0.0,26.555841,24.0,2436480.0,0.0,40.0,0,15
1698341299.014,83,5.0,7.2153845,234958.89,0.0,26.640577,24.0,10274958.0,0.0,40.0,44476,15
1698341299.112,83,5.0,0.0,0.0,0.0,0.0,0.0,0.0,0.0,0.0,0,15
1698341299.213,83,5.0,7.491803,139040.0,0.0,26.934978,24.0,7329760.0,0.0,40.0,74563,15
1698341299.312,83,5.0,8.0,47529.41,0.0,26.855999,24.0,1760470.5,0.0,0.0,0,15
1698341299.413,83,5.0,7.5588236,210424.25,0.0,26.893503,24.0,10296000.0,0.0,40.0,74563,15
1698341299.512,83,5.0,7.35,107200.0,0.0,27.079958,24.0,4488000.0,0.0,40.0,0,15
1698341299.6130002,83,5.0,7.625,148184.61,0.0,26.998022,24.0,8120368.5,0.0,40.0,74563,15
1698341299.7120001,83,5.0,6.7391305,117499.99,0.0,26.935247,24.0,4474500.0,0.0,40.0,0,15
1698341299.812,83,5.0,7.387755,96640.0,0.0,27.012217,24.0,5278240.0,0.0,40.0,74563,15
1698341299.912,83,5.0,7.0666666,105442.62,0.0,26.963024,24.0,4169311.25,0.0,40.0,0,15
1698341300.012,83,5.0,7.4166665,80133.33,0.0,27.031708,24.0,5377866.5,0.0,40.0,88196,15
1698341300.112,83,5.0,7.468354,198160.0,0.0,26.334963,24.0,8591040.0,0.0,40.0,0,15
1698341300.213,83,5.0,7.5172415,98962.96,0.0,26.480377,24.0,6173185.0,0.0,40.0,88196,15
1698341300.312,83,5.0,7.413793,175230.77,0.0,26.626114,24.0,7068923.0,0.0,40.0,0,15
1698341300.412,83,5.0,0.0,5360.0,0.0,26.87274,24.0,1175200.0,0.0,40.0,101852,15
1698341300.513,83,5.0,7.395349,226666.66,0.0,25.994576,24.0,10067200.0,0.0,40.0,0,15
1698341300.6130002,83,5.0,8.0,12465.116,0.0,26.80341,24.0,2733023.25,0.0,40.0,102108,15
1698341300.714,83,5.0,7.3789473,227881.19,0.0,26.76169,24.0,10261782.0,0.0,40.0,0,15
1698341300.812,83,5.0,0.0,0.0,0.0,0.0,0.0,0.0,0.0,0.0,0,15
1698341300.913,83,5.0,7.4444447,227399.98,0.0,26.2432,24.0,10257599.0,0.0,0.0,44476,15
1698341301.012,83,5.0,7.6,58320.0,0.0,26.206423,24.0,2436480.0,0.0,40.0,0,15
1698341301.1130002,83,5.0,7.6896553,233499.98,0.0,25.827873,24.0,10284000.0,0.0,0.0,44476,15
1698341301.2120001,83,5.0,0.0,0.0,0.0,0.0,0.0,0.0,0.0,0.0,0,15
1698341301.313,83,5.0,7.8,138720.0,0.0,26.35255,24.0,7329760.0,0.0,40.0,74563,15
1698341301.412,83,5.0,0.0,0.0,0.0,0.0,0.0,0.0,0.0,0.0,0,15
1698341301.513,83,5.0,7.88,228571.42,0.0,26.49698,24.0,10227428.0,0.0,0.0,74563,15
1698341301.612,83,5.0,7.605263,106560.0,0.0,26.578924,24.0,4488000.0,0.0,40.0,0,15
1698341301.713,83,5.0,8.0,234560.0,0.0,26.194174,24.0,10342080.0,0.0,40.0,104156,15
1698341301.812,83,0.1,0.0,0.0,0.0,0.0,0.0,0.0,0.0,0.0,0,15
1698341301.913,83,5.0,7.8235292,97131.305,0.0,26.999472,24.0,5331555.0,0.0,40.0,104156,15
1698341302.012,83,0.1,0.0,0.0,0.0,0.0,0.0,0.0,0.0,0.0,0,15
1698341302.1130002,83,5.0,7.8333335,212799.98,0.0,26.563341,24.0,10257599.0,0.0,0.0,103900,15
1698341302.2120001,83,5.0,7.8235292,197360.0,0.0,26.937288,24.0,8591040.0,0.0,40.0,0,15
1698341302.313,83,5.0,7.5,218823.52,0.0,26.597109,24.0,10183058.0,0.0,0.0,104156,15
1698341302.412,83,0.1,0.0,33500.0,0.0,0.0,0.0,0.0,0.0,0.0,0,15
1698341302.513,83,5.0,8.0,5360.0,0.0,27.53855,24.0,1175200.0,0.0,40.0,120794,15
1698341302.612,83,0.1,7.357143,203692.3,0.0,26.78527,24.0,10355077.0,0.0,0.0,0,15
1698341302.7120001,83,5.0,8.0,44666.668,0.0,26.82373,24.0,9438000.0,0.0,0.0,120538,15
1698341302.813,83,5.0,7.71875,223840.0,0.0,26.933651,24.0,10257600.0,0.0,40.0,0,15
1698341302.912,83,0.1,0.0,0.0,0.0,0.0,0.0,0.0,0.0,0.0,0,15
1698341303.012,83,0.1,6.5,393999.97,0.0,26.904444,24.0,10679999.0,0.0,0.0,44476,15
1698341303.112,83,5.0,7.571429,58320.0,0.0,27.006214,24.0,2436480.0,0.0,40.0,0,15
1698341303.2120001,83,0.1,0.0,536000.0,0.0,0.0,0.0,10679999.0,0.0,0.0,44476,15
1698341303.312,83,0.1,7.5789475,0.0,0.0,27.7233,24.0,0.0,0.0,0.0,0,15
1698341303.412,83,5.0,0.0,10320.0,0.0,34.64657,24.0,53040.0,0.0,40.0,0,15
1698341303.512,83,5.0,0.0,38880.0,0.0,34.43583,24.0,164800.0,0.0,40.0,0,15
1698341303.612,83,5.0,0.0,0.0,0.0,0.0,0.0,0.0,0.0,0.0,0,15
1698341303.7120001,83,5.0,0.0,0.0,0.0,0.0,0.0,0.0,0.0,0.0,0,15
1698341303.812,83,5.0,0.0,0.0,0.0,0.0,0.0,0.0,0.0,0.0,0,15
1698341303.912,83,5.0,0.0,0.0,0.0,0.0,0.0,0.0,0.0,0.0,0,15
1698341304.012,83,5.0,0.0,0.0,0.0,0.0,0.0,0.0,0.0,0.0,0,15
1698341304.112,83,5.0,0.0,0.0,0.0,0.0,0.0,0.0,0.0,0.0,0,15
1698341304.2120001,83,5.0,0.0,0.0,0.0,0.0,0.0,0.0,0.0,0.0,0,15
1698341304.312,83,5.0,0.0,0.0,0.0,0.0,0.0,0.0,0.0,0.0,0,15
1698341304.412,83,5.0,0.0,0.0,0.0,0.0,0.0,0.0,0.0,0.0,0,15
1698341304.512,83,5.0,0.0,0.0,0.0,0.0,0.0,0.0,0.0,0.0,0,15
1698341304.612,83,5.0,0.0,0.0,0.0,0.0,0.0,0.0,0.0,0.0,0,15
1698341304.7120001,83,5.0,0.0,0.0,0.0,0.0,0.0,0.0,0.0,0.0,0,15
1698341304.812,83,5.0,0.0,0.0,0.0,0.0,0.0,0.0,0.0,0.0,0,15
1698341304.912,83,5.0,0.0,0.0,0.0,0.0,0.0,0.0,0.0,0.0,0,15
1698341305.012,83,4.5,0.0,0.0,0.0,0.0,0.0,0.0,0.0,0.0,0,15
1698341305.112,83,5.0,0.0,0.0,0.0,0.0,0.0,0.0,0.0,0.0,0,15
1698341305.2120001,83,5.0,0.0,0.0,0.0,0.0,0.0,0.0,0.0,0.0,0,15
1698341305.312,83,5.0,0.0,0.0,0.0,0.0,0.0,0.0,0.0,0.0,0,15
1698341478.349,70,0.1,0.0,0.0,0.0,0.15763666,0.1,0.0,100.0,0.0,0,6
1698341478.349,71,0.1,0.0,0.0,0.0,0.0,0.0,0.0,0.0,0.0,0,6
1698341478.349,72,0.1,0.0,0.0,0.0,0.0,0.0,0.0,0.0,0.0,0,6
1698341478.349,73,0.1,0.0,0.0,0.0,0.1,0.1,0.0,100.0,0.0,0,6
1698341478.349,74,0.1,8.0,0.0,0.0,30.519241,0.1,3294.1174,0.0,0.0,0,6
1698341478.349,75,0.1,0.0,0.0,0.0,0.1,0.1,0.0,100.0,0.0,0,6
1698341478.4490001,74,5.0,2.5,13435.897,0.0,30.237942,24.0,164000.0,0.0,40.0,0,6
1698341478.549,74,5.0,2.8,14753.245,0.0,30.81298,24.0,110753.234,0.0,40.0,0,6
1698341478.649,74,5.0,0.0,0.0,0.0,0.0,0.0,0.0,0.0,0.0,0,6
1698341478.749,74,5.0,0.0,7657.143,0.0,29.073563,24.0,60914.285,0.0,40.0,0,6
1698341478.849,74,5.0,0.0,22724.637,0.0,32.02908,24.0,230956.5,0.0,40.0,0,6
1698341478.9490001,74,5.0,0.0,21040.0,0.0,33.088226,24.0,106080.0,0.0,40.0,0,6
1698341479.05,74,5.0,7.0701756,177333.33,0.0,26.82439,24.0,5754182.0,0.0,40.0,29229,6
1698341479.15,74,5.0,0.0,8492.307,0.0,27.008055,24.0,394215.34,0.0,40.0,58310,6
1698341479.25,74,5.0,7.52,288960.0,0.0,26.115295,24.0,10257600.0,0.0,40.0,11482,6
1698341479.3500001,74,5.0,0.0,0.0,0.0,27.35992,24.0,413290.3,0.0,40.0,58566,6
1698341479.45,74,5.0,6.9122806,228983.6,0.0,26.580908,24.0,10264524.0,0.0,40.0,11738,6
1698341479.55,74,5.0,8.0,37360.0,0.0,26.88659,24.0,1560160.0,0.0,40.0,70211,6
1698341479.65,74,5.0,7.2363634,235368.4,0.0,26.497532,24.0,10422736.0,0.0,40.0,11738,6
1698341479.749,74,5.0,0.0,0.0,0.0,0.0,0.0,0.0,0.0,0.0,0,6
1698341479.8500001,74,5.0,7.609756,165840.0,0.0,26.47273,24.0,8462320.0,0.0,40.0,42172,6
1698341479.9490001,74,5.0,0.0,0.0,0.0,0.0,0.0,0.0,0.0,0.0,0,6
1698341480.05,74,5.0,7.6181817,228000.0,0.0,26.90697,24.0,10288889.0,0.0,40.0,42172,6
1698341480.149,74,5.0,7.071429,80400.0,0.0,26.98714,24.0,3355440.0,0.0,40.0,0,6
1698341480.25,74,5.0,7.106383,230040.81,0.0,26.827583,24.0,10466938.0,0.0,40.0,72259,6
1698341480.349,74,5.0,0.0,21877.55,0.0,27.319494,24.0,349714.28,0.0,0.0,0,6
1698341480.45,74,5.0,7.4,117760.0,0.0,26.83239,24.0,6410800.0,0.0,40.0,72259,6
1698341480.549,74,5.0,0.0,0.0,0.0,0.0,0.0,0.0,0.0,0.0,0,6
1698341480.65,74,5.0,7.4848485,178285.7,0.0,26.810925,24.0,10277714.0,0.0,40.0,101852,6
1698341480.749,74,5.0,7.525641,207760.0,0.0,26.958876,24.0,7458480.0,0.0,40.0,0,6
1698341480.8500001,74,5.0,7.5333333,197052.625,0.0,26.879953,24.0,10235368.0,0.0,40.0,101852,6
1698341480.9490001,74,5.0,8.0,87351.35,0.0,26.88571,24.0,2772324.25,0.0,0.0,0,6
1698341481.05,74,5.0,6.95,26800.0,0.0,26.58706,24.0,2307760.0,0.0,40.0,120538,6
1698341481.149,74,5.0,7.142857,204470.58,0.0,26.29916,24.0,8108470.0,0.0,40.0,0,6
1698341481.249,74,0.1,7.0454545,81212.125,0.0,26.338448,24.0,6993212.0,0.0,40.0,120282,6
1698341481.349,74,5.0,7.47191,219440.0,0.0,26.137373,24.0,9510000.0,0.0,40.0,0,6
1698341481.45,74,0.1,0.0,0.0,0.0,27.260748,24.0,854133.3,0.0,40.0,140365,6
1698341481.55,74,5.0,7.275862,222344.81,0.0,26.459656,24.0,10243034.0,0.0,40.0,11738,6
1698341481.65,74,5.0,8.0,42720.0,0.0,26.692461,24.0,1560160.0,0.0,40.0,140365,6
1698341481.75,74,5.0,7.24,227384.61,0.0,26.837978,24.0,10355077.0,0.0,40.0,11738,6
1698341481.849,74,0.1,0.0,0.0,0.0,0.0,0.0,0.0,0.0,0.0,0,6
1698341481.95,74,5.0,7.5694447,165840.0,0.0,26.84866,24.0,8462320.0,0.0,40.0,42172,6
1698341482.049,74,0.1,0.0,0.0,0.0,0.0,0.0,0.0,0.0,0.0,0,6
1698341482.15,74,5.0,6.857143,229714.27,0.0,26.617132,24.0,10277714.0,0.0,0.0,42172,6
1698341482.249,74,5.0,7.0,80560.0,0.0,26.556818,24.0,3355440.0,0.0,40.0,0,6
1698341482.3500001,74,5.0,7.0,238222.2,0.0,26.529259,24.0,10210666.0,0.0,0.0,72003,6
1698341482.4490001,74,0.1,0.0,0.0,0.0,0.0,0.0,0.0,0.0,0.0,0,6
1698341482.55,74,5.0,7.548387,117760.0,0.0,26.766386,24.0,6410800.0,0.0,40.0,72259,6
1698341482.649,74,0.1,0.0,0.0,0.0,0.0,0.0,0.0,0.0,0.0,0,6
1698341482.75,74,0.1,8.0,247384.61,0.0,26.198322,24.0,10355077.0,0.0,40.0,101852,6
1698341482.849,74,5.0,7.0923076,171680.0,0.0,26.210135,24.0,7458480.0,0.0,40.0,0,6
1698341482.9490001,74,0.1,7.2727275,196363.625,0.0,26.699465,24.0,9325090.0,0.0,40.0,101852,6
1698341483.049,74,0.1,0.0,0.0,0.0,0.0,0.0,0.0,0.0,0.0,0,6
1698341483.15,74,5.0,7.35,26800.0,0.0,27.486393,24.0,2307760.0,0.0,40.0,120538,6
1698341483.249,74,0.1,0.0,0.0,0.0,0.0,0.0,0.0,0.0,0.0,0,6
1698341483.349,74,0.1,0.0,0.0,0.0,0.0,0.0,10679999.0,0.0,0.0,120538,6
1698341483.4490001,74,5.0,7.7906976,218480.0,0.0,26.773808,24.0,9510000.0,0.0,40.0,0,6
1698341483.55,74,5.0,0.0,0.0,0.0,27.76866,24.0,256240.0,0.0,40.0,140365,6
1698341483.65,74,5.0,7.548387,223053.77,0.0,26.72243,24.0,10386064.0,0.0,40.0,11738,6
1698341483.75,74,5.0,0.0,23053.764,0.0,27.08121,24.0,919139.75,0.0,40.0,140365,6
1698341483.8500001,74,5.0,7.643564,208080.0,0.0,26.247742,24.0,10257600.0,0.0,40.0,11738,6
1698341483.9490001,74,5.0,0.0,11911.11,0.0,27.079237,24.0,309066.66,0.0,0.0,0,6
1698341484.05,74,5.0,7.922078,185977.53,0.0,26.753546,24.0,9460314.0,0.0,40.0,42172,6
1698341484.149,74,5.0,7.6538463,79760.0,0.0,26.803602,24.0,3355440.0,0.0,40.0,0,6
1698341484.25,74,5.0,7.805195,192465.11,0.0,26.792282,24.0,9790325.0,0.0,40.0,42172,6
1698341484.349,74,5.0,7.4545455,56000.0,0.0,26.83352,24.0,2162258.75,0.0,0.0,0,6
1698341484.45,74,5.0,7.7894735,117600.0,0.0,26.674463,24.0,6410800.0,0.0,40.0,72259,6
1698341484.549,74,5.0,7.25,102256.41,0.0,26.826426,24.0,4028000.0,0.0,40.0,0,6
1698341484.65,74,5.0,7.773585,152727.27,0.0,26.634062,24.0,8325713.5,0.0,40.0,72003,6
1698341484.749,74,5.0,7.6875,127680.0,0.0,26.537745,24.0,5406960.0,0.0,40.0,0,6
1698341484.8500001,74,5.0,7.780488,100972.97,0.0,26.895525,24.0,5890919.0,0.0,40.0,101852,6
1698341484.9490001,74,5.0,7.756757,151243.23,0.0,26.927963,24.0,6353513.5,0.0,40.0,0,6
1698341485.05,74,5.0,7.785714,74720.0,0.0,26.6579,24.0,4359280.0,0.0,40.0,101852,6
1698341485.149,74,5.0,7.5263157,145212.125,0.0,26.438091,24.0,6054909.0,0.0,40.0,0,6
1698341485.25,74,5.0,7.625,41230.766,0.0,26.43297,24.0,3550399.75,0.0,40.0,120538,6
1698341485.349,74,5.0,7.746988,218480.0,0.0,26.645273,24.0,9510000.0,0.0,40.0,0,6
1698341485.45,74,5.0,7.5263157,43225.805,0.0,27.052172,24.0,3722193.5,0.0,40.0,120538,6
1698341485.549,74,5.0,7.5,208262.28,0.0,26.85274,24.0,9038950.0,0.0,40.0,0,6
1698341485.65,74,5.0,0.0,0.0,0.0,28.270775,24.0,256240.0,0.0,40.0,140365,6
1698341485.75,74,5.0,7.586207,227111.11,0.0,26.47151,24.0,10288889.0,0.0,40.0,11482,6
1698341485.8500001,74,5.0,0.0,0.0,0.0,28.246096,24.0,483471.66,0.0,40.0,140365,6
1698341485.95,74,5.0,7.755102,208080.0,0.0,27.12986,24.0,10257600.0,0.0,40.0,11738,6
1698341486.049,74,5.0,0.0,0.0,0.0,0.0,0.0,0.0,0.0,0.0,0,6
1698341486.15,74,5.0,7.6086955,228408.16,0.0,26.605106,24.0,10248979.0,0.0,40.0,42172,6
1698341486.249,74,5.0,7.4444447,79440.0,0.0,26.606495,24.0,3355440.0,0.0,40.0,0,6
1698341486.3500001,74,5.0,7.744681,230956.5,0.0,27.002695,24.0,10312695.0,0.0,40.0,42172,6
1698341486.4490001,74,5.0,0.0,0.0,0.0,0.0,0.0,0.0,0.0,0.0,0,6
1698341486.55,74,5.0,7.772152,165520.0,0.0,26.567099,24.0,8462320.0,0.0,40.0,42172,6
1698341486.649,74,5.0,0.0,0.0,0.0,0.0,0.0,0.0,0.0,0.0,0,6
1698341486.75,74,5.0,7.918919,221463.4,0.0,26.516651,24.0,10267902.0,0.0,40.0,72259,6
1698341486.849,74,5.0,7.804348,127680.0,0.0,26.696829,24.0,5406960.0,0.0,40.0,0,6
1698341486.951,74,5.0,7.8235292,232820.52,0.0,26.690502,24.0,10246769.0,0.0,40.0,72515,6
1698341487.049,74,0.1,0.0,0.0,0.0,0.0,0.0,0.0,0.0,0.0,0,6
1698341487.15,74,5.0,7.8461537,74720.0,0.0,26.490292,24.0,4359280.0,0.0,40.0,101852,6
1698341487.249,74,0.1,8.0,64969.7,0.0,26.664473,24.0,1813818.25,0.0,0.0,0,6
1698341487.3500001,74,5.0,7.806452,233499.98,0.0,26.307375,24.0,10284000.0,0.0,40.0,101852,6
1698341487.4490001,74,5.0,7.6666665,170560.0,0.0,26.500032,24.0,7458480.0,0.0,40.0,0,6
1698341487.55,74,5.0,7.6,107200.0,0.0,27.017174,24.0,9060480.0,0.0,0.0,120538,6
1698341487.649,74,0.1,7.4545455,190400.0,0.0,26.885656,24.0,7351680.0,0.0,0.0,0,6
1698341487.75,74,5.0,7.8333335,26800.0,0.0,26.90902,24.0,2307760.0,0.0,40.0,120282,6
1698341487.849,74,0.1,7.1,177142.84,0.0,26.787312,24.0,6717714.0,0.0,0.0,0,6
1698341487.95,74,5.0,0.0,0.0,0.0,27.940866,24.0,1281199.9,0.0,40.0,140365,6
1698341488.05,74,5.0,7.733333,208080.0,0.0,26.563683,24.0,10257600.0,0.0,40.0,11482,6
1698341488.15,74,5.0,0.0,0.0,0.0,28.19772,24.0,1423555.5,0.0,40.0,140365,6
1698341488.25,74,0.1,7.625,230499.98,0.0,26.63271,24.0,11083499.0,0.0,40.0,11738,6
1698341488.349,74,5.0,8.0,36831.684,0.0,26.471832,24.0,1291009.9,0.0,0.0,0,6
1698341488.45,74,0.1,8.0,238222.2,0.0,26.824673,24.0,10210666.0,0.0,0.0,42172,6
1698341488.549,74,0.1,0.0,0.0,0.0,0.0,0.0,0.0,0.0,0.0,0,6
1698341488.65,74,5.0,7.85,165520.0,0.0,26.80764,24.0,8462320.0,0.0,40.0,42172,6
1698341488.749,74,0.1,0.0,0.0,0.0,0.0,0.0,0.0,0.0,0.0,0,6
1698341488.849,74,0.1,0.0,214399.98,0.0,26.354174,24.0,10679999.0,0.0,0.0,72259,6
1698341488.9490001,74,5.0,7.3023257,127040.0,0.0,26.816227,24.0,5406960.0,0.0,40.0,0,6
1698341489.05,74,0.1,5.0,268000.0,0.0,26.959812,24.0,10679999.0,0.0,0.0,72259,6
1698341489.149,74,0.1,0.0,0.0,0.0,0.0,0.0,0.0,0.0,0.0,0,6
1698341489.25,74,5.0,7.8421054,74720.0,0.0,26.857782,24.0,4359280.0,0.0,40.0,101852,6
1698341489.349,74,5.0,7.7313433,170560.0,0.0,26.977104,24.0,7458480.0,0.0,40.0,0,6
1698341489.45,74,5.0,7.9117646,76244.89,0.0,26.987198,24.0,4448244.5,0.0,40.0,101852,6
1698341489.549,74,5.0,7.8,174040.81,0.0,26.985767,24.0,7392734.5,0.0,40.0,0,6
1698341489.65,74,5.0,7.8333335,26800.0,0.0,27.326647,24.0,2307760.0,0.0,40.0,120538,6
1698341489.749,74,5.0,7.56,214978.72,0.0,26.885113,24.0,9480255.0,0.0,40.0,0,6
1698341489.8500001,74,5.0,7.8235292,28817.203,0.0,27.180098,24.0,2481462.25,0.0,40.0,120538,6
1698341489.9490001,74,5.0,7.733333,218480.0,0.0,26.883778,24.0,9510000.0,0.0,40.0,0,6
1698341490.05,74,5.0,0.0,0.0,0.0,28.350626,24.0,284711.1,0.0,40.0,140365,6
1698341490.15,74,5.0,7.717647,227775.28,0.0,26.829842,24.0,10252854.0,0.0,40.0,11738,6
1698341490.25,74,5.0,8.0,37200.0,0.0,27.080978,24.0,1560160.0,0.0,40.0,140365,6
1698341490.3500001,74,5.0,7.5875,223255.81,0.0,26.83797,24.0,10287069.0,0.0,40.0,11738,6
1698341490.4490001,74,5.0,0.0,0.0,0.0,0.0,0.0,0.0,0.0,0.0,0,6
1698341490.55,74,5.0,7.918919,165520.0,0.0,26.875134,24.0,8462320.0,0.0,40.0,42172,6
1698341490.649,74,5.0,7.357143,51902.4375,0.0,26.72923,24.0,1850634.1,0.0,0.0,0,6
1698341490.75,74,5.0,7.8333335,204345.67,0.0,26.937075,24.0,10262815.0,0.0,40.0,42172,6
1698341490.849,74,5.0,7.5384617,79760.0,0.0,27.000149,24.0,3355440.0,0.0,40.0,0,6
1698341490.95,74,5.0,7.709677,150769.23,0.0,26.804615,24.0,8218974.0,0.0,40.0,72259,6
1698341491.049,74,5.0,7.4545455,97894.73,0.0,26.920021,24.0,3908526.0,0.0,40.0,0,6
1698341491.15,74,5.0,7.7222223,117600.0,0.0,26.679686,24.0,6410800.0,0.0,40.0,72259,6
1698341491.249,74,5.0,7.375,93297.3,0.0,26.7804,24.0,3725513.5,0.0,40.0,0,6
1698341491.3500001,74,5.0,7.775,102356.16,0.0,26.963867,24.0,5971616.0,0.0,40.0,101852,6
1698341491.4490001,74,5.0,7.644068,170560.0,0.0,26.852346,24.0,7458480.0,0.0,40.0,0,6
1698341491.55,74,5.0,7.756757,106742.86,0.0,26.927387,24.0,6227543.0,0.0,40.0,101852,6
1698341491.649,74,5.0,7.3142858,145739.125,0.0,26.851318,24.0,6194782.0,0.0,40.0,0,6
1698341491.751,74,5.0,7.590909,31841.584,0.0,27.113228,24.0,2390653.5,0.0,40.0,120794,6
1698341491.849,74,5.0,7.571429,209696.97,0.0,27.11158,24.0,9163273.0,0.0,40.0,0,6
1698341491.95,74,5.0,7.6666665,41230.766,0.0,27.076906,24.0,3550399.75,0.0,40.0,120538,6
1698341492.049,74,5.0,7.797753,218480.0,0.0,26.898321,24.0,9510000.0,0.0,40.0,0,6
1698341492.15,74,5.0,0.0,0.0,0.0,28.770187,24.0,413290.3,0.0,40.0,140109,6
1698341492.25,74,5.0,7.4915257,226360.64,0.0,26.83264,24.0,10264524.0,0.0,40.0,11738,6
1698341492.3500001,74,5.0,8.0,37200.0,0.0,26.853718,24.0,1560160.0,0.0,40.0,140365,6
1698341492.45,74,5.0,13.037736,235172.4,0.0,27.03589,24.0,10243034.0,0.0,40.0,11738,6
1698341492.549,74,5.0,0.0,0.0,0.0,0.0,0.0,0.0,0.0,0.0,0,6
1698341492.65,74,5.0,13.945946,169840.0,0.0,26.968826,24.0,8462320.0,0.0,40.0,42172,6
1698341492.749,74,5.0,0.0,0.0,0.0,0.0,0.0,0.0,0.0,0.0,0,6
1698341492.8500001,74,5.0,14.478261,235265.3,4.5454545,26.942934,24.0,10031020.0,0.0,40.0,42172,6
1698341492.9490001,74,5.0,12.821428,81680.0,6.25,27.028376,24.0,3355440.0,0.0,40.0,0,6
1698341493.05,74,5.0,12.704545,224521.72,0.0,26.813124,24.0,10312695.0,0.0,40.0,72259,6
1698341493.149,74,5.0,0.0,0.0,0.0,0.0,0.0,0.0,0.0,0.0,0,6
1698341493.25,74,5.0,14.083333,120800.0,0.0,26.7707,24.0,6410800.0,0.0,40.0,72259,6
1698341493.349,74,5.0,0.0,0.0,0.0,0.0,0.0,0.0,0.0,0.0,0,6
1698341493.45,74,0.1,14.075,207135.125,6.6666665,26.898273,24.0,10337513.0,0.0,40.0,101852,6
1698341493.549,74,5.0,13.8,174880.0,8.571428,26.94915,24.0,7458480.0,0.0,40.0,0,6
1698341493.65,74,0.1,13.657895,225411.75,6.6666665,26.76971,24.0,10307294.0,0.0,40.0,101852,6
1698341493.749,74,5.0,0.0,66909.09,0.0,26.967085,24.0,1813818.25,0.0,0.0,0,6
1698341493.851,74,5.0,13.736842,27878.785,16.666666,27.057903,24.0,2331070.5,0.0,40.0,120538,6
1698341493.95,74,5.0,13.176471,253866.66,6.6666665,26.805973,24.0,7765599.5,0.0,0.0,0,6
1698341494.051,74,0.1,12.684211,109866.664,0.0,26.853378,24.0,7906399.5,0.0,0.0,120538,6
1698341494.149,74,5.0,13.882978,220767.66,11.111111,26.69775,24.0,9498181.0,0.0,40.0,0,6
1698341494.25,74,0.1,12.357142,106153.84,0.0,26.56954,24.0,8712000.0,0.0,0.0,120282,6
1698341494.349,74,5.0,12.5,182000.0,0.0,26.656643,24.0,7213000.0,0.0,0.0,0,6
1698341494.45,74,5.0,0.0,0.0,0.0,28.197813,24.0,256240.0,0.0,40.0,140365,6
1698341494.55,74,5.0,10.823529,273333.3,0.0,26.79833,24.0,10210666.0,0.0,40.0,11482,6
1698341494.65,74,0.1,0.0,0.0,0.0,27.740185,24.0,1507294.0,0.0,40.0,140365,6
1698341494.75,74,5.0,13.615385,215676.75,2.5,26.82776,24.0,10361211.0,0.0,40.0,11738,6
1698341494.849,74,0.1,0.0,0.0,0.0,0.0,0.0,0.0,0.0,0.0,0,6
1698341494.95,74,0.1,12.5,251076.92,0.0,26.857218,24.0,10355077.0,0.0,0.0,42172,6
1698341495.049,74,5.0,12.448276,81200.0,0.0,26.826971,24.0,3355440.0,0.0,40.0,0,6
1698341495.15,74,0.1,15.0,220799.98,0.0,26.679054,24.0,10257599.0,0.0,0.0,42172,6
1698341495.249,74,0.1,0.0,0.0,0.0,0.0,0.0,0.0,0.0,0.0,0,6
1698341495.3500001,74,5.0,13.607142,120800.0,4.347826,26.926847,24.0,6410800.0,0.0,40.0,72259,6
1698341495.4490001,74,0.1,0.0,0.0,0.0,0.0,0.0,0.0,0.0,0.0,0,6
1698341495.549,74,0.1,0.0,0.0,0.0,0.0,0.0,10679999.0,0.0,0.0,72259,6
1698341495.649,74,5.0,13.38,130720.0,4.0,27.166506,24.0,5406960.0,0.0,40.0,0,6
1698341495.75,74,5.0,12.536587,70640.0,7.142857,26.966843,24.0,4359280.0,0.0,40.0,101852,6
1698341495.849,74,5.0,13.79452,183591.83,5.714286,26.893135,24.0,7392734.5,0.0,40.0,0,6
1698341495.9490001,74,5.0,14.261905,67628.87,20.0,27.003462,24.0,4494103.0,0.0,40.0,101852,6
1698341496.049,74,5.0,13.692307,185920.0,10.526316,26.897476,24.0,7458480.0,0.0,40.0,0,6
1698341496.15,74,5.0,14.055555,31011.236,0.0,27.09147,24.0,2592988.75,0.0,40.0,120538,6
1698341496.249,74,5.0,13.876543,227505.61,2.631579,26.920996,24.0,9412854.0,0.0,40.0,0,6
1698341496.3500001,74,5.0,12.45,27600.0,0.0,26.584574,24.0,2307760.0,0.0,40.0,120538,6
1698341496.45,74,5.0,13.376623,220000.0,2.9411764,26.329819,24.0,9356195.0,0.0,40.0,0,6
1698341496.549,74,5.0,0.0,0.0,0.0,28.090038,24.0,316345.7,0.0,40.0,140365,6
1698341496.65,74,5.0,13.9,213520.0,2.5,27.081127,24.0,10257600.0,0.0,40.0,11738,6
1698341496.749,74,5.0,0.0,0.0,0.0,28.262789,24.0,328512.8,0.0,40.0,140365,6
1698341496.8500001,74,5.0,13.5616455,234493.48,2.9411764,26.742138,24.0,10295999.0,0.0,40.0,11738,6
1698341496.9490001,74,5.0,15.0,38000.0,0.0,26.521912,24.0,1303920.0,0.0,0.0,0,6
1698341497.05,74,5.0,13.962026,229513.52,0.0,26.875465,24.0,10280432.0,0.0,40.0,42172,6
1698341497.149,74,5.0,0.0,30246.572,0.0,27.408438,24.0,819945.1,0.0,0.0,0,6
1698341497.25,74,5.0,14.160494,169840.0,6.060606,26.73033,24.0,8462320.0,0.0,40.0,42172,6
1698341497.349,74,5.0,0.0,15999.999,0.0,26.981186,24.0,248347.81,0.0,0.0,0,6
1698341497.45,74,5.0,13.625,182840.56,11.538462,26.718428,24.0,9383999.0,0.0,40.0,72515,6
1698341497.549,74,5.0,13.693877,126626.25,4.1666665,26.843922,24.0,5353696.5,0.0,40.0,0,6
1698341497.65,74,5.0,13.611111,185846.14,0.0,26.789179,24.0,9797168.0,0.0,40.0,72003,6
1698341497.749,74,5.0,13.125,74707.69,10.0,27.067112,24.0,2827569.0,0.0,0.0,0,6
1698341497.8500001,74,5.0,14.028571,71120.0,7.142857,27.20369,24.0,4359280.0,0.0,40.0,101852,6
1698341497.9490001,74,5.0,12.653846,140645.16,0.0,27.034828,24.0,5756516.0,0.0,40.0,0,6
1698341498.05,74,5.0,14.028571,125639.336,0.0,27.051506,24.0,7146360.0,0.0,40.0,101852,6
1698341498.149,74,5.0,13.8970585,174880.0,8.571428,27.202555,24.0,7458480.0,0.0,40.0,0,6
1698341498.249,74,5.0,12.588235,48421.05,0.0,27.189749,24.0,4048701.5,0.0,40.0,120282,6
1698341498.349,74,5.0,12.244445,218245.6,4.1666665,27.197447,24.0,8997894.0,0.0,40.0,0,6
1698341498.45,74,5.0,13.36,22080.0,20.0,27.506573,24.0,2307760.0,0.0,40.0,120538,6
1698341498.549,74,5.0,13.955556,212592.6,4.5454545,27.379322,24.0,8904444.0,0.0,40.0,0,6
1698341498.65,74,5.0,0.0,0.0,0.0,28.661638,24.0,483471.66,0.0,40.0,140365,6
1698341498.75,74,5.0,13.642858,213520.0,11.363636,27.301498,24.0,10257600.0,0.0,40.0,11738,6
1698341498.8500001,74,5.0,0.0,0.0,0.0,28.752003,24.0,726080.0,0.0,40.0,140365,6
1698341498.95,74,5.0,13.32,227666.67,4.7619047,27.15699,24.0,10240000.0,0.0,40.0,11738,6
1698341499.049,74,5.0,15.0,38000.0,12.5,27.069206,24.0,1303920.0,0.0,0.0,0,6
1698341499.151,74,5.0,13.58,231489.34,9.090909,26.821304,24.0,10320510.0,0.0,40.0,42172,6
1698341499.249,74,5.0,0.0,0.0,0.0,0.0,0.0,0.0,0.0,0.0,0,6
1698341499.349,74,5.0,14.323944,169840.0,3.125,26.82088,24.0,8462320.0,0.0,40.0,42172,6
1698341499.4490001,74,5.0,0.0,0.0,0.0,0.0,0.0,0.0,0.0,0.0,0,6
1698341499.55,74,5.0,14.026316,259333.31,5.5555553,26.585394,24.0,10624666.0,0.0,40.0,72259,6
1698341499.649,74,5.0,13.686275,129425.734,0.0,26.982214,24.0,5353425.5,0.0,40.0,0,6
1698341499.75,74,5.0,13.3,220799.98,7.6923075,26.762428,24.0,10257600.0,0.0,40.0,72259,6
1698341499.849,74,0.1,0.0,0.0,0.0,0.0,0.0,0.0,0.0,0.0,0,6
1698341499.9490001,74,5.0,14.097561,76640.0,0.0,26.856855,24.0,4359280.0,0.0,40.0,101852,6
1698341500.049,74,0.1,0.0,0.0,0.0,0.0,0.0,0.0,0.0,0.0,0,6
1698341500.15,74,5.0,14.6,240320.0,0.0,26.750912,24.0,10342080.0,0.0,0.0,101596,6
1698341500.249,74,5.0,13.514706,174880.0,5.882353,26.887857,24.0,7458480.0,0.0,40.0,0,6
1698341500.3500001,74,5.0,13.0625,162352.94,0.0,27.05069,24.0,10811294.0,0.0,0.0,120538,6
1698341500.4490001,74,0.1,15.0,191999.98,14.285714,26.818604,24.0,6033882.0,0.0,0.0,0,6
1698341500.55,74,5.0,12.875,27600.0,0.0,26.976593,24.0,2307760.0,0.0,40.0,120538,6
1698341500.649,74,0.1,15.0,157714.28,0.0,27.020838,24.0,5038285.5,0.0,0.0,0,6
1698341500.75,74,0.1,0.0,0.0,0.0,28.732695,24.0,1971076.9,0.0,40.0,140365,6
1698341500.8500001,74,5.0,13.524272,216712.86,6.976744,26.787008,24.0,10261782.0,0.0,40.0,11994,6
1698341500.9490001,74,0.1,0.0,0.0,0.0,26.61491,24.0,3560000.0,0.0,0.0,140365,6
1698341501.049,74,0.1,10.0,264000.0,0.0,26.942066,24.0,13349999.0,0.0,0.0,11738,6
1698341501.15,74,5.0,15.0,37623.76,0.0,27.2831,24.0,1544712.9,0.0,40.0,140365,6
1698341501.249,74,0.1,0.0,552000.0,0.0,26.402445,24.0,21359998.0,0.0,0.0,11738,6
1698341501.349,74,0.1,0.0,0.0,0.0,0.0,0.0,0.0,0.0,0.0,0,6
1698341501.45,74,5.0,14.1125,164320.0,6.25,26.942,24.0,8462320.0,0.0,40.0,42172,6
1698341501.549,74,5.0,12.866667,87200.0,11.111111,27.112272,24.0,3355440.0,0.0,40.0,0,6
1698341501.649,74,5.0,14.195651,167673.47,14.285714,27.029997,24.0,8635020.0,0.0,40.0,42172,6
1698341501.749,74,5.0,13.321428,78515.46,6.6666665,26.966734,24.0,3172453.5,0.0,40.0,0,6
1698341501.849,74,5.0,13.050847,121050.5,8.333333,27.040264,24.0,6475555.0,0.0,40.0,72259,6
1698341501.9490001,74,5.0,12.0,121276.59,12.5,27.047422,24.0,5115319.0,0.0,40.0,0,6
1698341502.05,74,5.0,10.740741,127655.914,8.333333,27.011663,24.0,6893333.0,0.0,40.0,72259,6
1698341502.149,74,5.0,8.979167,128000.0,4.0,27.010958,24.0,5406960.0,0.0,40.0,0,6
1698341502.25,74,5.0,7.8333335,86883.72,0.0,27.003674,24.0,5068930.0,0.0,40.0,101852,6
1698341502.349,74,5.0,10.466666,164705.875,7.142857,27.038546,24.0,6989364.5,0.0,40.0,0,6
1698341502.4490001,74,5.0,10.256411,70000.0,7.142857,26.847895,24.0,4359280.0,0.0,40.0,101852,6
1698341502.549,74,5.0,9.571427,163414.625,7.4074073,26.79677,24.0,6854341.5,0.0,40.0,0,6
1698341502.65,74,5.0,7.8125,33086.418,0.0,27.167694,24.0,2849086.5,0.0,40.0,120282,6
1698341502.749,74,5.0,10.44681,220400.0,4.6511626,26.882986,24.0,9510000.0,0.0,40.0,0,6
1698341502.8500001,74,5.0,7.470588,34358.973,0.0,27.437492,24.0,2958666.5,0.0,40.0,120538,6
1698341502.9490001,74,5.0,8.828125,226974.36,2.9411764,27.009533,24.0,9288308.0,0.0,40.0,0,6
1698341503.049,74,5.0,0.0,0.0,0.0,29.020794,24.0,256240.0,0.0,40.0,140109,6
1698341503.15,74,5.0,9.042857,224756.75,3.125,27.111471,24.0,10280432.0,0.0,40.0,11738,6
1698341503.25,74,5.0,0.0,0.0,0.0,28.213415,24.0,351013.66,0.0,40.0,140365,6
1698341503.349,74,5.0,10.073685,211959.58,7.142857,27.150852,24.0,10361211.0,0.0,40.0,11482,6
1698341503.4490001,74,5.0,0.0,0.0,0.0,0.0,0.0,0.0,0.0,0.0,0,6
1698341503.549,74,5.0,11.897437,235362.3,3.2258065,26.983671,24.0,10251477.0,0.0,40.0,42172,6
1698341503.649,74,5.0,12.448276,81680.0,0.0,27.0155,24.0,3355440.0,0.0,40.0,0,6
1698341503.75,74,5.0,13.436622,223151.52,6.8965516,26.842625,24.0,10296000.0,0.0,40.0,42172,6
1698341503.849,74,5.0,0.0,8492.307,0.0,0.0,0.0,0.0,0.0,0.0,0,6
1698341503.95,74,5.0,13.655172,120800.0,4.347826,26.84788,24.0,6410800.0,0.0,40.0,72259,6
1698341504.049,74,5.0,7.4,68645.16,0.0,26.799791,24.0,2447612.75,0.0,0.0,0,6
1698341504.15,74,5.0,8.526316,193311.47,0.0,26.819855,24.0,10264524.0,0.0,40.0,72259,6
1698341504.249,74,5.0,13.545455,130720.0,0.0,27.000921,24.0,5406960.0,0.0,40.0,0,6
1698341504.3500001,74,5.0,13.410256,131586.2,12.5,27.002594,24.0,7515999.5,0.0,40.0,101852,6
1698341504.4490001,74,5.0,12.269231,132771.92,0.0,26.770607,24.0,5398736.5,0.0,40.0,0,6
1698341504.55,74,5.0,13.195122,70640.0,13.333333,27.107624,24.0,4359280.0,0.0,40.0,101852,6
1698341504.649,74,5.0,12.875,130814.81,0.0,26.78107,24.0,5105333.0,0.0,40.0,0,6
1698341504.749,74,5.0,12.782609,41660.375,20.0,26.979256,24.0,4354264.0,0.0,40.0,120282,6
1698341504.849,74,5.0,13.808511,233920.0,6.6666665,26.904467,24.0,9510000.0,0.0,40.0,0,6
1698341504.9490001,74,5.0,12.904762,55200.0,0.0,27.068321,24.0,4615520.0,0.0,40.0,120538,6
1698341505.049,74,5.0,11.125002,221061.22,4.7619047,26.996307,24.0,8723265.0,0.0,40.0,0,6
1698341505.15,74,5.0,0.0,0.0,0.0,28.284555,24.0,256240.0,0.0,40.0,140365,6
1698341505.25,74,5.0,11.177778,222782.6,9.523809,26.998096,24.0,10312695.0,0.0,40.0,11738,6
1698341505.351,74,5.0,0.0,0.0,0.0,28.200623,24.0,806755.5,0.0,40.0,140365,6
1698341505.45,74,5.0,11.57,205920.0,5.0,27.001156,24.0,10150800.0,0.0,40.0,11738,6
1698341505.549,74,5.0,0.0,0.0,0.0,0.0,0.0,0.0,0.0,0.0,0,6
1698341505.65,74,5.0,11.785714,231619.03,0.0,26.880663,24.0,10277714.0,0.0,40.0,42172,6
1698341505.749,74,5.0,13.259259,82505.05,0.0,27.124813,24.0,3281454.25,0.0,40.0,0,6
1698341505.849,74,5.0,14.114285,258947.34,0.0,26.997465,24.0,10235368.0,0.0,0.0,42172,6
1698341505.9490001,74,5.0,0.0,0.0,0.0,0.0,0.0,0.0,0.0,0.0,0,6
1698341506.05,74,5.0,12.112904,120160.0,8.333333,26.994045,24.0,6410800.0,0.0,40.0,72259,6
1698341506.149,74,5.0,0.0,0.0,0.0,0.0,0.0,0.0,0.0,0.0,0,6
1698341506.251,74,0.1,9.459459,228848.48,6.6666665,27.109179,24.0,10296000.0,0.0,40.0,72259,6
1698341506.349,74,5.0,9.351852,128480.0,4.0,27.272243,24.0,5406960.0,0.0,40.0,0,6
1698341506.45,74,0.1,10.142858,232799.98,7.142857,27.065838,24.0,10257600.0,0.0,0.0,101596,6
1698341506.549,74,5.0,0.0,36965.516,0.0,26.480433,24.0,590896.5,0.0,0.0,0,6
1698341506.651,74,5.0,10.4,75680.0,6.6666665,27.202671,24.0,4359280.0,0.0,40.0,101852,6
1698341506.749,74,5.0,0.0,21230.77,0.0,0.0,0.0,0.0,0.0,0.0,0,6
1698341506.8500001,74,0.1,7.8235292,107200.0,0.0,26.590935,24.0,9060480.0,0.0,0.0,120538,6
1698341506.9490001,74,5.0,10.060606,220400.0,4.6511626,26.904081,24.0,9510000.0,0.0,40.0,0,6
1698341507.05,74,0.1,10.136364,98181.81,20.0,27.562637,24.0,10295999.0,0.0,0.0,120538,6
1698341507.149,74,5.0,8.0,185999.98,0.0,27.07537,24.0,6519599.5,0.0,0.0,0,6
1698341507.25,74,5.0,0.0,0.0,0.0,28.414753,24.0,256240.0,0.0,40.0,140365,6
1698341507.3500001,74,0.1,6.75,227428.56,0.0,27.436678,24.0,10378285.0,0.0,40.0,11738,6
1698341507.45,74,0.1,0.0,0.0,0.0,28.819574,24.0,1971076.9,0.0,40.0,140365,6
1698341507.549,74,5.0,12.485147,212560.0,0.0,26.903067,24.0,10257600.0,0.0,40.0,11738,6
1698341507.649,74,0.1,0.0,0.0,0.0,0.0,0.0,0.0,0.0,0.0,0,6
1698341507.749,74,0.1,12.142858,270000.0,0.0,26.814232,24.0,10152000.0,0.0,0.0,42172,6
1698341507.849,74,5.0,12.625,81200.0,0.0,27.079002,24.0,3355440.0,0.0,40.0,0,6
1698341507.9490001,74,0.1,0.0,276000.0,0.0,26.975756,24.0,10680000.0,0.0,0.0,42172,6
1698341508.049,74,0.1,0.0,0.0,0.0,0.0,0.0,0.0,0.0,0.0,0,6
1698341508.15,74,5.0,14.307693,164320.0,3.2258065,27.119102,24.0,8462320.0,0.0,40.0,42172,6
1698341508.249,74,5.0,13.032258,87200.0,5.882353,27.082495,24.0,3355440.0,0.0,40.0,0,6
1698341508.349,74,5.0,13.655738,124536.08,8.333333,27.260677,24.0,6609072.0,0.0,40.0,72259,6
1698341508.4490001,74,5.0,14.078431,126626.25,8.0,27.25311,24.0,5245818.0,0.0,40.0,0,6
1698341508.55,74,5.0,13.8,120800.0,8.333333,27.08678,24.0,6410800.0,0.0,40.0,72259,6
1698341508.649,74,5.0,13.422222,122127.66,4.5454545,27.057041,24.0,5115319.0,0.0,40.0,0,6
1698341508.75,74,5.0,14.159091,82408.6,6.6666665,27.197557,24.0,4687397.5,0.0,40.0,101852,6
1698341508.849,74,5.0,13.942857,174880.0,8.571428,27.002216,24.0,7458480.0,0.0,40.0,0,6
1698341508.9490001,74,5.0,13.866667,85155.555,0.0,27.026585,24.0,4843644.5,0.0,40.0,101852,6
1698341509.049,74,5.0,12.929825,171685.39,0.0,26.982006,24.0,7107775.0,0.0,40.0,0,6
1698341509.15,74,5.0,13.9375,27600.0,0.0,27.332066,24.0,2307760.0,0.0,40.0,120538,6
1698341509.249,74,5.0,13.7733345,222604.64,7.894737,27.011692,24.0,9417767.0,0.0,40.0,0,6
1698341509.3500001,74,5.0,12.684211,38325.582,0.0,27.387625,24.0,2807627.75,0.0,40.0,120538,6
1698341509.4490001,74,5.0,13.769231,215191.9,7.142857,27.108194,24.0,9498181.0,0.0,40.0,0,6
1698341509.549,74,5.0,0.0,0.0,0.0,28.88405,24.0,328512.8,0.0,40.0,140109,6
1698341509.65,74,5.0,13.445652,234285.69,17.5,27.009594,24.0,10295999.0,0.0,40.0,11738,6
1698341509.749,74,5.0,8.0,37200.0,0.0,27.320675,24.0,1560160.0,0.0,40.0,140365,6
1698341509.849,74,5.0,9.319446,216864.86,6.25,26.931787,24.0,10280432.0,0.0,40.0,11482,6
1698341509.9490001,74,5.0,0.0,0.0,0.0,0.0,0.0,0.0,0.0,0.0,0,6
1698341510.05,74,5.0,9.277779,166160.0,8.823529,27.175636,24.0,8462320.0,0.0,40.0,42172,6
1698341510.149,74,5.0,0.0,15314.286,0.0,27.694824,24.0,397371.44,0.0,0.0,0,6
1698341510.25,74,5.0,9.789474,234202.875,3.2258065,27.301804,24.0,10251477.0,0.0,40.0,42172,6
1698341510.349,74,5.0,10.275862,80720.0,0.0,27.401865,24.0,3355440.0,0.0,40.0,0,6
1698341510.45,74,5.0,11.416667,192774.19,12.0,27.214771,24.0,10271225.0,0.0,40.0,72259,6
1698341510.549,74,5.0,8.0,60983.6,0.0,27.071981,24.0,2137573.5,0.0,0.0,0,6
1698341510.649,74,5.0,11.409836,113520.0,8.695652,27.337084,24.0,6410800.0,0.0,40.0,72259,6
1698341510.749,74,5.0,0.0,39703.703,0.0,27.098003,24.0,1306222.25,0.0,0.0,0,6
1698341510.849,74,5.0,10.236842,141584.89,0.0,27.3222,24.0,8225056.0,0.0,40.0,101852,6
1698341510.9490001,74,5.0,10.088609,172160.0,8.571428,27.34076,24.0,7458480.0,0.0,40.0,0,6
1698341511.05,74,5.0,7.775,149440.0,0.0,27.264826,24.0,8633280.0,0.0,40.0,101852,6
1698341511.149,74,5.0,7.4375,119020.4,0.0,27.353058,24.0,4536489.5,0.0,0.0,0,6
1698341511.249,74,5.0,7.5263157,26800.0,0.0,27.17512,24.0,2307760.0,0.0,40.0,120282,6
1698341511.349,74,5.0,7.53125,208347.81,0.0,27.075043,24.0,8687478.0,0.0,40.0,0,6
1698341511.4490001,74,5.0,7.5263157,59555.555,0.0,27.343082,24.0,5128355.5,0.0,40.0,120538,6
1698341511.549,74,5.0,8.910112,219120.0,4.6511626,26.973974,24.0,9510000.0,0.0,40.0,0,6
1698341511.65,74,5.0,0.0,0.0,0.0,28.548676,24.0,610095.2,0.0,40.0,140365,6
1698341511.749,74,5.0,8.527779,248000.0,5.0,27.14279,24.0,10267902.0,0.0,40.0,11738,6
1698341511.849,74,5.0,8.0,37200.0,0.0,27.523748,24.0,1560160.0,0.0,40.0,140109,6
1698341511.95,74,5.0,10.682927,220717.94,11.111111,27.314034,24.0,9972923.0,0.0,40.0,11738,6
1698341512.049,74,0.1,0.0,0.0,0.0,0.0,0.0,0.0,0.0,0.0,0,6
1698341512.151,74,5.0,9.168831,164990.1,3.125,27.06275,24.0,8484277.0,0.0,40.0,42172,6
1698341512.249,74,0.1,0.0,0.0,0.0,0.0,0.0,0.0,0.0,0.0,0,6
1698341512.349,74,5.0,8.785716,244606.06,0.0,27.120285,24.0,10296000.0,0.0,0.0,42172,6
1698341512.4490001,74,5.0,9.548388,80400.0,6.25,27.361998,24.0,3355440.0,0.0,40.0,0,6
1698341512.55,74,5.0,8.599999,233866.66,7.142857,26.892178,24.0,10257600.0,0.0,40.0,72259,6
1698341512.649,74,0.1,0.0,0.0,0.0,0.0,0.0,0.0,0.0,0.0,0,6
1698341512.75,74,5.0,10.6,116990.09,8.695652,27.017555,24.0,6453069.0,0.0,40.0,72259,6
1698341512.849,74,0.1,0.0,0.0,0.0,0.0,0.0,0.0,0.0,0.0,0,6
1698341512.9490001,74,5.0,12.636364,215040.0,9.090909,26.933683,24.0,10342080.0,0.0,0.0,101596,6
1698341513.049,74,5.0,11.338235,178800.0,0.0,27.369087,24.0,7458480.0,0.0,40.0,0,6
1698341513.15,74,5.0,14.0,247999.98,0.0,27.110668,24.0,10295999.0,0.0,40.0,101852,6
1698341513.249,74,0.1,0.0,0.0,0.0,0.0,0.0,0.0,0.0,0.0,0,6
1698341513.3500001,74,5.0,7.55,26800.0,0.0,27.607264,24.0,2307760.0,0.0,40.0,120538,6
1698341513.4490001,74,0.1,15.0,150666.66,16.666666,27.290396,24.0,6057333.0,0.0,0.0,0,6
1698341513.549,74,0.1,8.066667,157647.05,0.0,27.165668,24.0,10431529.0,0.0,0.0,120282,6
1698341513.649,74,5.0,8.762887,219280.0,6.818182,27.382303,24.0,9510000.0,0.0,40.0,0,6
1698341513.75,74,0.1,0.0,0.0,0.0,28.557346,24.0,1830285.6,0.0,40.0,140365,6
1698341513.8500001,74,0.1,9.083333,207384.61,0.0,27.4676,24.0,10355077.0,0.0,40.0,11738,6
1698341513.9490001,74,5.0,15.0,38000.0,12.5,27.225307,24.0,1560160.0,0.0,40.0,140365,6
1698341514.049,74,0.1,0.0,215999.98,0.0,27.635998,24.0,10257599.0,0.0,0.0,11738,6
1698341514.149,74,0.1,0.0,0.0,0.0,0.0,0.0,0.0,0.0,0.0,0,6
1698341514.251,74,5.0,12.207792,167049.5,8.823529,27.117,24.0,8484277.0,0.0,40.0,42172,6
1698341514.349,74,0.1,0.0,0.0,0.0,0.0,0.0,0.0,0.0,0.0,0,6
1698341514.45,74,0.1,0.0,220799.98,0.0,26.50842,24.0,12815999.0,0.0,0.0,42428,6
1698341514.549,74,5.0,13.826087,81680.0,0.0,26.709805,24.0,3248640.0,0.0,40.0,0,6
1698341514.649,74,0.1,0.0,276000.0,0.0,27.23438,24.0,10679999.0,0.0,0.0,72259,6
1698341514.749,74,0.1,0.0,0.0,0.0,0.0,0.0,0.0,0.0,0.0,0,6
1698341514.849,74,5.0,14.09375,115280.0,4.5454545,27.166643,24.0,6410800.0,0.0,40.0,72259,6
1698341514.9490001,74,5.0,13.632653,136240.0,0.0,27.246801,24.0,5406960.0,0.0,40.0,0,6
1698341515.05,74,5.0,13.842105,81531.914,0.0,27.115925,24.0,4637531.5,0.0,40.0,101852,6
1698341515.149,74,5.0,13.425926,174297.86,3.2258065,27.089096,24.0,7297787.0,0.0,40.0,0,6
1698341515.249,74,5.0,14.325,76640.0,6.6666665,27.141098,24.0,4359280.0,0.0,40.0,101852,6
1698341515.349,74,5.0,13.716981,182044.44,0.0,27.075502,24.0,7147466.5,0.0,40.0,0,6
1698341515.4490001,74,5.0,14.043478,73707.87,20.0,27.612808,24.0,4898067.5,0.0,40.0,101852,6
1698341515.549,74,5.0,13.434783,185920.0,8.1081085,27.387203,24.0,7458480.0,0.0,40.0,0,6
1698341515.65,74,5.0,13.176471,34074.074,0.0,27.101852,24.0,2849086.5,0.0,40.0,120538,6
1698341515.749,74,5.0,13.602739,222716.05,5.714286,27.001402,24.0,9339852.0,0.0,40.0,0,6
1698341515.8500001,74,5.0,13.210526,22303.03,20.0,27.123377,24.0,2331070.5,0.0,40.0,120538,6
1698341515.9490001,74,5.0,12.675677,222974.36,5.882353,26.889542,24.0,9288308.0,0.0,40.0,0,6
1698341516.049,74,5.0,0.0,0.0,0.0,28.98283,24.0,332779.2,0.0,40.0,140365,6
1698341516.15,74,5.0,10.844037,212929.28,7.142857,27.122591,24.0,10361211.0,0.0,40.0,11738,6
1698341516.249,74,5.0,0.0,0.0,0.0,28.56772,24.0,346270.28,0.0,40.0,140365,6
1698341516.349,74,5.0,13.380283,236111.1,3.125,26.951244,24.0,10417666.0,0.0,40.0,11738,6
1698341516.4490001,74,5.0,15.0,37623.76,12.5,27.084188,24.0,1291009.9,0.0,0.0,0,6
1698341516.55,74,5.0,13.15625,234057.14,0.0,26.665192,24.0,10257600.0,0.0,40.0,42172,6
1698341516.649,74,5.0,0.0,15999.999,0.0,26.914785,24.0,248347.81,0.0,0.0,0,6
1698341516.75,74,5.0,13.619719,168880.0,0.0,27.043375,24.0,8462320.0,0.0,40.0,42172,6
1698341516.849,74,5.0,0.0,0.0,0.0,0.0,0.0,0.0,0.0,0.0,0,6
1698341516.9490001,74,5.0,13.692307,185846.14,0.0,26.822975,24.0,9797168.0,0.0,40.0,72259,6
1698341517.049,74,5.0,13.875,130720.0,7.6923075,27.015005,24.0,5406960.0,0.0,40.0,0,6
1698341517.15,74,5.0,13.385965,194838.7,0.0,26.534586,24.0,10271225.0,0.0,40.0,72259,6
1698341517.249,74,5.0,15.0,63333.332,0.0,26.657766,24.0,2173200.0,0.0,0.0,0,6
1698341517.349,74,5.0,12.833335,76160.0,0.0,27.030655,24.0,4359280.0,0.0,40.0,101852,6
1698341517.4490001,74,5.0,12.153846,133614.03,0.0,27.068258,24.0,5398736.5,0.0,40.0,0,6
1698341517.55,74,5.0,13.921053,134456.125,0.0,27.05647,24.0,7835227.5,0.0,40.0,101852,6
1698341517.649,74,5.0,13.514286,176646.45,0.0,26.938894,24.0,7425939.0,0.0,40.0,0,6
1698341517.749,74,5.0,12.8,51111.11,0.0,26.993977,24.0,4273629.5,0.0,40.0,120538,6
1698341517.849,74,5.0,13.948718,212592.6,0.0,27.012575,24.0,8706666.0,0.0,40.0,0,6
1698341517.95,74,5.0,13.578947,27600.0,0.0,27.185818,24.0,2307760.0,0.0,40.0,120538,6
1698341518.049,74,5.0,12.911765,207520.0,0.0,27.070614,24.0,8762400.0,0.0,40.0,0,6
1698341518.15,74,5.0,0.0,0.0,0.0,29.044123,24.0,522938.75,0.0,40.0,140365,6
1698341518.249,74,5.0,13.697917,215676.75,0.0,26.9982,24.0,10361211.0,0.0,40.0,11738,6
1698341518.349,74,5.0,0.0,0.0,0.0,28.073782,24.0,610095.2,0.0,40.0,140109,6
1698341518.45,74,5.0,13.257143,226146.33,0.0,27.094246,24.0,10267902.0,0.0,40.0,11738,6
1698341518.549,74,5.0,15.0,38000.0,0.0,26.876493,24.0,1303920.0,0.0,0.0,0,6
1698341518.649,74,0.1,13.766666,241647.05,0.0,26.992386,24.0,10307294.0,0.0,0.0,42172,6
1698341518.749,74,5.0,0.0,0.0,0.0,0.0,0.0,0.0,0.0,0.0,0,6
1698341518.8500001,74,5.0,13.869047,169840.0,0.0,26.937342,24.0,8462320.0,0.0,40.0,42172,6
1698341518.9490001,74,5.0,0.0,0.0,0.0,0.0,0.0,0.0,0.0,0.0,0,6
1698341519.05,74,0.1,13.708333,209379.3,8.333333,26.876713,24.0,10243034.0,0.0,40.0,72259,6
1698341519.149,74,5.0,13.891304,136240.0,0.0,26.861242,24.0,5406960.0,0.0,40.0,0,6
1698341519.25,74,0.1,13.0,225818.16,0.0,26.993528,24.0,10295999.0,0.0,40.0,72259,6
1698341519.349,74,5.0,0.0,0.0,0.0,0.0,0.0,0.0,0.0,0.0,0,6
1698341519.4490001,74,5.0,14.114285,76640.0,0.0,27.013935,24.0,4359280.0,0.0,40.0,101852,6
1698341519.549,74,5.0,0.0,0.0,0.0,0.0,0.0,0.0,0.0,0.0,0,6
1698341519.651,74,0.1,15.0,224470.58,12.5,26.953712,24.0,10431529.0,0.0,0.0,101596,6
1698341519.749,74,5.0,13.384615,180400.0,0.0,26.973928,24.0,7458480.0,0.0,40.0,0,6
1698341519.851,74,0.1,10.111111,220799.98,0.0,27.134434,24.0,10257599.0,0.0,0.0,120538,6
1698341519.9490001,74,0.1,0.0,122666.66,0.0,26.691467,24.0,1903999.9,0.0,0.0,0,6
1698341520.049,74,5.0,12.782609,27600.0,0.0,27.156494,24.0,2307760.0,0.0,40.0,120538,6
1698341520.149,74,0.1,0.0,0.0,0.0,0.0,0.0,0.0,0.0,0.0,0,6
1698341520.249,74,0.1,0.0,0.0,0.0,26.766438,24.0,4271999.5,0.0,0.0,140365,6
1698341520.349,74,5.0,13.568182,213520.0,0.0,26.971397,24.0,10257600.0,0.0,40.0,11738,6
1698341520.4490001,74,0.1,0.0,0.0,0.0,26.628971,24.0,10679999.0,0.0,0.0,140365,6
1698341520.549,74,0.1,0.0,0.0,0.0,0.0,0.0,10679999.0,0.0,0.0,11738,6
1698341520.649,74,5.0,15.0,38000.0,12.5,26.809969,24.0,1303920.0,0.0,0.0,0,6
1698341520.75,74,5.0,13.467532,168880.0,0.0,26.87336,24.0,8462320.0,0.0,40.0,42172,6
1698341520.849,74,5.0,12.090909,83346.94,0.0,26.891317,24.0,3205959.0,0.0,40.0,0,6
1698341520.95,74,5.0,14.046513,175092.78,6.060606,26.917074,24.0,8724041.0,0.0,40.0,42172,6
1698341521.049,74,5.0,13.321428,81680.0,0.0,26.97122,24.0,3355440.0,0.0,40.0,0,6
1698341521.149,74,5.0,13.827586,128510.63,0.0,26.828705,24.0,6819999.5,0.0,40.0,72259,6
1698341521.249,74,5.0,13.27027,123440.86,0.0,26.925913,24.0,5055484.0,0.0,40.0,0,6
1698341521.349,74,5.0,13.724138,120800.0,0.0,26.884306,24.0,6410800.0,0.0,40.0,72259,6
1698341521.4490001,74,5.0,13.657143,115288.88,0.0,26.722893,24.0,4868000.0,0.0,40.0,0,6
1698341521.55,74,5.0,14.081081,86112.36,0.0,26.332876,24.0,4898067.5,0.0,40.0,101852,6
1698341521.649,74,5.0,13.539682,174720.0,3.030303,26.82602,24.0,7458480.0,0.0,40.0,0,6
1698341521.749,74,5.0,14.5,90164.7,0.0,26.79165,24.0,5128564.5,0.0,40.0,101852,6
1698341521.849,74,5.0,13.78,166776.47,0.0,26.693151,24.0,6989364.5,0.0,40.0,0,6
1698341521.9490001,74,5.0,14.0,27600.0,0.0,27.211489,24.0,2307760.0,0.0,40.0,120538,6
1698341522.049,74,5.0,13.424242,224205.125,0.0,26.939665,24.0,9288308.0,0.0,40.0,0,6
1698341522.15,74,5.0,13.176471,36315.785,0.0,27.061113,24.0,3036526.0,0.0,40.0,120538,6
1698341522.249,74,5.0,13.707865,221702.97,0.0,26.991123,24.0,9415841.0,0.0,40.0,0,6
1698341522.3500001,74,5.0,0.0,0.0,0.0,27.891481,24.0,346270.28,0.0,40.0,140365,6
1698341522.4490001,74,5.0,13.869566,229729.73,0.0,26.805882,24.0,10136108.0,0.0,40.0,11738,6
1698341522.549,74,5.0,15.0,38000.0,0.0,26.91369,24.0,1560160.0,0.0,40.0,140365,6
1698341522.65,74,5.0,12.84375,228985.48,0.0,26.760336,24.0,10406260.0,0.0,40.0,11738,6
1698341522.749,74,5.0,0.0,0.0,0.0,28.160484,24.0,371362.28,0.0,40.0,140365,6
1698341522.849,74,5.0,13.028302,212560.0,4.878049,26.771305,24.0,10257600.0,0.0,40.0,11738,6
1698341522.9490001,74,5.0,0.0,0.0,0.0,0.0,0.0,0.0,0.0,0.0,0,6
1698341523.049,74,5.0,14.448981,233180.31,0.0,26.654104,24.0,10264524.0,0.0,40.0,42172,6
1698341523.149,74,5.0,12.653846,81680.0,0.0,26.652039,24.0,3355440.0,0.0,40.0,0,6
1698341523.249,74,5.0,14.5,233925.92,0.0,26.819624,24.0,10288889.0,0.0,40.0,42172,6
1698341523.349,74,5.0,0.0,0.0,0.0,0.0,0.0,0.0,0.0,0.0,0,6
1698341523.4490001,74,5.0,12.904762,119840.0,0.0,26.65379,24.0,6410800.0,0.0,40.0,72259,6
1698341523.549,74,5.0,0.0,22080.0,0.0,27.220076,24.0,556320.0,0.0,0.0,0,6
1698341523.651,74,5.0,13.304348,236549.0,0.0,26.793118,24.0,10056470.0,0.0,40.0,72515,6
1698341523.749,74,5.0,13.955556,126626.25,0.0,26.657072,24.0,5353696.5,0.0,40.0,0,6
1698341523.849,74,5.0,14.351352,166608.69,0.0,26.821188,24.0,9383999.0,0.0,40.0,101852,6
1698341523.9490001,74,5.0,12.692307,107911.11,0.0,26.801191,24.0,4084266.5,0.0,0.0,0,6
1698341524.05,74,5.0,14.055555,76640.0,0.0,27.081985,24.0,4359280.0,0.0,40.0,101852,6
1698341524.149,74,5.0,15.0,103619.04,0.0,26.72148,24.0,3613142.5,0.0,0.0,0,6
1698341524.249,74,5.0,13.111111,67317.07,0.0,26.997355,24.0,5628683.0,0.0,40.0,120538,6
1698341524.349,74,5.0,13.9777775,223920.0,4.6511626,26.913113,24.0,9510000.0,0.0,40.0,0,6
1698341524.45,74,0.1,13.692307,81176.47,0.0,27.033825,24.0,6787529.0,0.0,40.0,120538,6
1698341524.549,74,5.0,12.8,197333.33,0.0,26.852612,24.0,8030545.5,0.0,40.0,0,6
1698341524.651,74,5.0,0.0,0.0,0.0,27.81829,24.0,359445.53,0.0,40.0,140621,6
1698341524.749,74,5.0,12.807693,240960.0,0.0,26.893234,24.0,10769280.0,0.0,40.0,11738,6
1698341524.849,74,0.1,0.0,0.0,0.0,28.02026,24.0,1024960.0,0.0,40.0,140365,6
1698341524.95,74,5.0,13.597939,213520.0,0.0,26.67973,24.0,10257600.0,0.0,40.0,11738,6
1698341525.049,74,0.1,0.0,0.0,0.0,0.0,0.0,0.0,0.0,0.0,0,6
1698341525.149,74,5.0,15.0,233523.8,0.0,26.508593,24.0,10277714.0,0.0,0.0,41916,6
1698341525.249,74,5.0,12.56,81680.0,0.0,26.693764,24.0,3355440.0,0.0,40.0,0,6
1698341525.349,74,5.0,13.235294,209333.33,12.5,26.616755,24.0,10210666.0,0.0,0.0,42172,6
1698341525.4490001,74,0.1,0.0,0.0,0.0,0.0,0.0,0.0,0.0,0.0,0,6
1698341525.551,74,5.0,13.830189,122020.195,4.347826,26.819502,24.0,6475555.0,0.0,40.0,72259,6
1698341525.65,74,0.1,0.0,0.0,0.0,0.0,0.0,0.0,0.0,0.0,0,6
1698341525.75,74,0.1,12.166667,254769.22,0.0,26.656107,24.0,10355077.0,0.0,0.0,72259,6
1698341525.849,74,5.0,13.456522,130720.0,4.0,26.667131,24.0,5406960.0,0.0,40.0,0,6
1698341525.95,74,0.1,15.0,220799.98,0.0,26.57354,24.0,10257599.0,0.0,40.0,101852,6
1698341526.049,74,0.1,0.0,0.0,0.0,0.0,0.0,0.0,0.0,0.0,0,6
1698341526.15,74,5.0,13.02439,70640.0,7.142857,26.769722,24.0,4359280.0,0.0,40.0,101852,6
1698341526.249,74,0.1,0.0,0.0,0.0,0.0,0.0,0.0,0.0,0.0,0,6
1698341526.3500001,74,0.1,10.0,273333.34,0.0,26.471436,24.0,10680000.0,0.0,0.0,120794,6
1698341526.4490001,74,5.0,13.75,220767.66,0.0,26.898611,24.0,9498181.0,0.0,40.0,0,6
1698341526.549,74,0.1,10.0,276000.0,0.0,26.226223,24.0,10679999.0,0.0,0.0,120538,6
1698341526.649,74,0.1,0.0,0.0,0.0,0.0,0.0,0.0,0.0,0.0,0,6
1698341526.749,74,5.0,0.0,0.0,0.0,28.250408,24.0,256240.0,0.0,40.0,140365,6
1698341526.849,74,5.0,13.151515,212560.0,0.0,26.975338,24.0,10257600.0,0.0,40.0,11482,6
1698341526.9490001,74,5.0,0.0,23489.361,0.0,27.323305,24.0,1022978.7,0.0,40.0,140365,6
1698341527.049,74,5.0,13.645162,232086.94,9.302325,26.846577,24.0,10382869.0,0.0,40.0,11738,6
1698341527.149,74,5.0,15.0,37623.76,0.0,26.855196,24.0,1291009.9,0.0,0.0,0,6
1698341527.249,74,5.0,13.8125,188711.11,0.0,26.708008,24.0,9355200.0,0.0,40.0,42172,6
1698341527.349,74,5.0,12.411765,66966.29,0.0,26.786884,24.0,2497618.0,0.0,0.0,0,6
1698341527.45,74,5.0,14.142858,164320.0,6.25,26.79961,24.0,8462320.0,0.0,40.0,42172,6
1698341527.549,74,5.0,13.235294,62883.72,0.0,27.007849,24.0,2261302.25,0.0,0.0,0,6
1698341527.65,74,5.0,14.072727,146697.67,0.0,27.074562,24.0,7578604.5,0.0,40.0,72259,6
1698341527.749,74,5.0,13.959184,126626.25,4.1666665,26.854786,24.0,5353696.5,0.0,40.0,0,6
1698341527.849,74,5.0,13.433333,156259.72,12.0,26.27916,24.0,8325713.5,0.0,40.0,72259,6
1698341527.9490001,74,5.0,12.56,98909.08,0.0,26.565481,24.0,3996467.25,0.0,40.0,0,6
1698341528.05,74,5.0,13.8918915,76640.0,0.0,26.822395,24.0,4466080.0,0.0,40.0,102108,6
1698341528.149,74,5.0,13.978261,155135.14,0.0,26.625257,24.0,6497838.0,0.0,40.0,0,6
1698341528.249,74,5.0,14.225,104986.29,6.6666665,26.665358,24.0,5971616.0,0.0,40.0,101852,6
1698341528.349,74,5.0,13.444445,174880.0,3.030303,26.84068,24.0,7458480.0,0.0,40.0,0,6
1698341528.4490001,74,5.0,13.318182,33454.547,20.0,27.04589,24.0,3496606.0,0.0,40.0,120538,6
1698341528.549,74,5.0,13.490196,218092.3,3.7037036,26.428118,24.0,9139938.0,0.0,40.0,0,6
1698341528.65,74,5.0,12.45,27600.0,0.0,26.793001,24.0,2307760.0,0.0,40.0,120538,6
1698341528.749,74,5.0,12.72,218193.53,0.0,26.767118,24.0,9065419.0,0.0,40.0,0,6
1698341528.849,74,5.0,0.0,0.0,0.0,28.499899,24.0,420065.53,0.0,40.0,140365,6
1698341528.9490001,74,5.0,13.821428,213520.0,0.0,27.054136,24.0,10257600.0,0.0,40.0,11738,6
1698341529.049,74,5.0,0.0,0.0,0.0,28.375032,24.0,449543.84,0.0,40.0,140365,6
1698341529.15,74,5.0,13.125,235724.125,7.4074073,27.01414,24.0,10315862.0,0.0,40.0,11738,6
1698341529.249,74,4.5,15.0,32969.695,0.0,26.624233,24.0,1209212.0,0.0,0.0,0,6
1698341529.349,74,5.0,13.22807,229600.0,8.695652,26.82262,24.0,10257600.0,0.0,40.0,42172,6
1698341529.4490001,74,5.0,0.0,0.0,0.0,0.0,0.0,0.0,0.0,0.0,0,6
1698341529.549,74,4.3333335,13.222221,150800.0,34.146343,26.545202,24.0,8355520.0,0.0,40.0,42172,6
1698341529.649,74,5.0,0.0,0.0,0.0,0.0,0.0,0.0,0.0,0.0,0,6
1698341529.75,74,5.0,14.0,221523.8,15.0,26.425547,24.0,10277714.0,0.0,40.0,72515,6
1698341529.849,74,5.0,13.857142,132202.02,14.285714,27.104414,24.0,5353696.5,0.0,40.0,0,6
1698341529.9490001,74,5.0,14.228572,231157.875,11.111111,26.506712,24.0,10235368.0,0.0,40.0,72259,6
1698341530.049,74,0.1,0.0,0.0,0.0,0.0,0.0,0.0,0.0,0.0,0,6
1698341530.15,74,5.0,13.818182,122020.195,12.0,26.481714,24.0,6475555.0,0.0,40.0,72259,6
1698341530.249,74,0.1,0.0,0.0,0.0,0.0,0.0,0.0,0.0,0.0,0,6
1698341530.349,74,5.0,13.705882,245241.375,13.333333,26.435652,24.0,10243034.0,0.0,40.0,101852,6
1698341530.4490001,74,5.0,13.785714,180400.0,8.333333,26.477177,24.0,7458480.0,0.0,40.0,0,6
1698341530.549,74,5.0,12.733334,106153.84,0.0,25.814535,24.0,8712000.0,0.0,0.0,120282,6
1698341530.649,74,0.1,13.0,194240.0,0.0,26.041666,24.0,7351680.0,0.0,0.0,0,6
1698341530.75,74,5.0,13.3,22303.03,20.0,26.280184,24.0,2331070.5,0.0,40.0,120538,6
1698341530.849,74,0.1,15.0,197818.17,0.0,26.2238,24.0,6897817.5,0.0,0.0,0,6
1698341530.9490001,74,5.0,13.277778,137999.98,0.0,26.18425,24.0,10257599.0,0.0,0.0,120538,6
1698341531.049,74,5.0,13.866665,223920.0,2.3809524,26.249746,24.0,9510000.0,0.0,40.0,0,6
1698341531.15,74,5.0,0.0,0.0,0.0,27.241837,24.0,1423555.5,0.0,40.0,140365,6
1698341531.25,74,0.1,12.235294,224470.58,12.5,26.26235,24.0,10431529.0,0.0,40.0,11738,6
1698341531.349,74,5.0,15.0,38000.0,0.0,26.162527,24.0,1560160.0,0.0,40.0,140365,6
1698341531.45,74,0.1,8.833333,290133.3,0.0,26.46262,24.0,10398400.0,0.0,40.0,11738,6
1698341531.549,74,0.1,0.0,0.0,0.0,0.0,0.0,0.0,0.0,0.0,0,6
1698341531.65,74,5.0,14.351352,169840.0,3.125,26.3423,24.0,8462320.0,0.0,40.0,41916,6
1698341531.749,74,0.1,0.0,0.0,0.0,0.0,0.0,0.0,0.0,0.0,0,6
1698341531.849,74,0.1,0.0,245333.31,0.0,26.224195,24.0,9023999.0,0.0,0.0,42172,6
1698341531.9490001,74,5.0,12.971429,81680.0,16.666666,26.31052,24.0,3355440.0,0.0,40.0,0,6
1698341532.049,74,0.1,0.0,276000.0,0.0,26.022913,24.0,10679999.0,0.0,0.0,72259,6
1698341532.149,74,0.1,0.0,0.0,0.0,0.0,0.0,0.0,0.0,0.0,0,6
1698341532.249,74,5.0,12.633333,119840.0,4.347826,26.67794,24.0,6410800.0,0.0,40.0,72259,6
1698341532.349,74,5.0,13.87037,130720.0,11.111111,26.706514,24.0,5406960.0,0.0,40.0,0,6
1698341532.4490001,74,5.0,14.043478,72571.42,18.75,26.836817,24.0,4448244.5,0.0,40.0,101852,6
1698341532.549,74,5.0,13.638889,182166.67,13.513514,26.622477,24.0,7368250.0,0.0,40.0,0,6
1698341532.65,74,5.0,14.026316,71120.0,7.142857,26.865618,24.0,4359280.0,0.0,40.0,101852,6
1698341532.749,74,5.0,13.421875,180170.2,6.060606,26.760128,24.0,7297787.0,0.0,40.0,0,6
1698341532.849,74,5.0,13.0,29677.418,0.0,27.269442,24.0,2481462.25,0.0,40.0,120538,6
1698341532.9490001,74,5.0,13.289157,222960.0,2.3809524,26.882803,24.0,9510000.0,0.0,40.0,0,6
1698341533.049,74,5.0,13.0,24533.332,20.0,26.776915,24.0,2564177.75,0.0,40.0,120538,6
1698341533.149,74,5.0,14.014493,233707.86,0.0,26.695616,24.0,9412854.0,0.0,40.0,0,6
1698341533.249,74,5.0,0.0,0.0,0.0,28.510445,24.0,256240.0,0.0,40.0,140365,6
1698341533.349,74,5.0,13.75,238211.77,7.5,26.697227,24.0,10282447.0,0.0,40.0,11738,6
1698341533.4490001,74,5.0,0.0,6571.428,0.0,27.843222,24.0,305047.6,0.0,40.0,140365,6
1698341533.549,74,5.0,13.72449,213520.0,0.0,26.557583,24.0,10257600.0,0.0,40.0,11738,6
1698341533.649,74,5.0,0.0,0.0,0.0,0.0,0.0,0.0,0.0,0.0,0,6
1698341533.749,74,5.0,13.973684,209679.02,3.125,26.595896,24.0,10262815.0,0.0,40.0,42172,6
1698341533.849,74,5.0,12.538462,81680.0,0.0,26.416998,24.0,3355440.0,0.0,40.0,0,6
1698341533.9490001,74,5.0,14.086418,217743.58,3.125,26.460121,24.0,10246769.0,0.0,40.0,42172,6
1698341534.049,74,5.0,15.0,42389.605,0.0,26.489758,24.0,1332155.75,0.0,0.0,0,6
1698341534.149,74,5.0,13.534483,120800.0,0.0,26.462015,24.0,6410800.0,0.0,40.0,72259,6
1698341534.249,74,5.0,12.571428,89205.47,0.0,26.278725,24.0,3630246.25,0.0,40.0,0,6
1698341534.349,74,5.0,13.925926,167777.77,0.0,26.274666,24.0,8903888.0,0.0,40.0,72259,6
1698341534.4490001,74,5.0,13.891304,130720.0,0.0,26.26088,24.0,5406960.0,0.0,40.0,0,6
1698341534.549,74,5.0,14.023811,109485.71,0.0,26.500679,24.0,6227543.0,0.0,40.0,101852,6
1698341534.649,74,5.0,13.404762,150376.8,5.0,26.340988,24.0,6194782.0,0.0,40.0,0,6
1698341534.749,74,5.0,14.368421,76640.0,6.6666665,26.651413,24.0,4359280.0,0.0,40.0,101852,6
1698341534.849,74,5.0,12.9,147393.94,10.0,26.833193,24.0,6054909.0,0.0,40.0,0,6
1698341534.9490001,74,5.0,13.238095,42461.535,16.666666,27.027601,24.0,3550399.75,0.0,40.0,120538,6
1698341535.049,74,5.0,14.133333,223920.0,2.3809524,26.678223,24.0,9510000.0,0.0,40.0,0,6
1698341535.15,74,6.0,14.066667,45245.9,0.0,26.637592,24.0,3783212.75,0.0,40.0,120538,6
1698341535.249,74,6.0,14.166667,216393.42,0.0,26.552654,24.0,9038950.0,0.0,40.0,0,6
1698341535.349,74,6.0,0.0,0.0,0.0,27.512085,24.0,256240.0,0.0,40.0,140365,6
1698341535.4490001,74,6.0,13.551724,236827.58,0.0,26.486671,24.0,10243034.0,0.0,40.0,11738,6
1698341535.549,74,6.0,0.0,0.0,0.0,28.011919,24.0,449543.84,0.0,40.0,140365,6
1698341535.649,74,6.0,14.034483,216646.45,0.0,26.720406,24.0,10361211.0,0.0,40.0,11482,6
1698341535.749,74,6.0,0.0,0.0,0.0,0.0,0.0,0.0,0.0,0.0,0,6
1698341535.849,74,6.0,14.644068,234814.81,0.0,26.742798,24.0,10091111.0,0.0,40.0,42172,6
1698341535.9490001,74,6.0,13.962963,82480.0,0.0,26.825956,24.0,3355440.0,0.0,40.0,0,6
1698341536.049,74,6.0,14.867925,231520.0,0.0,26.77484,24.0,10257600.0,0.0,40.0,42172,6
1698341536.149,74,6.0,0.0,0.0,0.0,0.0,0.0,0.0,0.0,0.0,0,6
1698341536.249,74,6.0,13.750001,120960.0,0.0,26.835032,24.0,6410800.0,0.0,40.0,72259,6
1698341536.349,74,6.0,0.0,0.0,0.0,0.0,0.0,0.0,0.0,0.0,0,6
1698341536.4490001,74,6.0,14.160001,232711.11,0.0,26.628338,24.0,10304533.0,0.0,40.0,72259,6
1698341536.549,74,5.6666665,13.545455,131200.0,0.0,26.640951,24.0,5406960.0,0.0,40.0,0,6
1698341536.65,74,6.0,14.611111,202947.36,0.0,26.766903,24.0,10235368.0,0.0,40.0,101852,6
1698341536.749,74,6.0,15.0,76222.22,0.0,26.854198,24.0,2552666.5,0.0,0.0,0,6
1698341536.849,74,6.0,14.810811,77120.0,0.0,26.960829,24.0,4359280.0,0.0,40.0,101852,6
1698341536.9490001,74,6.0,0.0,64941.17,0.0,26.847227,24.0,2074588.1,0.0,0.0,0,6
1698341537.05,74,0.1,14.086957,83636.37,0.0,26.874125,24.0,6993212.0,0.0,40.0,120538,6
1698341537.149,74,6.0,14.275862,225680.0,0.0,26.823338,24.0,9510000.0,0.0,40.0,0,6
1698341537.251,74,0.1,14.631579,106838.7,0.0,26.817123,24.0,7651354.5,0.0,0.0,120538,6
1698341537.349,74,6.0,13.95,201333.33,0.0,26.738306,24.0,7409599.5,0.0,0.0,0,6
1698341537.4490001,74,6.0,14.533334,27600.0,0.0,26.737165,24.0,2307760.0,0.0,40.0,120538,6
1698341537.549,74,6.0,13.5,189846.16,0.0,26.782608,24.0,7479692.0,0.0,0.0,0,6
1698341537.65,74,0.1,0.0,0.0,0.0,28.171434,24.0,1452160.0,0.0,40.0,140365,6
1698341537.749,74,6.0,14.397849,214800.0,0.0,26.70388,24.0,10150800.0,0.0,40.0,11738,6
1698341537.849,74,0.1,0.0,0.0,0.0,28.138393,24.0,1220190.4,0.0,40.0,140365,6
1698341537.95,74,6.0,13.055555,247599.98,0.0,26.800621,24.0,10791599.0,0.0,40.0,11738,6
1698341538.049,74,6.0,15.0,38099.008,0.0,26.644566,24.0,1291009.9,0.0,0.0,0,6
1698341538.149,74,0.1,12.941176,257882.34,0.0,26.82395,24.0,10431529.0,0.0,0.0,42172,6
1698341538.249,74,0.1,0.0,0.0,0.0,0.0,0.0,0.0,0.0,0.0,0,6
1698341538.349,74,5.6666665,14.391304,170480.0,0.0,26.774078,24.0,8462320.0,0.0,40.0,42172,6
1698341538.4490001,74,0.1,0.0,0.0,0.0,0.0,0.0,0.0,0.0,0.0,0,6
1698341538.55,74,0.1,13.25,230000.0,0.0,26.530334,24.0,11218000.0,0.0,0.0,72259,6
1698341538.649,74,6.0,14.19231,130693.06,0.0,26.678476,24.0,5353425.5,0.0,40.0,0,6
1698341538.75,74,0.1,13.6,220799.98,0.0,26.267237,24.0,10257599.0,0.0,0.0,72259,6
1698341538.849,74,0.1,0.0,0.0,0.0,0.0,0.0,0.0,0.0,0.0,0,6
1698341538.9490001,74,6.0,13.864865,76960.0,0.0,26.586515,24.0,4359280.0,0.0,40.0,101852,6
1698341539.049,74,0.1,0.0,0.0,0.0,0.0,0.0,0.0,0.0,0.0,0,6
1698341539.149,74,0.1,15.0,220799.98,0.0,26.260773,24.0,10679999.0,0.0,40.0,101852,6
1698341539.249,74,6.0,14.096774,176160.0,0.0,26.359295,24.0,7458480.0,0.0,40.0,0,6
1698341539.349,74,6.0,14.65,27600.0,0.0,26.682102,24.0,2307760.0,0.0,40.0,120538,6
1698341539.4490001,74,6.0,14.402439,224653.05,0.0,26.535788,24.0,9486122.0,0.0,40.0,0,6
1698341539.549,74,6.0,14.263158,28453.607,0.0,26.624096,24.0,2379134.0,0.0,40.0,120538,6
1698341539.649,74,6.0,14.578313,225680.0,0.0,26.50882,24.0,9510000.0,0.0,40.0,0,6
1698341539.749,74,6.0,0.0,0.0,0.0,28.088652,24.0,284711.1,0.0,40.0,140365,6
1698341539.849,74,6.0,14.096774,235146.06,0.0,26.407898,24.0,10252854.0,0.0,40.0,11738,6
1698341539.95,74,6.0,15.0,38480.0,0.0,26.627617,24.0,1560160.0,0.0,40.0,140365,6
1698341540.049,74,6.0,14.0,230511.625,0.0,26.409832,24.0,10287069.0,0.0,40.0,11738,6
1698341540.149,74,6.0,0.0,0.0,0.0,0.0,0.0,0.0,0.0,0.0,0,6
1698341540.249,74,6.0,14.611111,170800.0,0.0,26.527529,24.0,8462320.0,0.0,40.0,42172,6
1698341540.349,74,6.0,13.444445,53658.535,0.0,26.472376,24.0,1850634.1,0.0,0.0,0,6
1698341540.45,74,6.0,14.808219,210864.2,0.0,26.443293,24.0,10262815.0,0.0,40.0,42172,6
1698341540.549,74,6.0,13.962963,82480.0,0.0,26.567142,24.0,3355440.0,0.0,40.0,0,6
1698341540.65,74,6.0,14.396552,157506.48,0.0,26.715801,24.0,8325713.5,0.0,40.0,72259,6
1698341540.749,74,6.0,13.923077,99948.04,0.0,26.702,24.0,3996467.25,0.0,40.0,0,6
1698341540.849,74,6.0,14.5,122505.04,0.0,26.547913,24.0,6475555.0,0.0,40.0,72259,6
1698341540.9490001,74,6.0,13.333333,96540.54,0.0,26.494335,24.0,3725513.5,0.0,40.0,0,6
1698341541.049,74,6.0,14.487806,105643.83,0.0,26.194311,24.0,5971616.0,0.0,40.0,101852,6
1698341541.149,74,6.0,14.268657,176160.0,0.0,26.3462,24.0,7458480.0,0.0,40.0,0,6
1698341541.25,74,6.0,14.533334,111768.11,0.0,27.006853,24.0,6317796.5,0.0,40.0,101852,6
1698341541.349,74,6.0,14.263158,151536.22,0.0,27.211948,24.0,6194782.0,0.0,40.0,0,6
1698341541.4490001,74,6.0,14.5625,27600.0,0.0,27.360617,24.0,2307760.0,0.0,40.0,120538,6
1698341541.549,74,6.0,13.687501,216242.42,0.0,27.147522,24.0,9163273.0,0.0,40.0,0,6
1698341541.65,74,6.0,14.125,43124.996,0.0,27.104479,24.0,3605874.75,0.0,40.0,120538,6
1698341541.749,74,6.0,14.102564,223128.7,0.0,26.878078,24.0,9415841.0,0.0,40.0,0,6
1698341541.849,74,6.0,0.0,0.0,0.0,28.022991,24.0,413290.3,0.0,40.0,140365,6
1698341541.9490001,74,6.0,14.125,230967.73,0.0,26.93306,24.0,10098967.0,0.0,40.0,11738,6
1698341542.049,74,6.0,15.0,38480.0,0.0,27.009933,24.0,1560160.0,0.0,40.0,140365,6
1698341542.149,74,6.0,14.375,231859.64,0.0,26.546162,24.0,10309473.0,0.0,40.0,11738,6
1698341542.249,74,6.0,0.0,0.0,0.0,0.0,0.0,0.0,0.0,0.0,0,6
1698341542.349,74,6.0,14.192309,170480.0,0.0,26.111357,24.0,8462320.0,0.0,40.0,42172,6
1698341542.4490001,74,6.0,0.0,0.0,0.0,0.0,0.0,0.0,0.0,0.0,0,6
1698341542.549,74,6.0,14.603773,233230.77,0.0,26.813154,24.0,10273846.0,0.0,40.0,42172,6
1698341542.649,74,6.0,13.551724,82480.0,0.0,26.675001,24.0,3355440.0,0.0,40.0,0,6
1698341542.749,74,6.0,14.348837,231520.0,0.0,26.055984,24.0,10044000.0,0.0,40.0,72259,6
1698341542.849,74,6.0,0.0,23000.0,0.0,0.0,0.0,134500.0,0.0,0.0,0,6
1698341542.9490001,74,6.0,14.3396225,121280.0,0.0,27.1346,24.0,6410800.0,0.0,40.0,72259,6
1698341543.049,74,6.0,0.0,0.0,0.0,0.0,0.0,0.0,0.0,0.0,0,6
1698341543.15,74,6.0,14.6,171377.77,0.0,26.749157,24.0,9592533.0,0.0,40.0,101852,6
1698341543.249,74,6.0,14.2,176160.0,0.0,26.763592,24.0,7458480.0,0.0,40.0,0,6
1698341543.3500001,74,6.0,14.6,179348.83,0.0,25.754274,24.0,10287069.0,0.0,40.0,101852,6
1698341543.4490001,74,6.0,15.0,93853.66,0.0,25.946375,24.0,3440780.5,0.0,0.0,0,6
1698341543.549,74,6.0,13.833333,27600.0,0.0,26.484348,24.0,2307760.0,0.0,40.0,120538,6
1698341543.649,74,0.1,13.6,208000.0,0.0,25.62698,24.0,8316973.0,0.0,40.0,0,6
1698341543.749,74,6.0,14.045455,76666.664,0.0,25.443113,24.0,6410444.0,0.0,40.0,120538,6
1698341543.849,74,6.0,14.430233,225680.0,0.0,25.390104,24.0,9510000.0,0.0,40.0,0,6
1698341543.9490001,74,6.0,0.0,0.0,0.0,26.859118,24.0,753647.0,0.0,40.0,140365,6
1698341544.049,74,0.1,14.363636,233696.97,0.0,25.52286,24.0,10296000.0,0.0,40.0,11738,6
1698341544.149,74,6.0,15.0,38480.0,0.0,25.55965,24.0,1560160.0,0.0,40.0,140365,6
1698341544.249,74,0.1,13.04,219199.98,0.0,25.918842,24.0,10257600.0,0.0,40.0,11738,6
1698341544.349,74,6.0,0.0,0.0,0.0,0.0,0.0,0.0,0.0,0.0,0,6
1698341544.4490001,74,6.0,14.573171,170800.0,0.0,26.434134,24.0,8462320.0,0.0,40.0,42172,6
1698341544.549,74,6.0,0.0,0.0,0.0,0.0,0.0,0.0,0.0,0.0,0,6
1698341544.649,74,0.1,14.125,252333.33,0.0,27.519697,24.0,10328000.0,0.0,0.0,42172,6
1698341544.749,74,6.0,13.75,82480.0,0.0,27.432991,24.0,3355440.0,0.0,40.0,0,6
1698341544.849,74,0.1,15.0,250181.8,0.0,27.209854,24.0,10295999.0,0.0,0.0,42172,6
1698341544.9490001,74,5.0,0.0,0.0,0.0,0.0,0.0,0.0,0.0,0.0,0,6
1698341545.05,74,6.0,13.981818,120960.0,0.0,27.150972,24.0,6410800.0,0.0,40.0,72259,6
1698341545.149,74,0.1,0.0,0.0,0.0,0.0,0.0,0.0,0.0,0.0,0,6
1698341545.249,74,0.1,13.25,230000.0,0.0,27.121908,24.0,10328000.0,0.0,0.0,72259,6
1698341545.349,74,6.0,14.142858,132000.0,0.0,27.282557,24.0,5406960.0,0.0,40.0,0,6
1698341545.4490001,74,0.1,0.0,276000.0,0.0,26.806894,24.0,10680000.0,0.0,40.0,101852,6
1698341545.549,74,0.1,0.0,0.0,0.0,0.0,0.0,0.0,0.0,0.0,0,6
1698341545.65,74,6.0,14.447369,77120.0,0.0,26.15571,24.0,4359280.0,0.0,40.0,101852,6
1698341545.749,74,0.1,0.0,0.0,0.0,0.0,0.0,0.0,0.0,0.0,0,6
1698341545.849,74,0.1,0.0,0.0,0.0,0.0,0.0,0.0,0.0,0.0,120538,6
1698341545.9490001,74,6.0,14.363636,225680.0,0.0,27.127716,24.0,9510000.0,0.0,40.0,0,6
1698341546.049,74,6.0,14.391304,27600.0,0.0,27.06787,24.0,2307760.0,0.0,40.0,120538,6
1698341546.149,74,6.0,14.5,224653.05,0.0,26.795357,24.0,9486122.0,0.0,40.0,0,6
1698341546.249,74,6.0,0.0,0.0,0.0,27.56781,24.0,264164.94,0.0,40.0,140365,6
1698341546.349,74,5.6666665,14.214286,214800.0,0.0,26.604624,24.0,10257600.0,0.0,40.0,11738,6
1698341546.45,74,6.0,0.0,12266.666,0.0,27.599516,24.0,593777.75,0.0,40.0,140365,6
1698341546.55,74,6.0,14.186047,231545.44,0.0,26.898563,24.0,10247999.0,0.0,40.0,11738,6
1698341546.649,74,6.0,15.0,38480.0,0.0,26.76834,24.0,1303920.0,0.0,0.0,0,6
1698341546.75,74,6.0,14.588235,210864.2,0.0,26.888412,24.0,10262815.0,0.0,40.0,42172,6
1698341546.849,74,6.0,15.0,41721.516,0.0,26.940645,24.0,1515341.75,0.0,0.0,0,6
1698341546.9490001,74,6.0,14.309859,170640.0,0.0,27.09071,24.0,8462320.0,0.0,40.0,42172,6
1698341547.049,74,6.0,0.0,29837.838,0.0,26.989342,24.0,953189.2,0.0,0.0,0,6
1698341547.149,74,6.0,14.5,168444.44,0.0,27.102192,24.0,8903888.0,0.0,40.0,72259,6
1698341547.249,74,6.0,14.086957,130693.06,0.0,27.161833,24.0,5353425.5,0.0,40.0,0,6
1698341547.349,74,6.0,14.5,186584.6,0.0,27.082678,24.0,9797168.0,0.0,40.0,72259,6
1698341547.4490001,74,6.0,13.764706,75938.45,0.0,27.162603,24.0,2827569.0,0.0,0.0,0,6
1698341547.549,74,6.0,14.522727,77120.0,0.0,27.128693,24.0,4359280.0,0.0,40.0,101852,6
1698341547.649,74,6.0,14.000001,141931.03,0.0,27.024557,24.0,5416965.5,0.0,40.0,0,6
1698341547.749,74,6.0,13.8,135017.53,0.0,27.199514,24.0,7647859.0,0.0,40.0,101852,6
1698341547.849,74,6.0,14.32258,176000.0,0.0,27.101406,24.0,7458480.0,0.0,40.0,0,6
1698341547.9490001,74,6.0,14.631579,52075.47,0.0,26.960928,24.0,4354264.0,0.0,40.0,120538,6
1698341548.049,74,6.0,14.146341,211692.3,0.0,25.855885,24.0,8836154.0,0.0,40.0,0,6
1698341548.15,74,6.0,14.125,32792.08,0.0,26.126146,24.0,2390653.5,0.0,40.0,120538,6
1698341548.249,74,6.0,14.125,209120.0,0.0,26.735716,24.0,8762400.0,0.0,40.0,0,6
1698341548.349,74,6.0,0.0,0.0,0.0,27.810236,24.0,522938.75,0.0,40.0,140365,6
1698341548.45,74,6.0,13.877358,217821.78,0.0,26.653069,24.0,10261782.0,0.0,40.0,11994,6
1698341548.549,74,6.0,0.0,0.0,0.0,28.620453,24.0,569422.2,0.0,40.0,140365,6
1698341548.649,74,6.0,14.086957,232355.55,0.0,26.328457,24.0,10304533.0,0.0,40.0,11738,6
1698341548.749,74,6.0,15.0,38480.0,0.0,26.25472,24.0,1303920.0,0.0,0.0,0,6
1698341548.849,74,6.0,14.631579,241951.22,0.0,26.738508,24.0,10267902.0,0.0,40.0,42172,6
1698341548.9490001,74,6.0,0.0,0.0,0.0,0.0,0.0,0.0,0.0,0.0,0,6
1698341549.049,74,6.0,14.641026,170800.0,0.0,26.820087,24.0,8462320.0,0.0,40.0,42172,6
1698341549.149,74,6.0,0.0,0.0,0.0,0.0,0.0,0.0,0.0,0.0,0,6
1698341549.249,74,0.1,14.588235,238270.27,0.0,26.732796,24.0,10337513.0,0.0,40.0,72259,6
1698341549.349,74,6.0,14.270833,132000.0,0.0,26.779648,24.0,5406960.0,0.0,40.0,0,6
1698341549.4490001,74,0.1,14.416667,234181.81,0.0,26.607935,24.0,10296000.0,0.0,40.0,72259,6
1698341549.549,74,6.0,0.0,0.0,0.0,0.0,0.0,0.0,0.0,0.0,0,6
1698341549.649,74,6.0,14.487806,77898.984,0.0,26.384304,24.0,4403313.0,0.0,40.0,101852,6
1698341549.749,74,6.0,0.0,38068.965,0.0,26.609085,24.0,590896.5,0.0,0.0,0,6
1698341549.849,74,0.1,14.533334,244740.73,0.0,26.144173,24.0,10367111.0,0.0,40.0,101852,6
1698341549.9490001,74,6.0,14.1,176160.0,0.0,26.21816,24.0,7458480.0,0.0,40.0,0,6
1698341550.049,74,0.1,14.263158,110400.0,0.0,26.005226,24.0,9060480.0,0.0,0.0,120538,6
1698341550.149,74,6.0,13.727273,189846.16,0.0,25.981138,24.0,7068923.0,0.0,0.0,0,6
1698341550.249,74,6.0,14.222222,27878.785,0.0,26.271412,24.0,2331070.5,0.0,40.0,120538,6
1698341550.349,74,6.0,15.0,183238.08,0.0,26.013966,24.0,6717714.0,0.0,0.0,0,6
1698341550.451,74,0.1,0.0,0.0,0.0,27.929775,24.0,1728761.75,0.0,40.0,140621,6
1698341550.549,74,6.0,14.533334,219183.66,0.0,26.15645,24.0,10357959.0,0.0,40.0,11738,6
1698341550.65,74,0.1,0.0,0.0,0.0,27.188763,24.0,1830285.6,0.0,40.0,140365,6
1698341550.749,74,0.1,12.307693,211076.92,0.0,26.289602,24.0,10355077.0,0.0,40.0,11738,6
1698341550.849,74,6.0,15.0,38480.0,0.0,26.15611,24.0,1303920.0,0.0,0.0,0,6
1698341550.9490001,74,0.1,13.6,243555.55,0.0,26.151321,24.0,10210666.0,0.0,0.0,42172,6
1698341551.049,74,0.1,0.0,0.0,0.0,0.0,0.0,0.0,0.0,0.0,0,6
1698341551.149,74,5.6666665,14.072289,170480.0,0.0,26.138384,24.0,8462320.0,0.0,40.0,42172,6
1698341551.249,74,0.1,0.0,0.0,0.0,0.0,0.0,0.0,0.0,0.0,0,6
1698341551.349,74,0.1,0.0,220799.98,0.0,25.660816,24.0,10679999.0,0.0,0.0,72259,6
1698341551.4490001,74,6.0,14.5,132000.0,0.0,26.081303,24.0,5406960.0,0.0,40.0,0,6
1698341551.549,74,6.0,14.363636,121280.0,0.0,26.035248,24.0,6410800.0,0.0,40.0,72259,6
1698341551.649,74,6.0,14.186047,130391.75,0.0,26.024431,24.0,5287422.5,0.0,40.0,0,6
1698341551.749,74,5.5,13.710526,80166.664,0.0,26.128565,24.0,4540916.5,0.0,40.0,101852,6
1698341551.849,74,6.0,14.2,174257.42,0.0,26.157352,24.0,7384633.5,0.0,40.0,0,6
1698341551.9490001,74,6.0,14.621622,85688.88,0.0,26.175161,24.0,4843644.5,0.0,40.0,101852,6
1698341552.049,74,6.0,14.25,173123.6,0.0,26.055641,24.0,7107775.0,0.0,40.0,0,6
1698341552.149,74,6.0,14.621622,77120.0,0.0,26.14012,24.0,4359280.0,0.0,40.0,101852,6
1698341552.249,74,6.0,14.270833,168282.34,0.0,26.102327,24.0,6989364.5,0.0,40.0,0,6
1698341552.349,74,6.0,14.086957,32857.14,0.0,26.164576,24.0,2747333.25,0.0,40.0,120538,6
1698341552.4490001,74,6.0,14.356322,225680.0,0.0,26.019672,24.0,9510000.0,0.0,40.0,0,6
1698341552.549,74,6.0,14.333333,35384.613,0.0,26.462137,24.0,2958666.5,0.0,40.0,120538,6
1698341552.649,74,6.0,14.257576,221610.375,0.0,26.162617,24.0,9325090.0,0.0,40.0,0,6
1698341552.749,74,6.0,0.0,0.0,0.0,27.608057,24.0,256240.0,0.0,40.0,140365,6
1698341552.849,74,6.0,14.485294,233972.58,0.0,26.095825,24.0,10274958.0,0.0,40.0,11738,6
1698341552.95,74,6.0,0.0,0.0,0.0,27.23324,24.0,504222.2,0.0,40.0,140365,6
1698341553.052,74,6.0,14.146341,148494.375,33.333332,19.054502,24.076086,6915236.0,30.232557,40.0,71987,6
1698341553.154,74,0.1,0.0,0.0,0.0,0.1,24.292683,0.0,100.0,0.0,73043,6
1698341553.249,74,0.1,0.0,0.0,0.0,0.1,24.333334,0.0,100.0,0.0,0,6
1698341553.349,74,0.1,0.0,0.0,0.0,0.0,0.0,0.0,0.0,0.0,0,6
1698341553.4490001,74,0.1,0.0,0.0,0.0,0.0,0.0,0.0,0.0,0.0,0,6
1698341553.549,74,0.1,0.0,0.0,0.0,0.0,0.0,0.0,0.0,0.0,0,6
1698341553.649,74,0.1,0.0,0.0,0.0,0.0,0.0,0.0,0.0,0.0,0,6
1698341553.749,74,0.1,0.0,0.0,0.0,0.0,0.0,0.0,0.0,0.0,0,6
1698341553.849,74,0.1,0.0,0.0,0.0,0.0,0.0,0.0,0.0,0.0,0,6
1698341553.9490001,74,0.1,0.0,0.0,0.0,0.0,0.0,0.0,0.0,0.0,0,6
1698341554.049,74,0.1,0.0,0.0,0.0,0.0,0.0,0.0,0.0,0.0,0,6
1698341554.149,74,0.1,0.0,0.0,0.0,0.0,0.0,0.0,0.0,0.0,0,6
1698341554.249,74,0.1,0.0,0.0,0.0,0.0,0.0,0.0,0.0,0.0,0,6
1698341554.349,74,0.1,0.0,0.0,0.0,0.0,0.0,0.0,0.0,0.0,0,6
1698341554.4490001,74,0.1,0.0,0.0,0.0,0.0,0.0,0.0,0.0,0.0,0,6
1698341554.549,74,0.1,0.0,0.0,0.0,0.0,0.0,0.0,0.0,0.0,0,6
1698341554.649,74,0.1,0.0,0.0,0.0,0.0,0.0,0.0,0.0,0.0,0,6
1698341554.749,74,0.1,0.0,0.0,0.0,0.0,0.0,0.0,0.0,0.0,0,6
1698341554.849,74,0.1,0.0,0.0,0.0,0.0,0.0,0.0,0.0,0.0,0,6
1698341554.9490001,74,0.1,0.0,0.0,0.0,0.0,0.0,0.0,0.0,0.0,0,6
1698341555.049,74,0.1,0.0,0.0,0.0,0.0,0.0,0.0,0.0,0.0,0,6
1698341555.149,74,0.1,0.0,0.0,0.0,0.0,0.0,0.0,0.0,0.0,0,6
1698341555.249,74,0.1,0.0,0.0,0.0,0.0,0.0,0.0,0.0,0.0,0,6
1698341555.349,76,0.1,0.0,0.0,0.0,0.1,0.1,0.0,100.0,0.0,0,9
1698341555.349,77,0.1,8.0,11130.434,0.0,31.781792,0.1,2434.7825,0.0,0.0,0,9
1698341555.349,78,0.1,0.0,0.0,0.0,0.1,0.1,0.0,100.0,0.0,0,9
1698341555.4490001,77,5.0,3.2,6560.0,0.0,30.734125,24.0,85280.0,0.0,40.0,0,9
1698341555.549,77,6.0,0.0,0.0,0.0,0.0,0.0,0.0,0.0,0.0,0,9
1698341555.649,77,6.0,0.0,0.0,0.0,0.0,0.0,0.0,0.0,0.0,0,9
1698341555.749,77,6.0,0.0,0.0,0.0,0.0,0.0,0.0,0.0,0.0,0,9
1698341555.849,77,6.0,0.0,0.0,0.0,0.0,0.0,0.0,0.0,0.0,0,9
1698341555.9490001,77,6.0,0.0,0.0,0.0,0.0,0.0,0.0,0.0,0.0,0,9
1698341556.049,77,6.0,0.0,0.0,0.0,0.0,0.0,0.0,0.0,0.0,0,9
1698341556.149,77,6.0,0.0,0.0,0.0,0.0,0.0,0.0,0.0,0.0,0,9
1698341556.249,77,6.0,0.0,0.0,0.0,0.0,0.0,0.0,0.0,0.0,0,9
1698341556.349,77,6.0,0.0,0.0,0.0,0.0,0.0,0.0,0.0,0.0,0,9
1698341556.4490001,77,6.0,0.0,0.0,0.0,0.0,0.0,0.0,0.0,0.0,0,9
1698341556.549,77,6.0,0.0,0.0,0.0,0.0,0.0,0.0,0.0,0.0,0,9
1698341556.649,77,6.0,0.0,0.0,0.0,0.0,0.0,0.0,0.0,0.0,0,9
1698341556.749,77,6.0,0.0,0.0,0.0,0.0,0.0,0.0,0.0,0.0,0,9
1698341556.849,77,0.1,0.0,0.0,0.0,0.0,0.0,0.0,0.0,0.0,0,9
1698341556.9490001,77,6.0,0.0,0.0,0.0,0.0,0.0,0.0,0.0,0.0,0,9
1698341557.049,77,0.1,0.0,0.0,0.0,0.0,0.0,0.0,0.0,0.0,0,9
1698341557.149,77,6.0,0.0,0.0,0.0,0.0,0.0,0.0,0.0,0.0,0,9
1698341557.249,77,6.0,0.0,0.0,0.0,0.0,0.0,0.0,0.0,0.0,0,9
1698341557.349,77,6.0,0.0,0.0,0.0,0.0,0.0,0.0,0.0,0.0,0,9
1698341557.4490001,77,0.1,0.0,0.0,0.0,0.0,0.0,0.0,0.0,0.0,0,9
1698341557.549,77,6.0,0.0,0.0,0.0,0.0,0.0,0.0,0.0,0.0,0,9
1698341557.649,77,0.1,9.0,0.0,0.0,26.242157,24.0,3368000.0,0.0,0.0,0,9
1698341557.75,77,6.0,9.0,521333.34,0.0,26.133923,24.0,9976000.0,0.0,0.0,15805,9
1698341557.8500001,77,6.0,8.062937,399280.0,0.0,26.072947,24.0,10257600.0,0.0,40.0,19668,9
1698341557.9490001,77,6.0,0.0,0.0,0.0,25.448858,24.0,10679999.0,0.0,0.0,19412,9
1698341558.05,77,0.1,8.0,503999.97,0.0,0.0,0.0,10679999.0,0.0,0.0,29485,9
1698341558.15,77,6.0,7.862069,224480.0,0.0,26.123571,24.0,10257600.0,0.0,40.0,29485,9
1698341558.25,77,6.0,7.563108,228560.0,0.0,26.06746,24.0,10257600.0,0.0,40.0,42940,9
1698341558.3500001,77,6.0,7.611765,232085.1,0.0,25.979946,24.0,10230638.0,0.0,40.0,51436,9
1698341558.45,77,6.0,7.6739125,226042.55,0.0,26.130505,24.0,10230638.0,0.0,40.0,51436,9
1698341558.55,77,6.0,7.558823,228560.0,0.0,25.902594,24.0,10257600.0,0.0,40.0,61382,9
1698341558.65,77,6.0,7.714286,224888.875,0.0,26.147375,24.0,10257600.0,0.0,40.0,61382,9
1698341558.75,77,6.0,7.4999995,226696.625,0.0,26.261942,24.0,10252854.0,0.0,40.0,61382,9
1698341558.851,77,6.0,7.604395,226297.02,0.0,26.389786,24.0,10261782.0,0.0,40.0,73027,9
1698341558.95,77,6.0,7.5822783,226829.27,0.0,26.410402,24.0,10267902.0,0.0,40.0,73027,9
1698341559.05,77,6.0,7.590909,225799.98,0.0,26.340796,24.0,10257599.0,0.0,40.0,72771,9
1698341559.15,77,6.0,7.8421054,227247.52,0.0,26.369144,24.0,10156039.0,0.0,40.0,86660,9
1698341559.251,77,6.0,7.7352943,223243.23,0.0,26.548065,24.0,10223351.0,0.0,40.0,86660,9
1698341559.3500001,77,6.0,7.499999,225424.64,0.0,26.34945,24.0,10274958.0,0.0,40.0,86660,9
1698341559.45,77,6.0,7.7525773,223840.0,0.0,26.591845,24.0,10257600.0,0.0,40.0,86660,9
1698341559.55,77,6.0,7.5588236,227428.58,0.0,26.502844,24.0,10257600.0,0.0,40.0,86660,9
1698341559.65,77,6.0,7.5147057,229611.94,0.0,26.71886,24.0,10398089.0,0.0,40.0,86404,9
1698341559.75,77,6.0,7.602041,226297.02,0.0,26.58637,24.0,10156039.0,0.0,40.0,102620,9
1698341559.8500001,77,6.0,7.4923077,224969.7,0.0,26.778507,24.0,10232000.0,0.0,40.0,102620,9
1698341559.951,77,6.0,7.5384617,225454.55,0.0,26.550692,24.0,10232000.0,0.0,40.0,102620,9
1698341560.05,77,6.0,7.6842103,225777.77,0.0,26.722012,24.0,10253333.0,0.0,40.0,102620,9
1698341560.15,77,6.0,7.3114753,218666.66,0.0,26.64991,24.0,10108190.0,0.0,40.0,102620,9
1698341560.25,77,6.0,7.8448277,223741.92,0.0,26.769192,24.0,10098967.0,0.0,40.0,102620,9
1698341560.3500001,77,6.0,7.8105264,229200.0,0.0,26.746012,24.0,10257600.0,0.0,40.0,121306,9
1698341560.45,77,6.0,7.7058825,220689.64,0.0,26.56522,24.0,10243034.0,0.0,40.0,121306,9
1698341560.551,77,6.0,7.769231,220137.92,0.0,26.593664,24.0,10243034.0,0.0,40.0,121306,9
1698341560.65,77,6.0,7.59375,230868.67,0.0,26.667177,24.0,10253333.0,0.0,40.0,121306,9
1698341560.75,77,6.0,7.75,223840.0,0.0,26.532158,24.0,10257600.0,0.0,40.0,121306,9
1698341560.8500001,77,6.0,7.632653,228408.16,0.0,26.360973,24.0,10248979.0,0.0,40.0,121306,9
1698341560.95,77,6.0,7.6100006,223200.0,0.0,26.496386,24.0,10257600.0,0.0,40.0,121306,9
1698341561.05,77,6.0,7.642857,227428.55,0.0,26.293617,24.0,10277714.0,0.0,40.0,121306,9
1698341561.15,77,6.0,7.6153846,232000.0,0.0,26.222645,24.0,10520615.0,0.0,40.0,121306,9
1698341561.25,77,6.0,7.6489363,226613.86,0.0,26.157461,24.0,10156039.0,0.0,40.0,121306,9
1698341561.3500001,77,6.0,7.6,234588.22,0.0,26.19445,24.0,10183058.0,0.0,40.0,121050,9
1698341561.451,77,6.0,7.742857,226424.25,0.0,26.251781,24.0,10296000.0,0.0,40.0,121306,9
1698341561.551,77,6.0,7.7835045,229520.0,0.0,26.185469,24.0,10257600.0,0.0,40.0,121306,9
1698341561.651,77,6.0,8.0,228571.42,0.0,26.288277,24.0,9846000.0,0.0,40.0,121562,9
1698341561.75,77,6.0,8.0,213120.0,0.0,26.3644,24.0,10173120.0,0.0,40.0,121306,9
1698341561.8500001,77,6.0,7.6,233920.0,0.0,26.19852,24.0,10257600.0,0.0,40.0,121306,9
1698341561.951,77,6.0,8.0,225684.2,0.0,26.319014,24.0,10235368.0,0.0,40.0,121050,9
1698341562.05,77,0.1,7.470588,216941.17,0.0,26.254688,24.0,10183058.0,0.0,40.0,121050,9
1698341562.15,77,6.0,7.755102,223840.0,0.0,26.1841,24.0,10257600.0,0.0,40.0,142925,9
1698341562.251,77,0.1,8.0,250133.33,0.0,26.487194,24.0,10116800.0,0.0,40.0,142925,9
1698341562.3500001,77,6.0,12.692307,246153.84,0.0,26.347713,24.0,10355077.0,0.0,40.0,121050,9
1698341562.45,77,6.0,13.23913,234640.0,0.0,26.278023,24.0,10257600.0,0.0,40.0,42428,9
1698341562.551,77,6.0,12.0,214399.98,0.0,26.189264,24.0,10257599.0,0.0,0.0,121562,9
1698341562.649,77,0.1,0.0,0.0,0.0,0.0,0.0,0.0,0.0,0.0,0,9
1698341562.75,77,6.0,12.347826,37520.0,0.0,26.37704,24.0,2692720.0,0.0,40.0,121562,9
1698341562.849,77,0.1,0.0,0.0,0.0,0.0,0.0,0.0,0.0,0.0,0,9
1698341562.9490001,77,6.0,0.0,0.0,0.0,26.310234,24.0,9835199.0,0.0,0.0,141389,9
1698341563.05,77,6.0,12.945652,222960.0,0.0,26.212809,24.0,10257600.0,0.0,40.0,12506,9
1698341563.15,77,6.0,0.0,0.0,0.0,26.392908,24.0,10679999.0,0.0,0.0,141389,9
1698341563.25,77,6.0,12.888889,222960.0,0.0,26.153263,24.0,10257600.0,0.0,40.0,12762,9
1698341563.349,77,6.0,11.0,27120.0,0.0,26.49692,24.0,918960.0,0.0,0.0,0,9
1698341563.45,77,6.0,13.379746,176161.61,0.0,26.36963,24.0,8936646.0,0.0,40.0,43196,9
1698341563.549,77,6.0,10.476191,70693.875,0.0,26.38888,24.0,2813142.75,0.0,40.0,0,9
1698341563.651,77,6.0,12.857142,182612.23,0.0,26.60167,24.0,9136816.0,0.0,40.0,43196,9
1698341563.749,77,6.0,11.884615,70868.68,0.0,26.505003,24.0,2892605.75,0.0,40.0,0,9
1698341563.849,77,6.0,12.754386,138553.19,0.0,26.889479,24.0,7229531.5,0.0,40.0,73283,9
1698341563.9490001,77,6.0,12.589744,115744.67,0.0,26.821392,24.0,4660851.0,0.0,40.0,0,9
1698341564.05,77,6.0,13.508197,130240.0,0.0,26.902002,24.0,6795760.0,0.0,40.0,73283,9
1698341564.149,77,6.0,12.447369,108622.22,0.0,26.761219,24.0,4440266.5,0.0,40.0,0,9
1698341564.25,77,6.0,13.15,91775.28,0.0,26.78962,24.0,5330606.5,0.0,40.0,102876,9
1698341564.349,77,6.0,12.0,167440.0,0.0,26.776428,24.0,7073520.0,0.0,40.0,0,9
1698341564.4490001,77,6.0,12.568182,93860.46,0.0,26.809782,24.0,5516558.0,0.0,40.0,102620,9
1698341564.549,77,6.0,13.215686,153411.77,0.0,26.891745,24.0,6486776.5,0.0,40.0,0,9
1698341564.65,77,6.0,12.782609,37520.0,0.0,26.990847,24.0,2692720.0,0.0,40.0,121562,9
1698341564.749,77,6.0,13.060606,212097.56,0.0,26.68942,24.0,8886731.0,0.0,40.0,0,9
1698341564.8500001,77,6.0,12.347826,46320.99,0.0,26.903347,24.0,3324345.75,0.0,40.0,121562,9
1698341564.9490001,77,6.0,13.146341,212560.0,0.0,26.76138,24.0,9125040.0,0.0,40.0,0,9
1698341565.05,77,6.0,0.0,0.0,0.0,27.548992,24.0,822051.25,0.0,40.0,141389,9
1698341565.15,77,6.0,13.164384,232415.56,0.0,26.901207,24.0,10241142.0,0.0,40.0,12762,9
1698341565.25,77,6.0,10.714286,27120.0,0.0,27.48473,24.0,1560160.0,0.0,40.0,141389,9
1698341565.3500001,77,6.0,13.083333,233371.42,0.0,26.859446,24.0,10257600.0,0.0,40.0,12762,9
1698341565.4490001,77,6.0,0.0,0.0,0.0,0.0,0.0,0.0,0.0,0.0,0,9
1698341565.55,77,6.0,13.50633,174400.0,0.0,26.907028,24.0,8847280.0,0.0,40.0,43196,9
1698341565.649,77,6.0,0.0,0.0,0.0,0.0,0.0,0.0,0.0,0.0,0,9
1698341565.75,77,6.0,13.857142,228133.33,0.0,26.921326,24.0,10257600.0,0.0,40.0,43196,9
1698341565.849,77,6.0,10.96,75680.0,0.0,26.906961,24.0,2970480.0,0.0,40.0,0,9
1698341565.95,77,6.0,12.821428,224551.72,0.0,26.97925,24.0,10243034.0,0.0,40.0,73283,9
1698341566.049,77,6.0,0.0,37894.734,0.0,27.012115,24.0,1050105.25,0.0,0.0,0,9
1698341566.15,77,6.0,12.870968,130240.0,0.0,26.840975,24.0,6795760.0,0.0,40.0,73283,9
1698341566.249,77,6.0,0.0,0.0,0.0,0.0,0.0,0.0,0.0,0.0,0,9
1698341566.3500001,77,6.0,13.225,170166.67,0.0,26.742998,24.0,9795000.0,0.0,40.0,102876,9
1698341566.4490001,77,6.0,12.901639,166732.67,0.0,26.680302,24.0,7003485.0,0.0,40.0,0,9
1698341566.55,77,6.0,14.0,181511.11,0.0,26.207342,24.0,10448000.0,0.0,40.0,102876,9
1698341566.649,77,6.0,13.0,83733.33,0.0,26.38987,24.0,3134933.25,0.0,0.0,0,9
1698341566.75,77,6.0,12.090909,37520.0,0.0,26.357038,24.0,2692720.0,0.0,40.0,121562,9
1698341566.849,77,6.0,11.6,191238.08,0.0,26.002377,24.0,7581142.5,0.0,40.0,0,9
1698341566.95,77,6.0,11.8,91512.195,0.0,26.388628,24.0,6567609.5,0.0,40.0,121562,9
1698341567.049,77,6.0,12.717949,211600.0,0.0,26.421043,24.0,9125040.0,0.0,40.0,0,9
1698341567.15,77,6.0,12.521739,110352.94,0.0,26.981998,24.0,7794352.5,0.0,0.0,121562,9
1698341567.249,77,6.0,12.315789,179151.52,0.0,26.888062,24.0,6864000.0,0.0,0.0,0,9
1698341567.351,77,6.0,15.0,0.0,0.0,27.073605,24.0,740594.06,0.0,40.0,141389,9
1698341567.45,77,6.0,13.192307,235466.66,0.0,26.063347,24.0,10257600.0,0.0,40.0,12762,9
1698341567.549,77,6.0,0.0,0.0,0.0,27.105516,24.0,2374814.75,0.0,40.0,141133,9
1698341567.65,77,6.0,13.065934,222960.0,0.0,26.160437,24.0,10257600.0,0.0,40.0,12762,9
1698341567.749,77,6.0,0.0,0.0,0.0,0.0,0.0,0.0,0.0,0.0,0,9
1698341567.849,77,6.0,15.0,240320.0,0.0,26.769018,24.0,10600320.0,0.0,0.0,43196,9
1698341567.9490001,77,6.0,12.32,74930.69,0.0,26.70083,24.0,2941069.25,0.0,40.0,0,9
1698341568.05,77,6.0,15.0,223636.34,0.0,25.943893,24.0,10295999.0,0.0,0.0,43196,9
1698341568.149,77,6.0,0.0,0.0,0.0,0.0,0.0,0.0,0.0,0.0,0,9
1698341568.25,77,6.0,13.169492,130240.0,0.0,26.610826,24.0,6795760.0,0.0,40.0,73283,9
1698341568.349,77,6.0,0.0,0.0,0.0,0.0,0.0,0.0,0.0,0.0,0,9
1698341568.45,77,0.1,12.571428,239111.1,0.0,26.857157,24.0,10210666.0,0.0,0.0,73283,9
1698341568.549,77,6.0,12.704545,119840.0,0.0,26.71985,24.0,5022000.0,0.0,40.0,0,9
1698341568.65,77,0.1,15.0,236571.42,0.0,26.509056,24.0,10076571.0,0.0,40.0,102620,9
1698341568.749,77,6.0,0.0,0.0,0.0,0.0,0.0,0.0,0.0,0.0,0,9
1698341568.8500001,77,6.0,13.225,81680.0,0.0,26.24108,24.0,4744240.0,0.0,40.0,102876,9
1698341568.9490001,77,6.0,0.0,0.0,0.0,0.0,0.0,0.0,0.0,0.0,0,9
1698341569.05,77,0.1,12.272727,214399.98,0.0,26.411324,24.0,10257599.0,0.0,0.0,121562,9
1698341569.149,77,6.0,13.259259,214707.06,0.0,26.320229,24.0,9109333.0,0.0,40.0,0,9
1698341569.249,77,0.1,15.0,227428.56,0.0,26.753788,24.0,8550857.0,0.0,0.0,121306,9
1698341569.349,77,6.0,0.0,0.0,0.0,0.0,0.0,0.0,0.0,0.0,0,9
1698341569.45,77,6.0,15.0,0.0,0.0,27.09032,24.0,641200.0,0.0,40.0,141389,9
1698341569.549,77,6.0,15.0,251999.98,0.0,26.020504,24.0,10679999.0,0.0,0.0,12506,9
1698341569.649,77,0.1,0.0,0.0,0.0,0.0,0.0,0.0,0.0,0.0,141133,9
1698341569.75,77,6.0,12.541667,219801.97,0.0,26.157751,24.0,10156039.0,0.0,40.0,12762,9
1698341569.849,77,6.0,9.0,27120.0,0.0,27.095488,24.0,918960.0,0.0,0.0,0,9
1698341569.95,77,6.0,13.417722,185531.9,0.0,25.50723,24.0,9366638.0,0.0,40.0,43196,9
1698341570.049,77,6.0,11.631579,62893.613,0.0,26.27463,24.0,2478382.75,0.0,0.0,0,9
1698341570.15,77,6.0,13.675324,174400.0,0.0,26.819979,24.0,8847280.0,0.0,40.0,43196,9
1698341570.249,77,6.0,11.0,53955.555,0.0,26.45938,24.0,2160800.0,0.0,0.0,0,9
1698341570.3500001,77,6.0,12.651515,146337.08,0.0,26.388035,24.0,7635685.5,0.0,40.0,73283,9
1698341570.4490001,77,6.0,12.152174,118880.0,0.0,26.461937,24.0,5022000.0,0.0,40.0,0,9
1698341570.55,77,6.0,12.5161295,150883.72,0.0,26.34347,24.0,7902046.0,0.0,40.0,73283,9
1698341570.649,77,6.0,12.689655,102023.53,0.0,25.966125,24.0,4073223.5,0.0,40.0,0,9
1698341570.75,77,6.0,13.577778,86336.63,0.0,26.287361,24.0,4803009.5,0.0,40.0,102876,9
1698341570.849,77,6.0,13.2,152292.67,0.0,26.569635,24.0,6384878.0,0.0,40.0,0,9
1698341570.9490001,77,6.0,13.763158,100839.51,0.0,26.194845,24.0,5857086.5,0.0,40.0,102620,9
1698341571.049,77,6.0,12.672132,168400.0,0.0,26.111847,24.0,7073520.0,0.0,40.0,0,9
1698341571.15,77,6.0,13.111113,48102.5625,0.0,26.777271,24.0,3452205.0,0.0,40.0,121562,9
1698341571.249,77,6.0,13.546874,210256.4,0.0,26.606512,24.0,8794769.0,0.0,40.0,0,9
1698341571.3500001,77,6.0,14.0,38320.0,0.0,26.618847,24.0,2692720.0,0.0,40.0,121562,9
1698341571.4490001,77,6.0,13.894737,207783.78,0.0,26.250278,24.0,8692865.0,0.0,40.0,0,9
1698341571.55,77,6.0,0.0,0.0,0.0,26.533861,24.0,878356.06,0.0,40.0,141133,9
1698341571.651,77,6.0,14.039216,225360.0,0.0,25.736946,24.0,10257600.0,0.0,40.0,12762,9
1698341571.75,77,6.0,0.0,0.0,0.0,26.611351,24.0,916000.0,0.0,40.0,141389,9
1698341571.8500001,77,6.0,13.884058,234470.58,0.0,25.81939,24.0,10088117.0,0.0,40.0,12762,9
1698341571.9490001,77,6.0,13.25,27440.0,0.0,25.7965,24.0,918960.0,0.0,0.0,0,9
1698341572.05,77,6.0,14.666667,233454.55,0.0,25.957434,24.0,10232000.0,0.0,40.0,43196,9
1698341572.149,77,6.0,0.0,0.0,0.0,0.0,0.0,0.0,0.0,0.0,0,9
1698341572.25,77,6.0,14.0666685,176000.0,0.0,26.213173,24.0,8847280.0,0.0,40.0,43196,9
1698341572.349,77,6.0,0.0,0.0,0.0,0.0,0.0,0.0,0.0,0.0,0,9
1698341572.45,77,6.0,14.017545,227310.34,0.0,26.20378,24.0,10243034.0,0.0,40.0,73283,9
1698341572.549,77,6.0,13.934783,120960.0,0.0,26.283464,24.0,5022000.0,0.0,40.0,0,9
1698341572.65,77,6.0,14.125,233925.92,0.0,26.455101,24.0,10210666.0,0.0,40.0,73027,9
1698341572.749,77,6.0,0.0,20528.3,0.0,26.716614,24.0,403018.84,0.0,0.0,0,9
1698341572.8500001,77,6.0,13.564102,82320.0,0.0,26.293953,24.0,4744240.0,0.0,40.0,102876,9
1698341572.9490001,77,6.0,12.636364,97600.0,0.0,26.158447,24.0,3889440.0,0.0,0.0,0,9
1698341573.05,77,6.0,14.222222,168326.52,0.0,26.22416,24.0,9595102.0,0.0,40.0,102876,9
1698341573.149,77,6.0,12.967743,170000.0,0.0,26.298973,24.0,7073520.0,0.0,40.0,0,9
1698341573.249,77,6.0,13.833333,83304.34,0.0,26.365377,24.0,5853738.5,0.0,40.0,121562,9
1698341573.349,77,6.0,13.0,195200.0,0.0,26.366816,24.0,7693866.5,0.0,40.0,0,9
1698341573.45,77,6.0,13.782609,38320.0,0.0,26.528479,24.0,2692720.0,0.0,40.0,121562,9
1698341573.549,77,6.0,13.115385,195999.98,0.0,26.313183,24.0,7581142.5,0.0,40.0,0,9
1698341573.65,77,6.0,0.0,0.0,0.0,27.43224,24.0,1563902.4,0.0,40.0,141389,9
1698341573.749,77,6.0,13.747369,225040.0,0.0,26.32481,24.0,10257600.0,0.0,40.0,12762,9
1698341573.851,77,6.0,15.0,0.0,0.0,27.321589,24.0,1917948.6,0.0,40.0,141389,9
1698341573.95,77,6.0,13.95,231578.94,0.0,26.31896,24.0,9954315.0,0.0,40.0,12762,9
1698341574.049,77,6.0,12.2,27440.0,0.0,26.71511,24.0,918960.0,0.0,0.0,0,9
1698341574.15,77,6.0,14.5,242588.22,0.0,26.238981,24.0,10307294.0,0.0,0.0,43452,9
1698341574.249,77,6.0,0.0,0.0,0.0,0.0,0.0,0.0,0.0,0.0,0,9
1698341574.3500001,77,6.0,14.083333,177777.77,0.0,26.307543,24.0,8936646.0,0.0,40.0,43196,9
1698341574.4490001,77,6.0,0.0,0.0,0.0,0.0,0.0,0.0,0.0,0.0,0,9
1698341574.55,77,6.0,14.416667,231692.3,0.0,26.13233,24.0,9781846.0,0.0,40.0,73283,9
1698341574.649,77,6.0,13.833333,120960.0,0.0,26.117872,24.0,5022000.0,0.0,40.0,0,9
1698341574.75,77,6.0,14.125,235047.6,0.0,26.043018,24.0,10277714.0,0.0,0.0,73283,9
1698341574.849,77,0.1,0.0,0.0,0.0,0.0,0.0,0.0,0.0,0.0,0,9
1698341574.9490001,77,6.0,14.641026,83313.125,0.0,26.413881,24.0,4792161.5,0.0,40.0,102620,9
1698341575.049,77,0.1,0.0,0.0,0.0,0.0,0.0,0.0,0.0,0.0,0,9
1698341575.15,77,6.0,15.0,230000.0,0.0,26.19907,24.0,11218000.0,0.0,40.0,102876,9
1698341575.249,77,6.0,13.758064,168633.66,0.0,26.401329,24.0,7003485.0,0.0,40.0,0,9
1698341575.349,77,6.0,15.0,183999.98,0.0,26.42364,24.0,10210666.0,0.0,40.0,102876,9
1698341575.4490001,77,0.1,0.0,0.0,0.0,0.0,0.0,0.0,0.0,0.0,0,9
1698341575.55,77,6.0,13.173913,38320.0,0.0,26.525976,24.0,2692720.0,0.0,40.0,121562,9
1698341575.649,77,0.1,0.0,0.0,0.0,0.0,0.0,0.0,0.0,0.0,0,9
1698341575.749,77,6.0,15.0,217599.98,0.0,26.0453,24.0,9835199.0,0.0,0.0,121562,9
1698341575.849,77,6.0,13.682354,214160.0,0.0,26.485752,24.0,9125040.0,0.0,40.0,0,9
1698341575.9490001,77,6.0,15.0,0.0,0.0,26.45724,24.0,10679999.0,0.0,0.0,141389,9
1698341576.05,77,0.1,0.0,536000.0,0.0,26.930893,24.0,10679999.0,0.0,0.0,12762,9
1698341576.15,77,6.0,12.666667,27440.0,0.0,27.130348,24.0,1560160.0,0.0,40.0,141389,9
1698341576.25,77,6.0,14.172043,225360.0,0.0,26.49423,24.0,10257600.0,0.0,40.0,12762,9
1698341576.349,77,6.0,0.0,17446.809,0.0,26.960407,24.0,295914.875,0.0,0.0,0,9
1698341576.45,77,6.0,13.802631,188903.22,0.0,26.474354,24.0,9467355.0,0.0,40.0,43196,9
1698341576.549,77,6.0,12.846154,76800.0,0.0,26.477112,24.0,2970480.0,0.0,40.0,0,9
1698341576.649,77,6.0,13.903614,197393.25,0.0,26.458755,24.0,9892854.0,0.0,40.0,43196,9
1698341576.749,77,6.0,12.941176,55460.67,0.0,26.541365,24.0,2065078.6,0.0,0.0,0,9
1698341576.8500001,77,6.0,13.737705,131840.0,0.0,26.434046,24.0,6795760.0,0.0,40.0,73283,9
1698341576.9490001,77,6.0,13.444445,102139.53,0.0,26.37776,24.0,4150046.25,0.0,40.0,0,9
1698341577.05,77,6.0,14.034483,155105.875,0.0,26.547112,24.0,7995011.5,0.0,40.0,73283,9
1698341577.149,77,6.0,13.880001,120960.0,0.0,26.487621,24.0,5022000.0,0.0,40.0,0,9
1698341577.25,77,6.0,13.5,100195.12,0.0,26.614866,24.0,5785658.5,0.0,40.0,102876,9
1698341577.349,77,6.0,13.934783,155950.61,0.0,26.550026,24.0,6331852.0,0.0,40.0,0,9
1698341577.4490001,77,6.0,14.317073,82480.0,0.0,26.810837,24.0,4744240.0,0.0,40.0,102876,9
1698341577.549,77,6.0,13.886364,148000.0,0.0,26.503553,24.0,6164615.5,0.0,40.0,0,9
1698341577.65,77,6.0,13.526316,49766.23,0.0,26.641132,24.0,3497038.75,0.0,40.0,121562,9
1698341577.749,77,6.0,14.023255,214480.0,0.0,26.436272,24.0,9125040.0,0.0,40.0,0,9
1698341577.8500001,77,6.0,13.6,51783.78,0.0,26.765005,24.0,3638810.75,0.0,40.0,121562,9
1698341577.9490001,77,6.0,13.852459,210630.125,0.0,26.549988,24.0,8723506.0,0.0,40.0,0,9
1698341578.05,77,6.0,0.0,0.0,0.0,27.367195,24.0,641200.0,0.0,40.0,141133,9
1698341578.15,77,6.0,14.188406,235657.14,0.0,26.407373,24.0,10257600.0,0.0,40.0,12762,9
1698341578.25,77,6.0,15.0,0.0,0.0,27.27513,24.0,942941.1,0.0,40.0,141389,9
1698341578.349,77,6.0,13.88,223128.7,0.0,26.466555,24.0,10156039.0,0.0,40.0,12762,9
1698341578.4490001,77,6.0,0.0,0.0,0.0,0.0,0.0,0.0,0.0,0.0,0,9
1698341578.549,77,6.0,14.525424,232124.98,0.0,26.623253,24.0,10218000.0,0.0,40.0,43196,9
1698341578.649,77,6.0,13.173913,76800.0,0.0,26.522884,24.0,2970480.0,0.0,40.0,0,9
1698341578.75,77,6.0,14.525424,230709.67,0.0,26.692171,24.0,10271225.0,0.0,40.0,43196,9
1698341578.849,77,6.0,0.0,0.0,0.0,0.0,0.0,0.0,0.0,0.0,0,9
1698341578.95,77,6.0,13.793103,131840.0,0.0,26.584082,24.0,6795760.0,0.0,40.0,73283,9
1698341579.049,77,6.0,14.0,53016.945,0.0,29.258062,24.0,1285423.6,0.0,40.0,0,9
1698341579.149,77,6.0,0.0,17543.86,0.0,34.82444,24.0,93052.625,0.0,40.0,0,9
1698341579.249,77,6.0,0.0,38560.0,0.0,33.282425,24.0,164800.0,0.0,40.0,0,9
1698341579.349,77,6.0,0.0,0.0,0.0,0.0,0.0,0.0,0.0,0.0,0,9
1698341579.4490001,77,6.0,0.0,0.0,0.0,0.0,0.0,0.0,0.0,0.0,0,9
1698341579.549,77,6.0,0.0,0.0,0.0,0.0,0.0,0.0,0.0,0.0,0,9
1698341579.649,77,6.0,0.0,0.0,0.0,0.0,0.0,0.0,0.0,0.0,0,9
1698341579.749,77,6.0,0.0,0.0,0.0,0.0,0.0,0.0,0.0,0.0,0,9
1698341579.849,77,6.0,0.0,0.0,0.0,0.0,0.0,0.0,0.0,0.0,0,9
1698341579.9490001,77,6.0,0.0,0.0,0.0,0.0,0.0,0.0,0.0,0.0,0,9
1698341580.049,77,6.0,0.0,0.0,0.0,0.0,0.0,0.0,0.0,0.0,0,9
1698341580.149,77,6.0,0.0,0.0,0.0,0.0,0.0,0.0,0.0,0.0,0,9
1698341580.249,77,6.0,0.0,0.0,0.0,0.0,0.0,0.0,0.0,0.0,0,9
1698341580.349,77,6.0,0.0,0.0,0.0,0.0,0.0,0.0,0.0,0.0,0,9
1698341580.4490001,77,6.0,0.0,0.0,0.0,0.0,0.0,0.0,0.0,0.0,0,9
1698341580.549,77,6.0,0.0,0.0,0.0,0.0,0.0,0.0,0.0,0.0,0,9
1698341580.649,77,6.0,0.0,0.0,0.0,0.0,0.0,0.0,0.0,0.0,0,9
1698341580.749,77,6.0,0.0,0.0,0.0,0.0,0.0,0.0,0.0,0.0,0,9
1698341580.849,77,6.0,0.0,0.0,0.0,0.0,0.0,0.0,0.0,0.0,0,9
1698341580.9490001,77,6.0,0.0,0.0,0.0,0.0,0.0,0.0,0.0,0.0,0,9
1698341581.049,77,6.0,0.0,0.0,0.0,0.0,0.0,0.0,0.0,0.0,0,9
1698341581.149,77,6.0,0.0,0.0,0.0,0.0,0.0,0.0,0.0,0.0,0,9
1698341581.249,77,0.1,0.0,0.0,0.0,0.0,0.0,0.0,0.0,0.0,0,9
1698341581.349,77,6.0,0.0,0.0,0.0,0.0,0.0,0.0,0.0,0.0,0,9
1698341581.4490001,77,0.1,0.0,0.0,0.0,0.0,0.0,0.0,0.0,0.0,0,9
1698341581.549,77,6.0,0.0,0.0,0.0,0.0,0.0,0.0,0.0,0.0,0,9
1698341581.649,77,6.0,0.0,0.0,0.0,0.0,0.0,0.0,0.0,0.0,0,9
1698341581.749,77,6.0,0.0,0.0,0.0,0.0,0.0,0.0,0.0,0.0,0,9
1698341581.849,77,0.1,0.0,0.0,0.0,0.0,0.0,0.0,0.0,0.0,0,9
1698341581.9490001,77,6.0,0.0,0.0,0.0,0.0,0.0,0.0,0.0,0.0,0,9
1698341582.049,77,0.1,0.0,0.0,0.0,0.0,0.0,0.0,0.0,0.0,0,9
1698341582.149,77,6.0,0.0,0.0,0.0,0.0,0.0,0.0,0.0,0.0,0,9
1698341582.249,77,6.0,0.0,0.0,0.0,0.0,0.0,0.0,0.0,0.0,0,9
1698341582.349,77,6.0,0.0,0.0,0.0,0.0,0.0,0.0,0.0,0.0,0,9
1698341582.4490001,77,0.1,0.0,0.0,0.0,0.0,0.0,0.0,0.0,0.0,0,9
1698341582.549,77,5.6666665,0.0,0.0,0.0,0.0,0.0,0.0,0.0,0.0,0,9
1698341631.978,70,0.1,0.0,0.0,0.0,0.1,0.1,0.0,100.0,0.0,0,6
1698341631.978,71,0.1,0.0,0.0,0.0,0.0,0.0,0.0,0.0,0.0,0,6
1698341631.978,72,0.1,0.0,0.0,0.0,0.0,0.0,0.0,0.0,0.0,0,6
1698341631.978,73,0.1,0.0,0.0,0.0,0.1,0.1,0.0,100.0,0.0,0,6
1698341631.978,74,6.0,4.2727275,14315.788,0.0,30.432936,12.0,75789.47,0.0,40.0,0,6
1698341631.978,75,0.1,0.0,0.0,0.0,0.1,0.1,0.0,100.0,0.0,0,6
1698341632.078,74,6.0,4.866667,21365.854,0.0,30.225014,24.0,156000.0,0.0,40.0,0,6
1698341632.178,74,6.0,1.0,1365.8536,0.0,30.861702,24.0,52000.0,0.0,40.0,0,6
1698341632.278,74,6.0,8.0,0.0,0.0,0.0,0.0,0.0,0.0,0.0,0,6
1698341632.378,74,6.0,0.0,0.0,0.0,30.325829,24.0,54666.664,0.0,40.0,0,6
1698341632.478,74,6.0,0.0,0.0,0.0,0.0,0.0,0.0,0.0,0.0,0,6
1698341632.578,74,6.0,0.0,0.0,0.0,0.0,0.0,0.0,0.0,0.0,0,6
1698341632.678,74,6.0,0.0,0.0,0.0,0.0,0.0,0.0,0.0,0.0,0,6
1698341632.778,74,6.0,0.0,0.0,0.0,0.0,0.0,0.0,0.0,0.0,0,6
1698341632.878,74,6.0,0.0,0.0,0.0,0.0,0.0,0.0,0.0,0.0,0,6
1698341632.978,74,6.0,0.0,0.0,0.0,0.0,0.0,0.0,0.0,0.0,0,6
1698341633.078,74,6.0,9.2,14742.857,0.0,35.02225,24.0,98400.0,0.0,40.0,0,6
1698341633.178,74,6.0,7.5555553,32720.0,0.0,33.802105,24.0,212400.0,0.0,40.0,13842,6
1698341633.278,74,6.0,7.917808,290303.03,0.0,26.382732,24.0,7325939.5,0.0,40.0,0,6
1698341633.379,74,6.0,7.867647,229415.36,0.0,26.185331,24.0,6706584.0,0.0,40.0,50668,6
1698341633.478,74,6.0,7.7580647,175920.0,0.0,25.88887,24.0,7458480.0,0.0,40.0,0,6
1698341633.578,74,6.5,7.7352943,118603.17,0.0,26.49415,24.0,6919492.0,0.0,40.0,50668,6
1698341633.678,74,6.0,7.571429,137290.31,0.0,26.366627,24.0,5756516.0,0.0,40.0,0,6
1698341633.778,74,6.0,7.6842103,26800.0,0.0,25.936028,24.0,2307760.0,0.0,40.0,60614,6
1698341633.878,74,6.0,7.6666665,206666.66,0.0,25.666843,24.0,8904444.0,0.0,40.0,0,6
1698341633.978,74,6.0,7.7,51538.46,0.0,26.225628,24.0,4438000.0,0.0,40.0,72259,6
1698341634.078,74,6.0,7.75,216316.83,0.0,26.381805,24.0,9415841.0,0.0,40.0,0,6
1698341634.18,74,6.0,7.5384617,68425.53,0.0,26.585611,24.0,5137361.5,0.0,40.0,72259,6
1698341634.278,74,6.0,7.5,208347.81,0.0,26.409346,24.0,8687478.0,0.0,40.0,0,6
1698341634.379,74,6.0,0.0,0.0,0.0,26.767843,24.0,256240.0,0.0,40.0,99804,6
1698341634.478,74,6.0,7.25,221395.34,0.0,25.625654,24.0,10038697.0,0.0,40.0,11482,6
1698341634.578,74,6.0,0.0,0.0,0.0,27.477894,24.0,624975.56,0.0,40.0,99804,6
1698341634.6790001,74,6.0,7.540817,210693.06,0.0,25.978577,24.0,10261782.0,0.0,40.0,11994,6
1698341634.778,74,6.0,0.0,0.0,0.0,0.0,0.0,0.0,0.0,0.0,0,6
1698341634.878,74,6.0,7.923077,238947.36,0.0,26.268808,24.0,10235368.0,0.0,0.0,42172,6
1698341634.978,74,6.0,7.8536587,106880.0,0.0,26.059765,24.0,3355440.0,0.0,40.0,0,6
1698341635.078,74,0.1,7.76,235529.4,0.0,25.082674,24.0,10307294.0,0.0,0.0,42172,6
1698341635.178,74,6.0,0.0,0.0,0.0,0.0,0.0,0.0,0.0,0.0,0,6
1698341635.279,74,6.5,7.4736843,116960.0,0.0,25.154081,24.0,6410800.0,0.0,40.0,72259,6
1698341635.378,74,6.0,0.0,0.0,0.0,0.0,0.0,0.0,0.0,0.0,0,6
1698341635.478,74,0.1,7.6666665,214399.98,0.0,25.81,24.0,10257600.0,0.0,40.0,72003,6
1698341635.578,74,6.6666665,7.733333,127680.0,0.0,25.998764,24.0,5406960.0,0.0,40.0,0,6
1698341635.678,74,0.1,7.6896553,225538.45,0.0,26.13457,24.0,10355077.0,0.0,40.0,101852,6
1698341635.778,74,7.0,0.0,0.0,0.0,0.0,0.0,0.0,0.0,0.0,0,6
1698341635.878,74,6.0,7.763158,74720.0,0.0,26.321636,24.0,4359280.0,0.0,40.0,101852,6
1698341635.978,74,6.0,0.0,0.0,0.0,0.0,0.0,0.0,0.0,0.0,0,6
1698341636.078,74,0.1,7.5,121818.17,0.0,26.143326,24.0,10295999.0,0.0,0.0,120538,6
1698341636.178,74,6.0,7.7777777,218480.0,0.0,26.186174,24.0,9510000.0,0.0,40.0,0,6
1698341636.278,74,0.1,7.4375,148888.875,0.0,26.323334,24.0,10210666.0,0.0,0.0,120538,6
1698341636.378,74,0.1,8.0,187294.11,0.0,26.272758,24.0,6033882.0,0.0,0.0,0,6
1698341636.478,74,6.0,0.0,0.0,0.0,28.009226,24.0,256240.0,0.0,40.0,140365,6
1698341636.578,74,0.1,6.928571,212266.66,0.0,25.69842,24.0,10398400.0,0.0,40.0,11738,6
1698341636.6790001,74,0.1,0.0,0.0,0.0,27.383648,24.0,1830285.6,0.0,40.0,140365,6
1698341636.778,74,6.0,7.6938777,210181.8,0.0,26.070145,24.0,10361211.0,0.0,40.0,11738,6
1698341636.878,74,0.1,0.0,0.0,0.0,0.0,0.0,0.0,0.0,0.0,0,6
1698341636.978,74,0.1,8.0,268000.0,0.0,26.061436,24.0,10680000.0,0.0,0.0,42172,6
1698341637.078,74,6.0,7.419355,85120.0,0.0,25.829233,24.0,3355440.0,0.0,40.0,0,6
1698341637.178,74,0.1,6.8,268000.0,0.0,25.349485,24.0,10679999.0,0.0,0.0,42172,6
1698341637.278,74,0.1,0.0,0.0,0.0,0.0,0.0,0.0,0.0,0.0,0,6
1698341637.378,74,6.0,7.785714,117600.0,0.0,25.642908,24.0,6410800.0,0.0,40.0,72259,6
1698341637.478,74,6.0,7.72093,127680.0,0.0,25.510221,24.0,5406960.0,0.0,40.0,0,6
1698341637.578,74,6.0,7.8867927,119999.99,0.0,25.14759,24.0,6541632.5,0.0,40.0,72259,6
1698341637.678,74,6.0,7.7391305,124816.32,0.0,24.863855,24.0,5299346.5,0.0,40.0,0,6
1698341637.778,74,6.0,7.857143,74720.0,0.0,24.952274,24.0,4359280.0,0.0,40.0,101852,6
1698341637.878,74,6.5,8.089286,167915.78,0.0,24.692984,24.0,7333389.0,0.0,40.0,0,6
1698341637.978,74,6.0,7.4473686,79148.93,0.0,24.72719,24.0,4637531.5,0.0,40.0,101852,6
1698341638.078,74,6.0,7.6571436,170240.0,0.0,24.49949,24.0,7458480.0,0.0,40.0,0,6
1698341638.178,74,6.0,7.357143,31162.79,0.0,24.58978,24.0,2683441.75,0.0,40.0,120538,6
1698341638.278,74,6.0,7.7272725,217023.25,0.0,24.402405,24.0,9417767.0,0.0,40.0,0,6
1698341638.378,74,6.0,7.4375,26800.0,0.0,24.561455,24.0,2307760.0,0.0,40.0,120538,6
1698341638.478,74,6.0,7.647059,218409.625,0.0,24.491217,24.0,9372144.0,0.0,40.0,0,6
1698341638.578,74,6.5,0.0,0.0,0.0,26.404987,24.0,312487.78,0.0,40.0,140365,6
1698341638.678,74,6.0,8.729412,210828.27,0.0,24.962595,24.0,10361211.0,0.0,40.0,11738,6
1698341638.779,74,6.0,0.0,0.0,0.0,26.059492,24.0,328512.8,0.0,40.0,140365,6
1698341638.878,74,6.0,7.7887325,222683.53,0.0,25.105913,24.0,10117063.0,0.0,40.0,11738,6
1698341638.978,74,6.0,8.0,37200.0,0.0,25.228088,24.0,1303920.0,0.0,0.0,0,6
1698341639.078,74,6.0,7.742857,223675.67,0.0,25.11569,24.0,10280432.0,0.0,40.0,42172,6
1698341639.178,74,6.0,0.0,29369.861,0.0,25.016447,24.0,819945.1,0.0,0.0,0,6
1698341639.279,74,6.5,10.480519,167920.0,0.0,23.758848,24.0,8462320.0,0.0,40.0,42172,6
1698341639.378,74,6.5,0.0,23323.943,0.0,24.428764,24.0,542197.2,0.0,0.0,0,6
1698341639.479,74,6.0,7.769231,168000.0,0.0,26.080305,24.0,9097371.0,0.0,40.0,72259,6
1698341639.578,74,6.3333335,7.659091,127680.0,0.0,26.710608,24.0,5406960.0,0.0,40.0,0,6
1698341639.678,74,6.0,7.6949153,189677.4,0.0,26.547377,24.0,10271225.0,0.0,40.0,72259,6
1698341639.778,74,6.0,7.3333335,68645.16,0.0,25.881523,24.0,2447612.75,0.0,0.0,0,6
1698341639.878,74,6.0,7.8378377,74720.0,0.0,26.665842,24.0,4359280.0,0.0,40.0,101852,6
1698341639.978,74,6.0,7.5384617,125527.266,0.0,26.637938,24.0,5206690.5,0.0,40.0,0,6
1698341640.078,74,6.0,7.75,138370.36,0.0,26.190346,24.0,8072740.5,0.0,40.0,101852,6
1698341640.178,74,6.0,7.859375,170880.0,0.0,25.872656,24.0,7458480.0,0.0,40.0,0,6
1698341640.278,74,6.0,7.590909,53600.0,0.0,26.042383,24.0,4615520.0,0.0,40.0,120538,6
1698341640.378,74,6.0,7.571428,202400.0,0.0,25.89198,24.0,8762400.0,0.0,40.0,0,6
1698341640.479,74,6.0,7.5384617,31841.584,0.0,26.008026,24.0,2390653.5,0.0,40.0,120538,6
1698341640.578,74,6.0,7.37931,202553.19,0.0,26.390995,24.0,8729872.0,0.0,40.0,0,6
1698341640.678,74,6.0,0.0,0.0,0.0,27.759363,24.0,557043.44,0.0,40.0,140365,6
1698341640.778,74,6.0,7.7473683,208080.0,0.0,26.304165,24.0,10257600.0,0.0,40.0,11738,6
1698341640.879,74,6.0,0.0,0.0,0.0,26.617834,24.0,864380.9,0.0,40.0,140365,6
1698341640.978,74,6.0,7.675676,233756.1,0.0,25.842342,24.0,10528390.0,0.0,40.0,11738,6
1698341641.078,74,6.0,8.0,36831.684,0.0,25.97098,24.0,1291009.9,0.0,0.0,0,6
1698341641.1790001,74,6.0,7.4375,232000.0,0.0,25.704655,24.0,10246769.0,0.0,0.0,42172,6
1698341641.278,74,0.1,0.0,0.0,0.0,0.0,0.0,0.0,0.0,0.0,0,6
1698341641.379,74,6.0,7.7,163247.52,0.0,26.653969,24.0,8484277.0,0.0,40.0,42172,6
1698341641.478,74,0.1,0.0,0.0,0.0,0.0,0.0,0.0,0.0,0.0,0,6
1698341641.579,74,6.0,7.71875,226424.25,0.0,26.17383,24.0,10619636.0,0.0,0.0,42428,6
1698341641.678,74,6.0,7.4,79760.0,0.0,26.119312,24.0,3248640.0,0.0,40.0,0,6
1698341641.778,74,6.0,7.7272725,214399.98,0.0,26.019455,24.0,10257600.0,0.0,40.0,72259,6
1698341641.878,74,0.1,0.0,0.0,0.0,0.0,0.0,0.0,0.0,0.0,0,6
1698341641.978,74,6.0,7.75,117600.0,0.0,26.586273,24.0,6410800.0,0.0,40.0,72003,6
1698341642.078,74,0.1,0.0,0.0,0.0,0.0,0.0,0.0,0.0,0.0,0,6
1698341642.178,74,6.0,14.5,231076.92,0.0,26.476643,24.0,10355077.0,0.0,40.0,101852,6
1698341642.278,74,6.0,13.157895,174880.0,0.0,26.20111,24.0,7458480.0,0.0,40.0,0,6
1698341642.378,74,6.0,13.8,247999.98,0.0,26.287987,24.0,10295999.0,0.0,40.0,101852,6
1698341642.478,74,0.1,0.0,0.0,0.0,0.0,0.0,0.0,0.0,0.0,0,6
1698341642.578,74,6.0,12.95,27600.0,0.0,26.090052,24.0,2307760.0,0.0,40.0,120538,6
1698341642.678,74,0.1,15.0,181333.33,0.0,26.185131,24.0,6057333.0,0.0,0.0,0,6
1698341642.778,74,0.1,0.0,162352.94,0.0,26.197273,24.0,10431529.0,0.0,0.0,120538,6
1698341642.878,74,6.0,13.616438,223920.0,0.0,26.096083,24.0,9510000.0,0.0,40.0,0,6
1698341642.978,74,0.1,0.0,0.0,0.0,27.739513,24.0,1830285.6,0.0,40.0,140365,6
1698341643.078,74,0.1,10.846154,233142.84,0.0,25.905344,24.0,10378285.0,0.0,40.0,11738,6
1698341643.1790001,74,6.0,0.0,38000.0,0.0,26.440113,24.0,1666960.0,0.0,40.0,140621,6
1698341643.278,74,0.1,10.0,176000.0,0.0,25.728231,24.0,10680000.0,0.0,0.0,11738,6
1698341643.378,74,0.1,0.0,0.0,0.0,0.0,0.0,0.0,0.0,0.0,0,6
1698341643.478,74,6.0,13.785714,169840.0,0.0,26.46036,24.0,8462320.0,0.0,40.0,41916,6
1698341643.578,74,6.0,12.041667,81680.0,0.0,26.461876,24.0,3355440.0,0.0,40.0,0,6
1698341643.678,74,6.0,14.281691,173306.11,0.0,26.39749,24.0,8635020.0,0.0,40.0,42172,6
1698341643.778,74,6.0,12.740742,83346.94,0.0,26.443026,24.0,3205959.0,0.0,40.0,0,6
1698341643.878,74,6.0,13.509092,120800.0,0.0,26.538624,24.0,6410800.0,0.0,40.0,72259,6
1698341643.978,74,6.0,13.102564,114222.22,0.0,26.40805,24.0,4868000.0,0.0,40.0,0,6
1698341644.079,74,6.0,13.150944,133155.55,0.0,26.607569,24.0,7123111.0,0.0,40.0,72259,6
1698341644.178,74,6.0,13.422222,130720.0,0.0,26.219137,24.0,5406960.0,0.0,40.0,0,6
1698341644.278,74,6.0,14.097561,88091.945,0.0,26.387823,24.0,5010666.5,0.0,40.0,101852,6
1698341644.378,74,6.0,13.6,164837.2,0.0,26.318375,24.0,7032279.0,0.0,40.0,0,6
1698341644.478,74,6.0,14.129032,76640.0,0.0,26.332037,24.0,4359280.0,0.0,40.0,101852,6
1698341644.578,74,6.0,13.0,166146.34,0.0,26.145008,24.0,6854341.5,0.0,40.0,0,6
1698341644.678,74,6.0,13.9375,34499.996,0.0,26.495293,24.0,2884699.75,0.0,40.0,120538,6
1698341644.778,74,6.0,13.37037,222960.0,0.0,26.36894,24.0,9510000.0,0.0,40.0,0,6
1698341644.879,74,6.0,13.2,41721.516,0.0,26.614363,24.0,3056405.0,0.0,40.0,120538,6
1698341644.978,74,6.0,13.425926,224205.125,0.0,26.339085,24.0,9288308.0,0.0,40.0,0,6
1698341645.078,74,6.0,0.0,0.0,0.0,27.535793,24.0,256240.0,0.0,40.0,140365,6
1698341645.178,74,6.0,13.650796,236540.53,0.0,26.370125,24.0,10424757.0,0.0,40.0,11482,6
1698341645.278,74,6.0,0.0,0.0,0.0,27.777805,24.0,346270.28,0.0,40.0,140365,6
1698341645.378,74,6.0,13.476191,213520.0,0.0,26.345312,24.0,10257600.0,0.0,40.0,11738,6
1698341645.478,74,6.0,0.0,0.0,0.0,0.0,0.0,0.0,0.0,0.0,0,6
1698341645.578,74,6.0,13.8,234742.86,0.0,26.230288,24.0,10257600.0,0.0,40.0,42172,6
1698341645.678,74,6.0,13.038462,81680.0,0.0,26.369778,24.0,3355440.0,0.0,40.0,0,6
1698341645.778,74,6.0,14.129032,232242.42,0.0,26.362968,24.0,10296000.0,0.0,40.0,42172,6
1698341645.878,74,6.0,0.0,0.0,0.0,0.0,0.0,0.0,0.0,0.0,0,6
1698341645.979,74,6.0,13.905661,120800.0,0.0,26.295757,24.0,6410800.0,0.0,40.0,72259,6
1698341646.078,74,6.0,13.181818,70193.55,0.0,26.148897,24.0,2447612.75,0.0,0.0,0,6
1698341646.18,74,6.0,13.584906,203483.86,0.0,26.238964,24.0,10271225.0,0.0,40.0,72259,6
1698341646.278,74,6.0,13.729167,126626.25,0.0,26.134384,24.0,5353696.5,0.0,40.0,0,6
1698341646.379,74,6.0,14.15625,129898.3,0.0,26.322086,24.0,7569626.5,0.0,40.0,102108,6
1698341646.478,74,6.0,12.333333,140827.58,0.0,26.256584,24.0,5416965.5,0.0,40.0,0,6
1698341646.579,74,6.0,14.0,76640.0,0.0,26.371714,24.0,4466080.0,0.0,40.0,101852,6
1698341646.678,74,6.0,12.956522,137599.98,0.0,26.026617,24.0,5206690.5,0.0,40.0,0,6
1698341646.778,74,6.0,12.904762,51111.11,0.0,26.57745,24.0,4273629.5,0.0,40.0,120538,6
1698341646.878,74,6.0,13.77907,223920.0,0.0,26.465097,24.0,9510000.0,0.0,40.0,0,6
1698341646.978,74,6.0,12.555555,55200.0,0.0,26.621634,24.0,4615520.0,0.0,40.0,120538,6
1698341647.078,74,6.0,13.763158,203450.97,0.0,26.389484,24.0,8590588.0,0.0,40.0,0,6
1698341647.178,74,6.0,0.0,0.0,0.0,28.16436,24.0,256240.0,0.0,40.0,140365,6
1698341647.278,74,6.0,12.130435,223478.25,0.0,26.170475,24.0,10312695.0,0.0,40.0,11738,6
1698341647.378,74,7.0,0.0,0.0,0.0,27.656963,24.0,569422.2,0.0,40.0,140365,6
1698341647.478,74,6.0,13.345238,213040.0,0.0,26.408743,24.0,10257600.0,0.0,40.0,11738,6
1698341647.578,74,6.0,0.0,0.0,0.0,0.0,0.0,0.0,0.0,0.0,0,6
1698341647.6790001,74,6.0,14.333333,229581.39,0.0,26.866209,24.0,10287069.0,0.0,40.0,42172,6
1698341647.778,74,6.0,12.689655,82505.05,0.0,26.558968,24.0,3281454.25,0.0,40.0,0,6
1698341647.878,74,6.0,13.583333,245263.14,0.0,26.508177,24.0,10235368.0,0.0,0.0,42172,6
1698341647.978,74,6.0,0.0,0.0,0.0,0.0,0.0,0.0,0.0,0.0,0,6
1698341648.078,74,6.0,13.215686,119840.0,0.0,26.136618,24.0,6410800.0,0.0,40.0,72003,6
1698341648.178,74,6.0,0.0,0.0,0.0,0.0,0.0,0.0,0.0,0.0,0,6
1698341648.279,74,0.1,13.777778,243058.81,0.0,26.621153,24.0,10307294.0,0.0,40.0,72259,6
1698341648.378,74,6.0,13.578947,126141.41,0.0,26.155285,24.0,5353696.5,0.0,40.0,0,6
1698341648.478,74,0.1,13.206897,211612.89,0.0,26.380667,24.0,10271225.0,0.0,40.0,101852,6
1698341648.578,74,6.0,0.0,36800.0,0.0,26.783161,24.0,927199.94,0.0,0.0,0,6
1698341648.678,74,6.0,13.866667,76640.0,0.0,26.501501,24.0,4359280.0,0.0,40.0,101852,6
1698341648.778,74,6.0,0.0,0.0,0.0,0.0,0.0,0.0,0.0,0.0,0,6
1698341648.879,74,0.1,13.8,231076.92,0.0,25.941849,24.0,10355077.0,0.0,0.0,101596,6
1698341648.978,74,6.0,13.6603775,174880.0,0.0,25.910822,24.0,7458480.0,0.0,40.0,0,6
1698341649.078,74,0.1,12.782609,125454.54,0.0,26.135939,24.0,10295999.0,0.0,0.0,120538,6
1698341649.178,74,6.0,13.888889,189217.375,0.0,26.22151,24.0,6597912.5,0.0,0.0,0,6
1698341649.278,74,6.0,13.5,27600.0,0.0,26.446972,24.0,2307760.0,0.0,40.0,120538,6
1698341649.378,74,6.0,15.0,181333.33,0.0,26.676865,24.0,6057333.0,0.0,0.0,0,6
1698341649.478,74,0.1,0.0,0.0,0.0,28.492226,24.0,1507294.0,0.0,40.0,140365,6
1698341649.578,74,6.0,13.662921,213520.0,0.0,26.49882,24.0,10257600.0,0.0,40.0,11738,6
1698341649.678,74,0.1,0.0,0.0,0.0,27.420267,24.0,1830285.6,0.0,40.0,140365,6
1698341649.778,74,0.1,11.909091,233142.84,0.0,26.07207,24.0,10378285.0,0.0,40.0,11738,6
1698341649.878,74,6.0,15.0,38000.0,0.0,26.571014,24.0,1303920.0,0.0,0.0,0,6
1698341649.978,74,0.1,12.714286,196363.625,0.0,26.473848,24.0,9325090.0,0.0,0.0,42172,6
1698341650.078,74,0.1,0.0,0.0,0.0,0.0,0.0,0.0,0.0,0.0,0,6
1698341650.178,74,6.0,13.57971,168880.0,0.0,26.41047,24.0,8462320.0,0.0,40.0,42172,6
1698341650.278,74,0.1,0.0,0.0,0.0,0.0,0.0,0.0,0.0,0.0,0,6
1698341650.378,74,0.1,11.25,184000.0,0.0,26.312181,24.0,10680000.0,0.0,0.0,72259,6
1698341650.478,74,6.0,13.577778,130720.0,0.0,26.27015,24.0,5406960.0,0.0,40.0,0,6
1698341650.58,74,0.1,0.0,272000.0,0.0,25.798752,24.0,10679999.0,0.0,0.0,72515,6
1698341650.678,74,0.1,0.0,0.0,0.0,0.0,0.0,0.0,0.0,0.0,0,6
1698341650.778,74,6.0,13.075,76160.0,0.0,26.559252,24.0,4359280.0,0.0,40.0,101852,6
1698341650.878,74,6.0,13.559323,174400.0,0.0,26.355942,24.0,7458480.0,0.0,40.0,0,6
1698341650.978,74,6.0,13.926829,78204.08,0.0,26.568155,24.0,4448244.5,0.0,40.0,101852,6
1698341651.078,74,6.0,13.393442,178448.97,0.0,26.417364,24.0,7392734.5,0.0,40.0,0,6
1698341651.1790001,74,6.0,13.923077,32792.08,0.0,26.506441,24.0,2390653.5,0.0,40.0,120538,6
1698341651.278,74,6.0,14.424658,221478.25,0.0,26.278399,24.0,9454173.0,0.0,40.0,0,6
1698341651.378,74,6.0,13.833333,30329.668,0.0,26.38557,24.0,2535999.75,0.0,40.0,120538,6
1698341651.478,74,6.0,14.533334,223445.53,0.0,26.355093,24.0,9415841.0,0.0,40.0,0,6
1698341651.578,74,6.0,0.0,0.0,0.0,27.316732,24.0,284711.1,0.0,40.0,140365,6
1698341651.6790001,74,6.0,14.096774,236043.94,0.0,26.441175,24.0,10262241.0,0.0,40.0,11738,6
1698341651.778,74,6.0,15.0,33292.926,0.0,26.825987,24.0,1468040.25,0.0,40.0,140365,6
1698341651.878,74,6.0,14.104652,230511.625,0.0,26.420507,24.0,10287069.0,0.0,40.0,11738,6
1698341651.978,74,6.0,0.0,0.0,0.0,0.0,0.0,0.0,0.0,0.0,0,6
1698341652.079,74,6.0,14.582089,170800.0,0.0,26.49903,24.0,8462320.0,0.0,40.0,42172,6
1698341652.178,74,6.0,13.6,53012.047,0.0,26.660751,24.0,1828337.25,0.0,0.0,0,6
1698341652.279,74,6.0,14.416668,210864.2,0.0,26.543934,24.0,10262815.0,0.0,40.0,42172,6
1698341652.378,74,6.0,13.384615,82480.0,0.0,26.419107,24.0,3355440.0,0.0,40.0,0,6
1698341652.478,74,6.0,14.481482,155487.17,0.0,26.743898,24.0,8218974.0,0.0,40.0,72259,6
1698341652.578,74,6.0,13.653846,99948.04,0.0,26.476461,24.0,3996467.25,0.0,40.0,0,6
1698341652.678,74,6.0,14.5172415,121280.0,0.0,26.755213,24.0,6410800.0,0.0,40.0,72259,6
1698341652.778,74,6.0,14.086957,96540.54,0.0,26.50078,24.0,3725513.5,0.0,40.0,0,6
1698341652.878,74,6.0,14.511628,105643.83,0.0,26.859037,24.0,5971616.0,0.0,40.0,101852,6
1698341652.978,74,6.0,14.086957,176160.0,0.0,26.590181,24.0,7458480.0,0.0,40.0,0,6
1698341653.078,74,6.0,14.674418,110171.43,0.0,26.67665,24.0,6227543.0,0.0,40.0,101852,6
1698341653.178,74,6.0,13.923079,149371.42,0.0,26.708008,24.0,6258857.0,0.0,40.0,0,6
1698341653.278,74,6.0,14.045455,27600.0,0.0,26.820812,24.0,2307760.0,0.0,40.0,120538,6
1698341653.378,74,6.0,13.571428,213014.92,0.0,26.471424,24.0,9026507.0,0.0,40.0,0,6
1698341653.478,74,6.0,13.6,42461.535,0.0,26.585585,24.0,3550399.75,0.0,40.0,120282,6
1698341653.578,74,6.0,13.973333,225360.0,0.0,26.330494,24.0,9510000.0,0.0,40.0,0,6
1698341653.678,74,6.0,0.0,0.0,0.0,27.867142,24.0,413290.3,0.0,40.0,140365,6
1698341653.778,74,6.0,14.32258,230967.73,0.0,26.35315,24.0,10271225.0,0.0,40.0,11738,6
1698341653.879,74,6.0,15.0,38099.008,0.0,26.570946,24.0,1650455.4,0.0,40.0,140365,6
1698341653.978,74,6.0,14.236363,237379.3,0.0,25.934092,24.0,10243034.0,0.0,40.0,11738,6
1698341654.078,74,6.0,0.0,0.0,0.0,0.0,0.0,0.0,0.0,0.0,0,6
1698341654.178,74,6.0,14.14865,170480.0,0.0,26.555637,24.0,8462320.0,0.0,40.0,42172,6
1698341654.278,74,6.0,0.0,0.0,0.0,0.0,0.0,0.0,0.0,0.0,0,6
1698341654.378,74,6.0,14.618182,234518.52,0.0,25.709536,24.0,10288889.0,0.0,40.0,42172,6
1698341654.478,74,6.0,13.6,82480.0,0.0,25.265682,24.0,3355440.0,0.0,40.0,0,6
1698341654.579,74,6.0,14.658537,231520.0,0.0,26.05905,24.0,10471200.0,0.0,40.0,72259,6
1698341654.678,74,6.0,0.0,22080.0,0.0,27.188692,24.0,556320.0,0.0,0.0,0,6
1698341654.779,74,6.0,14.490909,121280.0,0.0,26.5762,24.0,6410800.0,0.0,40.0,72259,6
1698341654.878,74,6.0,0.0,0.0,0.0,0.0,0.0,0.0,0.0,0.0,0,6
1698341654.978,74,6.0,14.588235,167304.33,0.0,26.732447,24.0,9383999.0,0.0,40.0,101852,6
1698341655.078,74,6.0,14.209678,176160.0,0.0,26.510342,24.0,7458480.0,0.0,40.0,0,6
1698341655.178,74,6.0,14.487804,183619.03,0.0,26.518883,24.0,10277714.0,0.0,40.0,101852,6
1698341655.278,74,6.0,13.5,102325.58,0.0,26.509659,24.0,3529116.25,0.0,0.0,0,6
1698341655.378,74,6.0,14.176471,27600.0,0.0,26.729784,24.0,2307760.0,0.0,40.0,120538,6
1698341655.478,74,6.0,13.478261,217052.625,0.0,26.398178,24.0,8267999.5,0.0,40.0,0,6
1698341655.578,74,6.0,14.666667,74594.59,0.0,26.536264,24.0,6237189.0,0.0,40.0,120538,6
1698341655.678,74,6.0,14.611111,225680.0,0.0,26.416765,24.0,9510000.0,0.0,40.0,0,6
1698341655.779,74,6.0,14.0,81176.47,0.0,26.720123,24.0,6787529.0,0.0,40.0,120538,6
1698341655.878,74,0.1,13.173913,210117.64,0.0,26.124105,24.0,8108470.0,0.0,40.0,0,6
1698341655.978,74,6.0,0.0,0.0,0.0,28.043703,24.0,256240.0,0.0,40.0,140365,6
1698341656.078,74,0.1,13.366668,212129.02,0.0,26.38904,24.0,9926709.0,0.0,40.0,11738,6
1698341656.178,74,6.0,0.0,0.0,0.0,27.510088,24.0,883586.2,0.0,40.0,140365,6
1698341656.278,74,6.0,14.172043,214480.0,0.0,26.288183,24.0,10257600.0,0.0,40.0,11738,6
1698341656.378,74,6.0,0.0,0.0,0.0,0.0,0.0,0.0,0.0,0.0,0,6
1698341656.479,74,0.1,14.44,224296.3,0.0,26.397282,24.0,10367111.0,0.0,0.0,42172,6
1698341656.578,74,6.0,13.703704,83313.125,0.0,26.393349,24.0,3281454.25,0.0,40.0,0,6
1698341656.678,74,0.1,14.631579,250181.8,0.0,26.349415,24.0,10295999.0,0.0,0.0,42172,6
1698341656.778,74,6.0,0.0,0.0,0.0,0.0,0.0,0.0,0.0,0.0,0,6
1698341656.878,74,6.0,13.758064,120960.0,0.0,26.455101,24.0,6410800.0,0.0,40.0,72259,6
1698341656.978,74,6.0,0.0,0.0,0.0,0.0,0.0,0.0,0.0,0.0,0,6
1698341657.078,74,0.1,13.6,245333.31,0.0,26.528965,24.0,10210666.0,0.0,0.0,72259,6
1698341657.178,74,6.0,14.192307,132000.0,0.0,26.45032,24.0,5406960.0,0.0,40.0,0,6
1698341657.278,74,0.1,15.0,236571.42,0.0,26.771942,24.0,10378285.0,0.0,40.0,101852,6
1698341657.378,74,0.1,0.0,0.0,0.0,0.0,0.0,0.0,0.0,0.0,0,6
1698341657.478,74,6.0,14.475001,77120.0,0.0,26.972424,24.0,4359280.0,0.0,40.0,101852,6
1698341657.578,74,0.1,0.0,0.0,0.0,0.0,0.0,0.0,0.0,0.0,0,6
1698341657.6790001,74,0.1,14.222222,220799.98,0.0,26.621244,24.0,10257599.0,0.0,0.0,120538,6
1698341657.778,74,6.0,14.430233,225680.0,0.0,26.555262,24.0,9510000.0,0.0,40.0,0,6
1698341657.878,74,0.1,0.0,184000.0,0.0,26.323402,24.0,10680000.0,0.0,0.0,120538,6
1698341657.978,74,0.1,0.0,0.0,0.0,0.0,0.0,0.0,0.0,0.0,0,6
1698341658.078,74,6.0,0.0,0.0,0.0,27.555326,24.0,256240.0,0.0,40.0,140365,6
1698341658.178,74,0.1,0.0,552000.0,0.0,26.410425,24.0,21359998.0,0.0,0.0,11738,6
1698341658.278,74,0.1,0.0,0.0,0.0,25.421143,24.0,10679999.0,0.0,0.0,140365,6
1698341658.378,74,6.0,14.222224,214800.0,0.0,26.3333,24.0,10257600.0,0.0,40.0,11738,6
1698341658.478,74,6.0,15.0,38099.008,0.0,26.289165,24.0,1291009.9,0.0,0.0,0,6
1698341658.583,74,6.0,14.575758,174285.7,0.0,26.126102,24.0,8635020.0,0.0,40.0,42172,6
1698341658.678,74,6.0,13.782609,79340.2,0.0,25.764494,24.0,3172453.5,0.0,40.0,0,6
1698341658.778,74,6.0,14.232877,170640.0,0.0,25.997051,24.0,8462320.0,0.0,40.0,42172,6
1698341658.878,74,6.0,14.176471,67111.11,0.0,26.065536,24.0,2588533.25,0.0,0.0,0,6
1698341658.978,74,6.0,14.406779,136269.66,0.0,26.208382,24.0,7203146.0,0.0,40.0,72259,6
1698341659.078,74,6.0,14.25532,132000.0,0.0,26.29866,24.0,5406960.0,0.0,40.0,0,6
1698341659.178,74,6.0,14.508772,141023.25,0.0,26.378057,24.0,7454418.5,0.0,40.0,72259,6
1698341659.278,74,6.0,14.3,110023.53,0.0,26.185429,24.0,4575811.5,0.0,40.0,0,6
1698341659.378,74,6.0,14.475001,77120.0,0.0,26.558685,24.0,4359280.0,0.0,40.0,101852,6
1698341659.478,74,6.0,13.046512,162567.9,0.0,26.270138,24.0,6807111.0,0.0,40.0,0,6
1698341659.578,74,6.0,13.600001,95012.34,0.0,26.646566,24.0,5381827.0,0.0,40.0,101852,6
1698341659.678,74,6.0,14.391304,176000.0,0.0,26.296064,24.0,7458480.0,0.0,40.0,0,6
1698341659.778,74,6.0,14.263158,35384.613,0.0,26.382803,24.0,2958666.5,0.0,40.0,120538,6
1698341659.878,74,6.0,14.363636,222987.33,0.0,26.409355,24.0,9170734.0,0.0,40.0,0,6
1698341659.978,74,6.0,14.611111,27878.785,0.0,26.668056,24.0,2331070.5,0.0,40.0,120538,6
1698341660.078,74,6.0,14.45098,223304.33,0.0,26.358463,24.0,9167999.0,0.0,40.0,0,6
1698341660.1790001,74,6.0,0.0,0.0,0.0,27.281958,24.0,533882.3,0.0,40.0,140621,6
1698341660.278,74,6.0,14.107844,214480.0,0.0,26.505672,24.0,10150800.0,0.0,40.0,11738,6
1698341660.378,74,6.0,0.0,0.0,0.0,27.762033,24.0,388242.44,0.0,40.0,140365,6
1698341660.478,74,6.0,14.096774,233696.97,0.0,26.659569,24.0,10296000.0,0.0,40.0,11738,6
1698341660.578,74,6.0,15.0,38480.0,0.0,26.665741,24.0,1303920.0,0.0,0.0,0,6
1698341660.678,74,6.0,14.490911,239870.95,0.0,26.311228,24.0,10271225.0,0.0,40.0,42172,6
1698341660.778,74,6.0,0.0,0.0,0.0,0.0,0.0,0.0,0.0,0.0,0,6
1698341660.878,74,6.0,14.46154,170800.0,0.0,26.445429,24.0,8462320.0,0.0,40.0,42172,6
1698341660.978,74,6.0,0.0,0.0,0.0,0.0,0.0,0.0,0.0,0.0,0,6
1698341661.078,74,6.0,14.714286,224592.6,0.0,26.433279,24.0,10288889.0,0.0,40.0,72259,6
1698341661.178,74,6.0,14.25532,132000.0,0.0,26.283693,24.0,5406960.0,0.0,40.0,0,6
1698341661.279,74,6.0,14.3,237803.9,0.0,26.254902,24.0,10265882.0,0.0,40.0,72259,6
1698341661.378,74,6.0,0.0,23000.0,0.0,28.25747,24.0,134500.0,0.0,0.0,0,6
1698341661.478,74,6.0,14.511628,77120.0,0.0,26.37919,24.0,4359280.0,0.0,40.0,101852,6
1698341661.578,74,6.0,14.066667,105021.27,0.0,26.39555,24.0,4137702.0,0.0,0.0,0,6
1698341661.678,74,6.0,14.575758,171377.77,0.0,26.416246,24.0,9592533.0,0.0,40.0,101852,6
1698341661.778,74,6.0,14.2,176160.0,0.0,26.334333,24.0,7458480.0,0.0,40.0,0,6
1698341661.879,74,6.0,14.176471,77023.25,0.0,26.42687,24.0,5615255.5,0.0,40.0,120794,6
1698341661.978,74,6.0,13.793103,209523.8,0.0,26.20908,24.0,8497714.0,0.0,40.0,0,6
1698341662.079,74,6.0,14.461538,32792.08,0.0,26.657207,24.0,2390653.5,0.0,40.0,120538,6
1698341662.178,74,6.0,14.117647,213894.72,0.0,26.43721,24.0,8267999.5,0.0,40.0,0,6
1698341662.278,74,0.1,0.0,0.0,0.0,28.480957,24.0,692540.56,0.0,40.0,140365,6
1698341662.378,74,6.0,14.357142,214800.0,0.0,26.384418,24.0,10257600.0,0.0,40.0,11738,6
1698341662.478,74,0.1,0.0,0.0,0.0,28.172522,24.0,753647.0,0.0,40.0,140365,6
1698341662.578,74,6.0,14.3,226823.52,0.0,26.514477,24.0,10307294.0,0.0,40.0,11738,6
1698341662.678,74,6.0,15.0,38480.0,0.0,26.529085,24.0,1303920.0,0.0,0.0,0,6
1698341662.778,74,6.0,14.125,238133.33,0.0,26.44031,24.0,10257600.0,0.0,0.0,42172,6
1698341662.878,74,0.1,0.0,0.0,0.0,0.0,0.0,0.0,0.0,0.0,0,6
1698341662.978,74,6.0,14.231708,170480.0,0.0,26.678202,24.0,8462320.0,0.0,40.0,42172,6
1698341663.078,74,0.1,0.0,0.0,0.0,0.0,0.0,0.0,0.0,0.0,0,6
1698341663.178,74,6.0,14.0,250181.8,0.0,26.526237,24.0,10295999.0,0.0,0.0,42172,6
1698341663.278,74,6.0,13.75,81663.37,0.0,26.472187,24.0,3322217.75,0.0,40.0,0,6
1698341663.378,74,6.0,14.533334,245333.31,0.0,26.446363,24.0,10210666.0,0.0,0.0,72259,6
1698341663.478,74,0.1,0.0,0.0,0.0,0.0,0.0,0.0,0.0,0.0,0,6
1698341663.581,74,6.0,14.333334,123106.79,0.0,26.715427,24.0,6494135.5,0.0,40.0,72499,6
1698341663.678,74,0.1,0.0,0.0,0.0,0.0,0.0,0.0,0.0,0.0,0,6
1698341663.779,74,0.1,15.0,236571.42,0.0,26.66926,24.0,11141143.0,0.0,40.0,102108,6
1698341663.878,74,6.0,14.353847,176160.0,0.0,26.481277,24.0,7351680.0,0.0,40.0,0,6
1698341663.978,74,0.1,0.0,220799.98,0.0,26.685999,24.0,10257599.0,0.0,40.0,101852,6
1698341664.078,74,0.1,0.0,0.0,0.0,0.0,0.0,0.0,0.0,0.0,0,6
1698341664.178,74,6.0,13.764706,27600.0,0.0,26.662579,24.0,2307760.0,0.0,40.0,120538,6
1698341664.278,74,0.1,0.0,0.0,0.0,0.0,0.0,0.0,0.0,0.0,0,6
1698341664.378,74,0.1,0.0,184000.0,0.0,26.446976,24.0,10680000.0,0.0,0.0,120538,6
1698341664.478,74,6.0,14.363636,225680.0,0.0,26.452597,24.0,9510000.0,0.0,40.0,0,6
1698341664.578,74,6.0,0.0,0.0,0.0,27.968388,24.0,256240.0,0.0,40.0,140365,6
1698341664.6790001,74,6.0,14.2125,222545.44,0.0,26.42006,24.0,10253333.0,0.0,40.0,11994,6
1698341664.779,74,6.0,15.0,33979.38,0.0,26.85471,24.0,1321649.5,0.0,40.0,140365,6
1698341664.878,74,6.0,13.782609,214480.0,0.0,26.53162,24.0,10257600.0,0.0,40.0,11738,6
1698341664.978,74,6.0,0.0,23000.0,0.0,26.494642,24.0,734750.0,0.0,0.0,0,6
1698341665.078,74,6.0,14.621622,183655.9,0.0,26.678165,24.0,9099269.0,0.0,40.0,42172,6
1698341665.178,74,6.0,13.833333,82480.0,0.0,26.62842,24.0,3355440.0,0.0,40.0,0,6
1698341665.279,74,6.0,14.888889,186725.27,0.0,26.425722,24.0,9369758.0,0.0,40.0,42172,6
1698341665.378,74,6.0,14.263158,67865.164,0.0,26.450298,24.0,2497618.0,0.0,0.0,0,6
1698341665.478,74,6.0,14.311476,121280.0,0.0,26.480347,24.0,6410800.0,0.0,40.0,72259,6
1698341665.578,74,6.0,13.645162,114790.695,0.0,26.23933,24.0,4646790.5,0.0,40.0,0,6
1698341665.678,74,6.0,13.833333,142305.875,0.0,26.316076,24.0,7542117.5,0.0,40.0,72259,6
1698341665.778,74,6.0,14.3,132000.0,0.0,26.184032,24.0,5406960.0,0.0,40.0,0,6
1698341665.878,74,6.0,14.447369,98871.79,0.0,26.334557,24.0,5588820.5,0.0,40.0,101852,6
1698341665.978,74,6.0,14.522727,162153.84,0.0,26.20687,24.0,6658153.5,0.0,40.0,0,6
1698341666.079,74,6.0,14.500002,76356.43,0.0,26.465475,24.0,4421861.0,0.0,40.0,102108,6
1698341666.178,74,6.0,14.0,156216.22,0.0,26.294506,24.0,6497838.0,0.0,40.0,0,6
1698341666.278,74,6.0,14.363636,37808.215,0.0,26.505371,24.0,3161314.75,0.0,40.0,120538,6
1698341666.378,74,6.0,14.023255,223128.7,0.0,26.330511,24.0,9415841.0,0.0,40.0,0,6
1698341666.478,74,6.0,14.631579,41818.184,0.0,26.58904,24.0,3496606.0,0.0,40.0,120538,6
1698341666.578,74,6.0,14.236363,216727.28,0.0,26.129793,24.0,9163273.0,0.0,40.0,0,6
1698341666.6790001,74,6.0,0.0,0.0,0.0,26.633366,24.0,359445.53,0.0,40.0,140365,6
1698341666.778,74,6.0,14.288136,230967.73,0.0,26.262882,24.0,10271225.0,0.0,40.0,11738,6
1698341666.878,74,6.0,0.0,0.0,0.0,27.35588,24.0,420065.53,0.0,40.0,140365,6
1698341666.979,74,6.0,14.207549,218138.61,0.0,26.188818,24.0,10261782.0,0.0,40.0,11994,6
1698341667.078,74,6.0,0.0,0.0,0.0,0.0,0.0,0.0,0.0,0.0,0,6
1698341667.178,74,6.0,14.740741,237379.3,0.0,26.424097,24.0,10243034.0,0.0,40.0,42172,6
1698341667.278,74,6.0,13.88,82480.0,0.0,26.2471,24.0,3355440.0,0.0,40.0,0,6
1698341667.378,74,6.0,14.708333,234814.81,0.0,26.613993,24.0,10288889.0,0.0,40.0,42172,6
1698341667.478,74,6.0,0.0,0.0,0.0,0.0,0.0,0.0,0.0,0.0,0,6
1698341667.579,74,6.0,14.270833,122505.04,0.0,26.809916,24.0,6475555.0,0.0,40.0,72259,6
1698341667.678,74,6.0,0.0,22080.0,0.0,27.132547,24.0,556320.0,0.0,0.0,0,6
1698341667.778,74,6.0,14.348837,231520.0,0.0,26.381884,24.0,10044000.0,0.0,40.0,72259,6
1698341667.878,74,6.0,14.3,132000.0,0.0,26.333956,24.0,5406960.0,0.0,40.0,0,6
1698341667.978,74,6.0,14.475001,167652.16,0.0,26.467382,24.0,9383999.0,0.0,40.0,101852,6
1698341668.078,74,6.0,13.727273,97777.77,0.0,26.135555,24.0,3846933.25,0.0,0.0,0,6
1698341668.1790001,74,6.0,14.487804,77898.984,0.0,26.478626,24.0,4403313.0,0.0,40.0,101852,6
1698341668.278,74,6.0,12.9,93853.66,0.0,26.256407,24.0,3440780.5,0.0,0.0,0,6
1698341668.379,74,6.0,14.125,80780.484,0.0,26.392311,24.0,5889170.5,0.0,40.0,120538,6
1698341668.478,74,6.0,14.487804,222383.83,0.0,26.198698,24.0,9498181.0,0.0,40.0,0,6
1698341668.578,74,6.0,13.95,72631.57,0.0,26.559856,24.0,6073052.0,0.0,40.0,120538,6
1698341668.678,74,6.0,14.44,225641.02,0.0,26.312395,24.0,8056000.0,0.0,40.0,0,6
1698341668.778,74,6.0,0.0,0.0,0.0,27.554173,24.0,258828.27,0.0,40.0,140365,6
1698341668.878,74,0.1,13.133333,225882.34,0.0,26.250816,24.0,10307294.0,0.0,40.0,11738,6
1698341668.978,74,6.0,0.0,0.0,0.0,27.600391,24.0,753647.0,0.0,40.0,140365,6
1698341669.078,74,6.0,14.083333,214480.0,0.0,26.453959,24.0,10257600.0,0.0,40.0,11738,6
1698341669.178,74,6.0,0.0,0.0,0.0,0.0,0.0,0.0,0.0,0.0,0,6
1698341669.278,74,0.1,14.3,246896.55,0.0,26.39409,24.0,10243034.0,0.0,0.0,42172,6
1698341669.378,74,6.0,13.703704,82480.0,0.0,26.289465,24.0,3355440.0,0.0,40.0,0,6
1698341669.479,74,0.1,14.300002,224296.3,0.0,26.542929,24.0,10367111.0,0.0,0.0,42428,6
1698341669.578,74,6.0,0.0,0.0,0.0,0.0,0.0,0.0,0.0,0.0,0,6
1698341669.678,74,6.0,13.852459,122181.81,0.0,26.699953,24.0,6475555.0,0.0,40.0,72259,6
1698341669.778,74,6.0,0.0,0.0,0.0,0.0,0.0,0.0,0.0,0.0,0,6
1698341669.878,74,0.1,14.0,225818.16,0.0,26.526186,24.0,10295999.0,0.0,40.0,72259,6
1698341669.978,74,6.0,14.533334,132000.0,0.0,26.539705,24.0,5406960.0,0.0,40.0,0,6
1698341670.079,74,0.1,15.0,244444.42,0.0,26.628525,24.0,10803999.0,0.0,40.0,102108,6
1698341670.178,74,0.1,0.0,0.0,0.0,0.0,0.0,0.0,0.0,0.0,0,6
1698341670.278,74,6.0,14.8,77120.0,0.0,26.59161,24.0,4359280.0,0.0,40.0,101852,6
1698341670.378,74,0.1,0.0,0.0,0.0,0.0,0.0,0.0,0.0,0.0,0,6
1698341670.478,74,0.1,15.0,254769.22,0.0,26.31753,24.0,10355077.0,0.0,40.0,101852,6
1698341670.578,74,6.0,14.391304,174415.83,0.0,26.089336,24.0,7384633.5,0.0,40.0,0,6
1698341670.678,74,0.1,12.666667,245333.31,0.0,26.428726,24.0,11397333.0,0.0,0.0,120538,6
1698341670.778,74,0.1,0.0,138000.0,0.0,0.0,0.0,806999.94,0.0,0.0,0,6
1698341670.879,74,6.0,14.086957,32792.08,0.0,26.717579,24.0,2390653.5,0.0,40.0,120794,6
1698341670.978,74,0.1,0.0,0.0,0.0,0.0,0.0,0.0,0.0,0.0,0,6
1698341671.078,74,0.1,0.0,0.0,0.0,26.313013,24.0,3560000.0,0.0,0.0,140365,6
1698341671.1790001,74,6.0,14.292135,218138.61,0.0,26.54981,24.0,10261782.0,0.0,40.0,11994,6
1698341671.278,74,0.1,0.0,0.0,0.0,26.41834,24.0,10679999.0,0.0,0.0,140365,6
1698341671.378,74,0.1,0.0,0.0,0.0,0.0,0.0,10679999.0,0.0,0.0,11738,6
1698341671.478,74,6.0,15.0,38099.008,0.0,26.40902,24.0,1291009.9,0.0,0.0,0,6
1698341671.578,74,6.0,14.202532,172363.625,0.0,26.518328,24.0,8547797.0,0.0,40.0,42172,6
1698341671.678,74,6.0,14.0,78367.34,0.0,26.435389,24.0,3140081.5,0.0,40.0,0,6
1698341671.779,74,6.0,14.317073,173959.17,0.0,26.54523,24.0,8744000.0,0.0,40.0,42172,6
1698341671.878,74,6.0,13.833333,83313.125,0.0,26.307995,24.0,3281454.25,0.0,40.0,0,6
1698341671.978,74,6.0,14.300001,134755.55,0.0,26.632706,24.0,7123111.0,0.0,40.0,72259,6
1698341672.078,74,6.0,14.151515,113652.164,0.0,26.551382,24.0,4762173.5,0.0,40.0,0,6
1698341672.178,74,6.0,14.3396225,123755.09,0.0,26.962666,24.0,6541632.5,0.0,40.0,72259,6
1698341672.278,74,6.0,14.066667,107494.25,0.0,26.814384,24.0,4470620.5,0.0,40.0,0,6
1698341672.378,74,6.0,13.764706,92722.89,0.0,26.834614,24.0,5252144.5,0.0,40.0,101852,6
1698341672.478,74,6.0,14.406779,176000.0,0.0,26.341629,24.0,7458480.0,0.0,40.0,0,6
1698341672.579,74,6.0,14.4,94048.78,0.0,26.487074,24.0,5446439.0,0.0,40.0,102108,6
1698341672.678,74,6.0,14.543478,167707.31,0.0,26.372543,24.0,6854341.5,0.0,40.0,0,6
1698341672.778,74,6.0,14.363636,27600.0,0.0,27.15773,24.0,2307760.0,0.0,40.0,120538,6
1698341672.878,74,6.0,13.983872,222987.33,0.0,26.61065,24.0,9170734.0,0.0,40.0,0,6
1698341672.978,74,6.0,13.6,35844.152,0.0,26.895308,24.0,2997090.75,0.0,40.0,120538,6
1698341673.078,74,6.0,14.391304,225680.0,0.0,26.647604,24.0,9510000.0,0.0,40.0,0,6
1698341673.1790001,74,6.0,0.0,0.0,0.0,26.97647,24.0,484053.3,0.0,40.0,140365,6
1698341673.278,74,6.0,14.391304,233972.58,0.0,26.475657,24.0,10421259.0,0.0,40.0,11738,6
1698341673.378,74,6.0,15.0,38099.008,0.0,26.656347,24.0,1544712.9,0.0,40.0,140365,6
1698341673.479,74,6.0,14.243243,232788.72,0.0,26.38111,24.0,10263549.0,0.0,40.0,11994,6
1698341673.578,74,6.0,0.0,0.0,0.0,0.0,0.0,0.0,0.0,0.0,0,6
1698341673.678,74,6.0,14.594203,170800.0,0.0,26.16494,24.0,8462320.0,0.0,40.0,42172,6
1698341673.778,74,6.0,0.0,0.0,0.0,0.0,0.0,0.0,0.0,0.0,0,6
1698341673.878,74,6.0,14.533334,239870.95,0.0,26.360203,24.0,10271225.0,0.0,40.0,42172,6
1698341673.978,74,6.0,13.703704,81663.37,0.0,26.320717,24.0,3322217.75,0.0,40.0,0,6
1698341674.078,74,6.0,14.34375,209103.44,0.0,26.477219,24.0,10243034.0,0.0,40.0,72259,6
1698341674.178,74,6.0,15.0,57824.56,0.0,26.896727,24.0,1799578.9,0.0,0.0,0,6
1698341674.279,74,6.0,14.444445,125544.55,0.0,26.58991,24.0,6453069.0,0.0,40.0,72515,6
1698341674.378,74,6.0,0.0,40145.453,0.0,26.80539,24.0,1282472.6,0.0,0.0,0,6
1698341674.478,74,6.0,14.475001,145509.42,0.0,26.561657,24.0,8225056.0,0.0,40.0,101852,6
1698341674.578,74,6.0,14.209679,174415.83,0.0,26.425028,24.0,7384633.5,0.0,40.0,0,6
1698341674.678,74,6.0,14.511628,154240.0,0.0,26.462912,24.0,8633280.0,0.0,40.0,101852,6
1698341674.778,74,6.0,13.6,118431.37,0.0,26.335052,24.0,4568000.0,0.0,0.0,0,6
1698341674.879,74,6.0,14.333333,33120.0,0.0,26.79828,24.0,2414560.0,0.0,40.0,120794,6
1698341674.978,74,6.0,13.645162,209142.84,0.0,26.486227,24.0,8497714.0,0.0,40.0,0,6
1698341675.078,74,6.0,0.0,67317.07,0.0,26.587034,24.0,5628683.0,0.0,40.0,120538,6
1698341675.178,74,6.0,14.060977,223128.7,0.0,26.489452,24.0,9415841.0,0.0,40.0,0,6
1698341675.278,74,6.0,0.0,0.0,0.0,27.628185,24.0,674315.75,0.0,40.0,140365,6
1698341675.378,74,6.0,14.078947,231578.94,0.0,26.598156,24.0,10235368.0,0.0,40.0,11738,6
1698341675.479,74,6.0,15.0,38099.008,0.0,26.732113,24.0,1650455.4,0.0,40.0,140365,6
1698341675.578,74,6.0,14.027778,226823.52,0.0,26.455343,24.0,10307294.0,0.0,40.0,11738,6
1698341675.678,74,0.1,0.0,0.0,0.0,0.0,0.0,0.0,0.0,0.0,0,6
1698341675.778,74,6.0,14.078949,172202.02,0.0,26.646244,24.0,8547797.0,0.0,40.0,42172,6
1698341675.878,74,0.1,0.0,0.0,0.0,0.0,0.0,0.0,0.0,0.0,0,6
1698341675.979,74,6.0,14.681818,238666.66,0.0,26.528337,24.0,10613600.0,0.0,0.0,42172,6
1698341676.078,74,6.0,14.096774,88000.0,0.0,26.689526,24.0,3248640.0,0.0,40.0,0,6
1698341676.178,74,6.0,14.708333,233538.45,0.0,26.490355,24.0,10355077.0,0.0,40.0,72259,6
1698341676.278,74,0.1,0.0,0.0,0.0,0.0,0.0,0.0,0.0,0.0,0,6
1698341676.378,74,6.0,14.754386,122505.04,0.0,26.673643,24.0,6475555.0,0.0,40.0,72259,6
1698341676.478,74,0.1,0.0,0.0,0.0,0.0,0.0,0.0,0.0,0.0,0,6
1698341676.579,74,6.0,15.0,250181.8,0.0,26.481623,24.0,10781454.0,0.0,40.0,101852,6
1698341676.678,74,6.0,14.222222,176160.0,0.0,26.492924,24.0,7351680.0,0.0,40.0,0,6
1698341676.778,74,6.0,15.0,244444.42,0.0,26.811626,24.0,10210666.0,0.0,40.0,101852,6
1698341676.878,74,0.1,0.0,0.0,0.0,0.0,0.0,0.0,0.0,0.0,0,6
1698341676.978,74,6.0,0.0,27878.785,0.0,26.620794,24.0,2331070.5,0.0,40.0,120538,6
1698341677.078,74,0.1,15.0,147200.0,0.0,26.993746,24.0,4702400.0,0.0,0.0,0,6
1698341677.1790001,74,0.1,14.363636,236571.42,0.0,26.59237,24.0,10378285.0,0.0,0.0,120794,6
1698341677.278,74,6.0,14.371795,222383.83,0.0,26.542654,24.0,9498181.0,0.0,40.0,0,6
1698341677.379,74,0.1,0.0,0.0,0.0,26.090075,24.0,4577142.5,0.0,0.0,140621,6
1698341677.478,74,0.1,12.0,181333.33,0.0,26.374002,24.0,10680000.0,0.0,0.0,11738,6
1698341677.578,74,6.0,15.0,38480.0,0.0,26.835558,24.0,1560160.0,0.0,40.0,140365,6
1698341677.6790001,74,0.1,11.5,368000.0,0.0,26.871574,24.0,10680000.0,0.0,0.0,11994,6
1698341677.778,74,0.1,0.0,0.0,0.0,0.0,0.0,10679999.0,0.0,0.0,140365,6
1698341677.878,74,6.0,14.0375,214480.0,0.0,26.650597,24.0,10257600.0,0.0,40.0,11738,6
1698341677.978,74,6.0,0.0,38099.008,0.0,26.631943,24.0,1291009.9,0.0,0.0,0,6
1698341678.078,74,6.0,14.641026,181702.125,0.0,26.77639,24.0,9002468.0,0.0,40.0,42172,6
1698341678.178,74,6.0,13.25,75199.99,0.0,26.432552,24.0,2901978.75,0.0,40.0,0,6
1698341678.279,74,6.0,14.583333,172525.23,0.0,26.644135,24.0,8655676.0,0.0,40.0,42172,6
1698341678.378,74,6.0,13.95,67111.11,0.0,26.706211,24.0,2588533.25,0.0,0.0,0,6
1698341678.479,74,6.0,13.85246,140533.33,0.0,26.62155,24.0,7241777.5,0.0,40.0,72515,6
1698341678.578,74,6.0,14.5,126480.0,0.0,26.621859,24.0,5300160.0,0.0,40.0,0,6
1698341678.678,74,6.0,14.5,141023.25,0.0,26.804827,24.0,7454418.5,0.0,40.0,72259,6
1698341678.778,74,6.0,13.906251,113839.07,0.0,26.38441,24.0,4593379.0,0.0,40.0,0,6
1698341678.879,74,6.0,14.631579,77120.0,0.0,26.790602,24.0,4466080.0,0.0,40.0,101852,6
1698341678.978,74,6.0,14.176471,165686.73,0.0,26.544806,24.0,6771758.5,0.0,40.0,0,6
1698341679.079,74,6.0,14.815789,92915.66,0.0,26.76206,24.0,5380819.0,0.0,40.0,102108,6
1698341679.178,74,6.0,14.363636,177939.375,0.0,26.461689,24.0,7425939.0,0.0,40.0,0,6
1698341679.278,74,6.0,14.045455,35384.613,0.0,27.04445,24.0,2958666.5,0.0,40.0,120538,6
1698341679.378,74,6.0,14.257576,222987.33,0.0,26.530228,24.0,9170734.0,0.0,40.0,0,6
1698341679.478,74,6.0,14.086957,27878.785,0.0,26.7306,24.0,2331070.5,0.0,40.0,120538,6
1698341679.578,74,6.0,14.0,220159.98,0.0,26.46237,24.0,9146560.0,0.0,40.0,0,6
1698341679.6790001,74,6.0,0.0,0.0,0.0,27.656033,24.0,490594.6,0.0,40.0,140365,6
1698341679.778,74,6.0,14.602273,216969.69,0.0,26.58528,24.0,10253333.0,0.0,40.0,11738,6
1698341679.878,74,6.0,0.0,0.0,0.0,28.343605,24.0,366057.16,0.0,40.0,140365,6
1698341679.979,74,6.0,14.492754,232788.72,0.0,26.573954,24.0,10263549.0,0.0,40.0,11738,6
1698341680.078,74,6.0,15.0,33292.926,0.0,26.823475,24.0,1209212.0,0.0,0.0,0,6
1698341680.18,74,6.0,14.5172415,226823.52,0.0,26.592028,24.0,10307294.0,0.0,40.0,42428,6
1698341680.278,74,6.0,0.0,0.0,0.0,0.0,0.0,0.0,0.0,0.0,0,6
1698341680.378,74,6.0,14.263158,172363.625,0.0,26.581898,24.0,8547797.0,0.0,40.0,42172,6
1698341680.478,74,6.0,0.0,0.0,0.0,0.0,0.0,0.0,0.0,0.0,0,6
1698341680.579,74,6.0,14.222222,204516.125,0.0,26.735884,24.0,10271225.0,0.0,40.0,72259,6
1698341680.678,74,6.0,14.204545,126480.0,0.0,26.655142,24.0,5300160.0,0.0,40.0,0,6
1698341680.779,74,6.0,14.5172415,218620.69,0.0,26.80742,24.0,10315862.0,0.0,40.0,72515,6
1698341680.878,74,6.0,15.0,49000.0,0.0,26.729538,24.0,1641000.0,0.0,0.0,0,6
1698341680.978,74,6.0,14.6,77120.0,0.0,26.639112,24.0,4359280.0,0.0,40.0,101852,6
1698341681.078,74,6.0,13.782609,129890.9,0.0,26.382383,24.0,5012509.0,0.0,40.0,0,6
1698341681.178,74,6.0,13.638889,145207.53,0.0,26.894176,24.0,8225056.0,0.0,40.0,101852,6
1698341681.278,74,6.0,14.396552,176000.0,0.0,26.693317,24.0,7458480.0,0.0,40.0,0,6
1698341681.379,74,6.0,14.176471,64941.17,0.0,26.54252,24.0,4734431.0,0.0,40.0,120794,6
1698341681.478,74,6.0,14.045456,213387.75,0.0,26.864044,24.0,8723265.0,0.0,40.0,0,6
1698341681.578,74,6.0,14.391304,27600.0,0.0,26.591024,24.0,2307760.0,0.0,40.0,120538,6
1698341681.678,74,6.0,14.222222,204651.16,0.0,26.53363,24.0,8300092.5,0.0,40.0,0,6
1698341681.778,74,6.0,0.0,0.0,0.0,28.337666,24.0,624975.56,0.0,40.0,140365,6
1698341681.879,74,6.0,14.106384,217821.78,0.0,26.402727,24.0,10261782.0,0.0,40.0,11994,6
1698341681.979,74,6.0,0.0,0.0,0.0,27.175869,24.0,930871.75,0.0,40.0,140365,6
1698341682.078,74,0.1,14.151515,237837.83,0.0,25.923239,24.0,10337513.0,0.0,40.0,11738,6
1698341682.178,74,6.0,0.0,38099.008,0.0,25.924662,24.0,1291009.9,0.0,0.0,0,6
1698341682.279,74,0.1,14.5,230967.73,0.0,25.984203,24.0,10271225.0,0.0,0.0,42172,6
1698341682.378,74,6.0,0.0,0.0,0.0,0.0,0.0,0.0,0.0,0.0,0,6
1698341682.479,74,6.0,14.794118,169108.9,0.0,26.453001,24.0,8484277.0,0.0,40.0,42172,6
1698341682.578,74,6.0,0.0,0.0,0.0,0.0,0.0,0.0,0.0,0.0,0,6
1698341682.678,74,0.1,14.275862,220800.0,0.0,26.123335,24.0,10342080.0,0.0,40.0,72259,6
1698341682.778,74,6.0,14.086957,130693.06,0.0,26.489086,24.0,5353425.5,0.0,40.0,0,6
1698341682.878,74,0.1,14.5625,245333.31,0.0,26.536755,24.0,10210666.0,0.0,0.0,72259,6
1698341682.978,74,0.1,0.0,0.0,0.0,0.0,0.0,0.0,0.0,0.0,0,6
1698341683.08,74,6.0,14.548388,76356.43,0.0,26.670963,24.0,4527604.0,0.0,40.0,102108,6
1698341683.178,74,0.1,0.0,0.0,0.0,0.0,0.0,0.0,0.0,0.0,0,6
1698341683.278,74,0.1,15.0,254769.22,0.0,26.676657,24.0,10355077.0,0.0,40.0,101852,6
1698341683.378,74,6.0,14.155172,174415.83,0.0,26.604328,24.0,7384633.5,0.0,40.0,0,6
1698341683.478,74,0.1,14.222222,220799.98,0.0,26.34889,24.0,10257599.0,0.0,0.0,120538,6
1698341683.578,74,0.1,0.0,110399.99,0.0,26.339813,24.0,1713599.9,0.0,0.0,0,6
1698341683.6790001,74,6.0,14.3,33120.0,0.0,26.614676,24.0,2414560.0,0.0,40.0,120538,6
1698341683.778,74,0.1,0.0,0.0,0.0,0.0,0.0,0.0,0.0,0.0,0,6
1698341683.879,74,0.1,0.0,0.0,0.0,25.944418,24.0,4577142.5,0.0,0.0,140621,6
1698341683.979,74,6.0,14.410526,220320.0,0.0,26.414564,24.0,10257600.0,0.0,40.0,11994,6
1698341684.078,74,6.0,15.0,33292.926,0.0,26.867628,24.0,1468040.25,0.0,40.0,140365,6
1698341684.1790001,74,6.0,14.356322,224816.31,0.0,26.60792,24.0,10292081.0,0.0,40.0,11994,6
1698341684.278,74,6.0,15.0,33979.38,0.0,26.929167,24.0,1057484.5,0.0,0.0,0,6
1698341684.378,74,6.0,14.138462,170640.0,0.0,26.619787,24.0,8462320.0,0.0,40.0,42172,6
1698341684.478,74,6.0,13.25,75199.99,0.0,26.370762,24.0,2901978.75,0.0,40.0,0,6
1698341684.578,74,6.0,14.222222,183311.83,0.0,26.692532,24.0,9099269.0,0.0,40.0,42172,6
1698341684.678,74,6.0,13.653846,81663.37,0.0,26.566639,24.0,3322217.75,0.0,40.0,0,6
1698341684.779,74,6.0,14.5,139340.66,0.0,26.549934,24.0,7162197.5,0.0,40.0,72515,6
1698341684.878,74,6.0,14.146341,116177.77,0.0,26.592215,24.0,4868000.0,0.0,40.0,0,6
1698341684.979,74,6.0,14.525424,125544.55,0.0,26.709332,24.0,6453069.0,0.0,40.0,72515,6
1698341685.078,74,6.0,14.222222,113839.07,0.0,26.583447,24.0,4593379.0,0.0,40.0,0,6
1698341685.178,74,6.0,14.714286,142682.34,0.0,27.014263,24.0,7542117.5,0.0,40.0,72259,6
1698341685.278,74,6.0,14.461538,130693.06,0.0,26.73872,24.0,5353425.5,0.0,40.0,0,6
1698341685.379,74,6.0,14.475001,92915.66,0.0,26.997982,24.0,5380819.0,0.0,40.0,101852,6
1698341685.478,74,6.0,13.6875,162962.97,0.0,26.739973,24.0,6807111.0,0.0,40.0,0,6
1698341685.579,74,6.0,14.045455,32792.08,0.0,26.77942,24.0,2390653.5,0.0,40.0,120794,6
1698341685.678,74,6.0,14.453125,222987.33,0.0,26.702866,24.0,9170734.0,0.0,40.0,0,6
1698341685.778,74,6.0,14.0,35844.152,0.0,27.108961,24.0,2997090.75,0.0,40.0,120538,6
1698341685.878,74,6.0,14.567902,223445.53,0.0,26.772602,24.0,9415841.0,0.0,40.0,0,6
1698341685.978,74,6.0,14.0,37297.297,0.0,26.98071,24.0,3118594.5,0.0,40.0,120538,6
1698341686.078,74,6.0,13.981818,218630.125,0.0,26.563414,24.0,9250849.0,0.0,40.0,0,6
1698341686.1790001,74,6.0,0.0,0.0,0.0,28.107145,24.0,359445.53,0.0,40.0,140621,6
1698341686.278,74,6.0,14.391304,228228.58,0.0,26.616385,24.0,10257600.0,0.0,40.0,11738,6
1698341686.379,74,6.0,0.0,0.0,0.0,27.124496,24.0,533882.3,0.0,40.0,140365,6
1698341686.479,74,6.0,13.903616,217821.78,0.0,26.79304,24.0,10156039.0,0.0,40.0,11994,6
1698341686.578,74,6.0,0.0,0.0,0.0,0.0,0.0,0.0,0.0,0.0,0,6
1698341686.6790001,74,6.0,14.311477,230208.95,0.0,26.733175,24.0,10301731.0,0.0,40.0,42172,6
1698341686.778,74,6.0,13.551724,82480.0,0.0,26.751495,24.0,3248640.0,0.0,40.0,0,6
1698341686.878,74,6.0,14.666667,239870.95,0.0,26.624271,24.0,10271225.0,0.0,40.0,42172,6
1698341686.978,74,6.0,0.0,0.0,0.0,0.0,0.0,0.0,0.0,0.0,0,6
1698341687.079,74,6.0,14.363638,126800.0,0.0,26.811684,24.0,6517600.0,0.0,40.0,72259,6
1698341687.178,74,6.0,15.0,56827.586,0.0,26.756231,24.0,1879862.0,0.0,0.0,0,6
1698341687.279,74,6.0,13.679245,218068.95,0.0,26.7394,24.0,10315862.0,0.0,40.0,72515,6
1698341687.378,74,6.0,14.186047,126480.0,0.0,26.68329,24.0,5300160.0,0.0,40.0,0,6
1698341687.478,74,6.0,14.575758,142814.81,0.0,27.017859,24.0,8072740.5,0.0,40.0,101852,6
1698341687.578,74,6.0,13.703705,129890.9,0.0,26.678198,24.0,5012509.0,0.0,40.0,0,6
1698341687.678,74,6.0,14.820513,77898.984,0.0,26.670816,24.0,4403313.0,0.0,40.0,101852,6
1698341687.778,74,6.0,14.3,118431.37,0.0,26.516472,24.0,4568000.0,0.0,0.0,0,6
1698341687.88,74,6.0,14.125,66240.0,0.0,26.937483,24.0,4829120.0,0.0,40.0,120794,6
1698341687.978,74,6.0,14.045456,222060.6,0.0,26.70268,24.0,9498181.0,0.0,40.0,0,6
1698341688.079,74,6.0,13.833333,70468.08,0.0,26.941021,24.0,5137361.5,0.0,40.0,120794,6
1698341688.178,74,6.0,14.32258,198978.72,0.0,26.582747,24.0,8275404.0,0.0,40.0,0,6
1698341688.278,74,6.0,0.0,0.0,0.0,28.13121,24.0,258828.27,0.0,40.0,140365,6
1698341688.379,74,6.0,14.243243,233799.98,0.0,26.770607,24.0,9990599.0,0.0,40.0,11994,6
1698341688.479,74,0.1,0.0,0.0,0.0,27.968632,24.0,955368.4,0.0,40.0,140365,6
1698341688.578,74,6.0,14.478724,216969.69,0.0,26.778584,24.0,10253333.0,0.0,40.0,11738,6
1698341688.678,74,0.1,0.0,0.0,0.0,0.0,0.0,0.0,0.0,0.0,0,6
1698341688.779,74,6.0,14.588235,226823.52,0.0,26.554094,24.0,10307294.0,0.0,0.0,42172,6
1698341688.878,74,6.0,14.0,83313.125,0.0,26.474752,24.0,3281454.25,0.0,40.0,0,6
1698341688.979,74,6.0,14.740741,230967.73,0.0,26.543213,24.0,10271225.0,0.0,0.0,42428,6
1698341689.078,74,0.1,0.0,0.0,0.0,0.0,0.0,0.0,0.0,0.0,0,6
1698341689.178,74,6.0,14.32258,122505.04,0.0,26.762793,24.0,6475555.0,0.0,40.0,72259,6
1698341689.278,74,0.1,0.0,0.0,0.0,0.0,0.0,0.0,0.0,0.0,0,6
1698341689.379,74,6.0,14.045455,225818.16,0.0,26.680061,24.0,9810545.0,0.0,40.0,72259,6
1698341689.478,74,6.0,14.125,130693.06,0.0,26.679523,24.0,5353425.5,0.0,40.0,0,6
1698341689.579,74,6.0,15.0,244444.42,0.0,26.89872,24.0,10803999.0,0.0,40.0,102108,6
1698341689.678,74,0.1,0.0,0.0,0.0,0.0,0.0,0.0,0.0,0.0,0,6
1698341689.779,74,6.0,14.475001,76356.43,0.0,26.9521,24.0,4421861.0,0.0,40.0,102108,6
1698341689.878,74,0.1,0.0,0.0,0.0,0.0,0.0,0.0,0.0,0.0,0,6
1698341689.978,74,0.1,13.25,212307.69,0.0,26.992958,24.0,10355077.0,0.0,0.0,120282,6
1698341690.078,74,6.0,14.348837,223445.53,0.0,26.70857,24.0,9415841.0,0.0,40.0,0,6
1698341690.1790001,74,0.1,0.0,250909.08,0.0,26.653463,24.0,10295999.0,0.0,0.0,120794,6
1698341690.278,74,0.1,0.0,122666.66,0.0,27.658165,24.0,1903999.9,0.0,0.0,0,6
1698341690.379,74,6.0,0.0,0.0,0.0,27.274353,24.0,359445.53,0.0,40.0,140621,6
1698341690.478,74,0.1,0.0,273333.34,0.0,26.414398,24.0,10680000.0,0.0,0.0,11994,6
1698341690.578,74,0.1,0.0,0.0,0.0,26.321665,24.0,4271999.5,0.0,0.0,140365,6
1698341690.6790001,74,6.0,14.05618,217821.78,0.0,26.78811,24.0,10261782.0,0.0,40.0,11994,6
1698341690.778,74,0.1,0.0,0.0,0.0,0.0,0.0,0.0,0.0,0.0,0,6
1698341690.878,74,0.1,0.0,552000.0,0.0,27.084648,24.0,10679999.0,0.0,0.0,42172,6
1698341690.978,74,6.0,13.88,81663.37,0.0,26.634083,24.0,3322217.75,0.0,40.0,0,6
1698341691.078,74,6.0,14.527027,172525.23,0.0,26.649885,24.0,8547797.0,0.0,40.0,42172,6
1698341691.178,74,6.0,14.16,83313.125,0.0,26.604029,24.0,3173575.5,0.0,40.0,0,6
1698341691.279,74,6.0,13.894737,127757.57,0.0,26.826601,24.0,6583434.0,0.0,40.0,72515,6
1698341691.378,74,6.0,14.285714,126480.0,0.0,26.686565,24.0,5300160.0,0.0,40.0,0,6
1698341691.479,74,6.0,14.508772,133473.67,0.0,26.844936,24.0,6860631.0,0.0,40.0,72515,6
1698341691.578,74,6.0,14.391304,121684.2,0.0,26.692217,24.0,5061473.5,0.0,40.0,0,6
1698341691.678,74,6.0,14.432432,77898.984,0.0,26.729445,24.0,4403313.0,0.0,40.0,101852,6
1698341691.778,74,6.0,13.981818,169318.67,0.0,26.636929,24.0,7068922.5,0.0,40.0,0,6
1698341691.88,74,6.0,14.475001,85688.88,0.0,26.79818,24.0,4962311.0,0.0,40.0,101852,6
1698341691.978,74,6.0,14.279411,177939.375,0.0,26.642864,24.0,7425939.0,0.0,40.0,0,6
1698341692.08,74,6.0,14.263158,38068.965,0.0,26.74243,24.0,2775356.25,0.0,40.0,120794,6
1698341692.178,74,6.0,14.582089,221701.14,0.0,26.526411,24.0,9309517.0,0.0,40.0,0,6
1698341692.28,74,6.0,14.611111,33120.0,0.0,26.76556,24.0,2414560.0,0.0,40.0,120794,6
1698341692.378,74,6.0,14.575758,218891.56,0.0,26.642696,24.0,9243469.0,0.0,40.0,0,6
1698341692.479,74,6.0,14.045455,40390.242,0.0,26.80186,24.0,2944585.25,0.0,40.0,120794,6
1698341692.578,74,6.0,14.049384,219840.0,0.0,26.769426,24.0,9403200.0,0.0,40.0,0,6
1698341692.6790001,74,6.0,0.0,0.0,0.0,28.284376,24.0,459544.28,0.0,40.0,140621,6
1698341692.778,74,6.0,14.308642,235948.03,0.0,26.675282,24.0,10295999.0,0.0,40.0,11738,6
1698341692.88,74,6.0,15.0,38099.008,0.0,26.921457,24.0,1650455.4,0.0,40.0,140621,6
1698341692.98,74,6.0,14.32258,235093.33,0.0,26.794895,24.0,10285760.0,0.0,40.0,11994,6
1698341693.078,74,6.0,0.0,0.0,0.0,0.0,0.0,0.0,0.0,0.0,0,6
1698341693.1790001,74,6.0,14.379746,168950.48,0.0,26.914438,24.0,8484277.0,0.0,40.0,42428,6
1698341693.278,74,6.0,0.0,15549.295,0.0,27.614586,24.0,391774.625,0.0,0.0,0,6
1698341693.378,74,6.0,13.849316,239072.44,0.0,26.735714,24.0,10251477.0,0.0,40.0,42172,6
1698341693.478,74,6.0,13.551724,81663.37,0.0,26.668255,24.0,3322217.75,0.0,40.0,0,6
1698341693.579,74,6.0,14.611111,189253.73,0.0,26.819174,24.0,9664119.0,0.0,40.0,72515,6
1698341693.678,74,6.0,13.923077,75938.45,0.0,26.754398,24.0,2827569.0,0.0,0.0,0,6
1698341693.78,74,6.0,14.326923,125544.55,0.0,26.80804,24.0,6453069.0,0.0,40.0,72515,6
1698341693.878,74,6.0,13.444445,69841.266,0.0,26.661245,24.0,2408761.75,0.0,0.0,0,6
1698341693.98,74,6.0,13.894737,126163.92,0.0,26.926275,24.0,7321442.0,0.0,40.0,102108,6
1698341694.078,74,6.0,14.373135,174257.42,0.0,26.826141,24.0,7278891.0,0.0,40.0,0,6
1698341694.18,74,6.0,14.432432,130711.85,0.0,27.019041,24.0,7569626.5,0.0,40.0,101852,6
1698341694.278,74,6.0,14.0,132689.66,0.0,26.538849,24.0,5305655.0,0.0,40.0,0,6
1698341694.379,74,6.0,14.066667,33120.0,0.0,27.169481,24.0,2414560.0,0.0,40.0,120538,6
1698341694.478,74,6.0,13.6875,209120.0,0.0,26.874048,24.0,8762400.0,0.0,40.0,0,6
1698341694.579,74,6.0,14.086957,66240.0,0.0,26.917223,24.0,4829120.0,0.0,40.0,120794,6
1698341694.678,74,6.0,14.436782,220160.0,0.0,26.785824,24.0,9403200.0,0.0,40.0,0,6
1698341694.778,74,6.0,0.0,0.0,0.0,28.063343,24.0,610095.2,0.0,40.0,140365,6
1698341694.88,74,6.0,14.151515,230325.58,0.0,26.747564,24.0,10287069.0,0.0,40.0,11994,6
1698341694.979,74,6.0,0.0,33292.926,0.0,27.40216,24.0,1468040.25,0.0,40.0,140621,6
1698341695.078,74,6.0,14.432432,231578.94,0.0,26.820837,24.0,10235368.0,0.0,40.0,11738,6
1698341695.178,74,6.0,0.0,0.0,0.0,0.0,0.0,0.0,0.0,0.0,0,6
1698341695.279,74,6.0,14.626667,170800.0,0.0,26.825207,24.0,8569120.0,0.0,40.0,42172,6
1698341695.378,74,6.0,0.0,0.0,0.0,0.0,0.0,0.0,0.0,0.0,0,6
1698341695.479,74,0.1,14.461538,226823.52,0.0,26.696306,24.0,10307294.0,0.0,0.0,42428,6
1698341695.578,74,6.0,13.703704,82480.0,0.0,26.620144,24.0,3248640.0,0.0,40.0,0,6
1698341695.6790001,74,0.1,14.75862,231483.86,0.0,26.651072,24.0,10271225.0,0.0,40.0,72515,6
1698341695.778,74,6.0,0.0,0.0,0.0,0.0,0.0,0.0,0.0,0.0,0,6
1698341695.879,74,6.0,14.288136,126800.0,0.0,26.909218,24.0,6517600.0,0.0,40.0,72259,6
1698341695.978,74,6.0,0.0,0.0,0.0,0.0,0.0,0.0,0.0,0.0,0,6
1698341696.079,74,0.1,14.72,224296.3,0.0,26.71388,24.0,10367111.0,0.0,40.0,102108,6
1698341696.178,74,6.0,14.333333,177939.375,0.0,26.589739,24.0,7425939.0,0.0,40.0,0,6
1698341696.279,74,0.1,14.3,239304.33,0.0,26.825895,24.0,10312695.0,0.0,40.0,102108,6
1698341696.378,74,6.0,0.0,0.0,0.0,0.0,0.0,0.0,0.0,0.0,0,6
1698341696.478,74,6.0,13.95,27878.785,0.0,27.113058,24.0,2331070.5,0.0,40.0,120538,6
1698341696.578,74,6.0,15.0,173473.67,0.0,27.15452,24.0,5738526.0,0.0,0.0,0,6
1698341696.6790001,74,0.1,14.125,183999.98,0.0,26.708485,24.0,10445333.0,0.0,0.0,120794,6
1698341696.778,74,6.0,13.9775305,219840.0,0.0,26.65269,24.0,9403200.0,0.0,40.0,0,6
1698341696.88,74,0.1,0.0,0.0,0.0,26.71608,24.0,2936499.75,0.0,40.0,140877,6
1698341696.979,74,0.1,12.5,256533.33,0.0,26.29013,24.0,10398400.0,0.0,40.0,11738,6
1698341697.079,74,6.0,15.0,33292.926,0.0,26.933664,24.0,1575919.1,0.0,40.0,140621,6
1698341697.1790001,74,0.1,0.0,249454.53,0.0,26.631643,24.0,10295999.0,0.0,0.0,11994,6
1698341697.278,74,0.1,0.0,0.0,0.0,0.0,0.0,0.0,0.0,0.0,0,6
1698341697.379,74,6.0,14.0666685,172202.02,0.0,26.699099,24.0,8655676.0,0.0,40.0,42428,6
1698341697.478,74,0.1,0.0,0.0,0.0,0.0,0.0,0.0,0.0,0.0,0,6
1698341697.578,74,0.1,0.0,276000.0,0.0,27.652428,24.0,12460000.0,0.0,0.0,42428,6
1698341697.678,74,6.0,14.16,81663.37,0.0,27.108253,24.0,3216475.25,0.0,40.0,0,6
1698341697.778,74,0.1,11.5,368000.0,0.0,26.550024,24.0,10680000.0,0.0,0.0,72515,6
1698341697.878,74,0.1,0.0,0.0,0.0,0.0,0.0,0.0,0.0,0.0,0,6
1698341697.979,74,6.0,14.444445,125544.55,0.0,26.838278,24.0,6453069.0,0.0,40.0,72515,6
1698341698.078,74,6.0,14.023255,126480.0,0.0,26.38,24.0,5300160.0,0.0,40.0,0,6
1698341698.178,74,6.0,14.432432,82042.55,0.0,26.52392,24.0,4637531.5,0.0,40.0,101852,6
1698341698.278,74,6.0,14.481482,173810.52,0.0,26.297623,24.0,7220968.0,0.0,40.0,0,6
1698341698.379,74,6.0,14.487806,77120.0,0.0,26.674183,24.0,4466080.0,0.0,40.0,102108,6
1698341698.478,74,6.0,14.176471,169318.67,0.0,26.411291,24.0,7068922.5,0.0,40.0,0,6
1698341698.579,74,6.0,14.086957,36800.0,0.0,26.90148,24.0,2682844.25,0.0,40.0,120538,6
1698341698.678,74,6.0,14.493976,220160.0,0.0,26.694477,24.0,9403200.0,0.0,40.0,0,6
1698341698.779,74,6.0,14.631579,38068.965,0.0,27.046959,24.0,2775356.25,0.0,40.0,120794,6
1698341698.878,74,6.0,14.353847,217674.4,0.0,26.9188,24.0,9293581.0,0.0,40.0,0,6
1698341698.979,74,6.0,0.0,0.0,0.0,28.135977,24.0,363040.0,0.0,40.0,140365,6
1698341699.079,74,6.0,14.125,235999.98,0.0,26.889704,24.0,10150571.0,0.0,40.0,11994,6
1698341699.1790001,74,6.0,0.0,0.0,0.0,27.310852,24.0,448197.53,0.0,40.0,140621,6
1698341699.279,74,6.0,13.938775,216712.86,0.0,26.92742,24.0,10156039.0,0.0,40.0,11738,6
1698341699.378,74,6.0,0.0,0.0,0.0,0.0,0.0,0.0,0.0,0.0,0,6
1698341699.479,74,6.0,14.72,216202.52,0.0,26.804077,24.0,10252253.0,0.0,40.0,42428,6
1698341699.578,74,6.0,13.833333,82480.0,0.0,26.430162,24.0,3248640.0,0.0,40.0,0,6
1698341699.6790001,74,6.0,14.787879,227733.33,0.0,26.855646,24.0,10285760.0,0.0,40.0,42428,6
1698341699.778,74,6.0,0.0,29837.838,0.0,26.961996,24.0,808864.9,0.0,0.0,0,6
1698341699.879,74,6.0,14.396552,126800.0,0.0,26.93683,24.0,6517600.0,0.0,40.0,72515,6
1698341699.978,74,6.0,13.6,85070.42,0.0,26.988104,24.0,3281239.25,0.0,40.0,0,6
1698341700.08,74,6.0,13.472727,178140.84,0.0,26.524687,24.0,9270084.0,0.0,40.0,72515,6
1698341700.178,74,6.0,14.125,127757.57,0.0,26.233335,24.0,5245818.0,0.0,40.0,0,6
1698341700.279,74,6.0,14.611111,189253.73,0.0,25.615314,24.0,9664119.0,0.0,40.0,72515,6
1698341700.378,74,6.0,13.833333,74787.88,0.0,25.553886,24.0,2784727.25,0.0,0.0,0,6
1698341700.479,74,6.0,14.511628,77120.0,0.0,25.988861,24.0,4466080.0,0.0,40.0,102108,6
1698341700.578,74,6.0,13.32,139796.6,0.0,26.164032,24.0,5325152.0,0.0,40.0,0,6
1698341700.6790001,74,6.0,14.631579,132965.52,0.0,26.79493,24.0,7700137.5,0.0,40.0,101852,6
1698341700.778,74,6.0,14.07353,176160.0,0.0,26.627155,24.0,7351680.0,0.0,40.0,0,6
1698341700.879,74,6.0,14.0,60218.18,0.0,26.815704,24.0,4390109.0,0.0,40.0,120794,6
1698341700.978,74,6.0,14.222222,214074.06,0.0,26.77995,24.0,8706666.0,0.0,40.0,0,6
1698341701.079,74,6.0,13.894737,33120.0,0.0,26.647856,24.0,2414560.0,0.0,40.0,120794,6
1698341701.178,74,6.0,14.382353,205019.6,0.0,26.298035,24.0,8590588.0,0.0,40.0,0,6
1698341701.278,74,6.0,0.0,0.0,0.0,27.80865,24.0,522938.75,0.0,40.0,140365,6
1698341701.379,74,6.0,14.428572,218138.61,0.0,26.13605,24.0,10261782.0,0.0,40.0,11994,6
1698341701.479,74,6.0,0.0,0.0,0.0,26.706234,24.0,844279.06,0.0,40.0,140621,6
1698341701.58,74,6.0,14.102564,235809.5,0.0,25.909449,24.0,10531999.0,0.0,40.0,12250,6
1698341701.678,74,6.0,15.0,32960.0,0.0,26.334475,24.0,1090320.0,0.0,0.0,0,6
1698341701.779,74,6.0,14.4,236114.28,0.0,26.125647,24.0,10317943.0,0.0,0.0,42428,6
1698341701.878,74,0.1,0.0,0.0,0.0,0.0,0.0,0.0,0.0,0.0,0,6
1698341701.979,74,6.0,14.325301,170640.0,0.0,26.277729,24.0,8569120.0,0.0,40.0,42172,6
1698341702.078,74,0.1,0.0,0.0,0.0,0.0,0.0,0.0,0.0,0.0,0,6
1698341702.1790001,74,6.0,14.75,245333.33,0.0,26.058178,24.0,10367111.0,0.0,40.0,72515,6
1698341702.278,74,6.0,14.263158,126480.0,0.0,26.156322,24.0,5300160.0,0.0,40.0,0,6
1698341702.379,74,6.0,14.461538,245333.33,0.0,26.01308,24.0,10367111.0,0.0,40.0,72259,6
1698341702.478,74,0.1,0.0,0.0,0.0,0.0,0.0,0.0,0.0,0.0,0,6
1698341702.579,74,6.0,14.447369,77120.0,0.0,26.526888,24.0,4466080.0,0.0,40.0,102108,6
1698341702.678,74,0.1,0.0,0.0,0.0,0.0,0.0,0.0,0.0,0.0,0,6
1698341702.779,74,6.0,12.941176,238608.67,0.0,26.380648,24.0,10312695.0,0.0,40.0,101852,6
1698341702.878,74,6.0,14.34375,176000.0,0.0,26.268223,24.0,7351680.0,0.0,40.0,0,6
1698341702.978,74,6.0,13.764706,153333.33,0.0,26.334127,24.0,10210666.0,0.0,0.0,120538,6
1698341703.078,74,0.1,15.0,183111.1,0.0,26.31261,24.0,5698666.5,0.0,0.0,0,6
1698341703.1790001,74,6.0,13.95,33120.0,0.0,26.201096,24.0,2414560.0,0.0,40.0,120794,6
1698341703.278,74,0.1,0.0,147200.0,0.0,26.328083,24.0,4702400.0,0.0,0.0,0,6
1698341703.379,74,0.1,0.0,0.0,0.0,26.280554,24.0,2593142.75,0.0,40.0,140621,6
1698341703.479,74,6.0,14.134831,220000.0,0.0,25.84261,24.0,10257600.0,0.0,40.0,11994,6
1698341703.579,74,0.1,0.0,0.0,0.0,24.808424,24.0,5339999.5,0.0,0.0,140877,6
1698341703.678,74,0.1,0.0,273333.34,0.0,25.699833,24.0,10680000.0,0.0,0.0,11994,6
1698341703.778,74,6.0,15.0,32960.0,0.0,25.871138,24.0,1197120.0,0.0,0.0,0,6
1698341703.879,74,0.1,15.0,276000.0,0.0,25.066195,24.0,16019999.0,0.0,0.0,42428,6
1698341703.978,74,0.1,0.0,0.0,0.0,0.0,0.0,0.0,0.0,0.0,0,6
1698341704.079,74,6.0,14.740741,172525.23,0.0,25.523882,24.0,8655676.0,0.0,40.0,42172,6
1698341704.178,74,6.0,14.192307,81663.37,0.0,25.47578,24.0,3216475.25,0.0,40.0,0,6
1698341704.279,74,6.0,14.2881365,128080.8,0.0,26.060923,24.0,6583434.0,0.0,40.0,72515,6
1698341704.378,74,6.0,14.186047,127757.57,0.0,25.95552,24.0,5245818.0,0.0,40.0,0,6
1698341704.479,74,6.0,14.311477,126800.0,0.0,26.687723,24.0,6517600.0,0.0,40.0,72515,6
1698341704.578,74,6.0,14.125,121684.2,0.0,26.387695,24.0,5061473.5,0.0,40.0,0,6
1698341704.6790001,74,6.0,14.621622,82042.55,0.0,26.327034,24.0,4751148.5,0.0,40.0,102108,6
1698341704.778,74,6.0,14.453125,176160.0,0.0,26.28001,24.0,7351680.0,0.0,40.0,0,6
1698341704.879,74,6.0,14.794118,84747.25,0.0,26.594782,24.0,4907780.0,0.0,40.0,102108,6
1698341704.978,74,6.0,14.596154,171200.0,0.0,26.383902,24.0,7028799.5,0.0,40.0,0,6
1698341705.079,74,6.0,14.391304,33120.0,0.0,26.574154,24.0,2414560.0,0.0,40.0,120794,6
1698341705.178,74,6.0,14.202532,215172.4,0.0,26.005703,24.0,9186758.0,0.0,40.0,0,6
1698341705.28,74,6.0,14.631579,38964.707,0.0,26.426434,24.0,2966305.75,0.0,40.0,120794,6
1698341705.378,74,6.0,13.890244,219840.0,0.0,26.269455,24.0,9296400.0,0.0,40.0,0,6
1698341705.479,74,6.0,0.0,0.0,0.0,26.657215,24.0,437397.56,0.0,40.0,140365,6
1698341705.579,74,6.0,14.520548,235024.39,0.0,26.319822,24.0,10267902.0,0.0,40.0,11994,6
1698341705.6790001,74,6.0,15.0,33292.926,0.0,26.656122,24.0,1575919.1,0.0,40.0,140621,6
1698341705.779,74,6.0,14.3,236962.02,0.0,26.39269,24.0,10252253.0,0.0,40.0,11994,6
1698341705.878,74,6.0,0.0,0.0,0.0,0.0,0.0,0.0,0.0,0.0,0,6
1698341705.979,74,6.0,14.263158,170640.0,0.0,26.357086,24.0,8569120.0,0.0,40.0,42428,6
1698341706.078,74,6.0,15.0,29439.998,0.0,26.223383,24.0,940479.94,0.0,0.0,0,6
1698341706.1790001,74,6.0,14.081969,230378.375,0.0,26.223957,24.0,10280432.0,0.0,40.0,42428,6
1698341706.278,74,6.0,14.16,82480.0,0.0,26.142838,24.0,3248640.0,0.0,40.0,0,6
1698341706.379,74,6.0,14.363636,178591.55,0.0,26.279795,24.0,9119662.0,0.0,40.0,72515,6
1698341706.478,74,6.0,13.833333,86285.71,0.0,26.191666,24.0,3175542.75,0.0,0.0,0,6
1698341706.579,74,6.0,14.444445,126800.0,0.0,26.291973,24.0,6517600.0,0.0,40.0,72515,6
1698341706.678,74,6.0,13.25,68750.0,0.0,26.270859,24.0,2371125.0,0.0,0.0,0,6
1698341706.779,74,6.0,13.864865,124129.02,0.0,26.526335,24.0,7203354.5,0.0,40.0,102108,6
1698341706.878,74,6.0,14.138461,176000.0,0.0,26.182146,24.0,7351680.0,0.0,40.0,0,6
1698341706.98,74,6.0,14.461538,128533.33,0.0,26.48471,24.0,7621466.5,0.0,40.0,102364,6
1698341707.078,74,6.0,13.333333,132689.66,0.0,25.97247,24.0,5305655.0,0.0,40.0,0,6
1698341707.1790001,74,6.0,14.475001,77120.0,0.0,26.506788,24.0,4466080.0,0.0,40.0,101852,6
1698341707.278,74,15.0,12.833333,126285.71,0.0,18.90251,24.0,4426285.5,25.0,40.0,0,6
1698341707.378,74,0.1,0.0,0.0,0.0,0.0,0.0,0.0,0.0,0.0,0,6
1698341707.478,74,0.1,0.0,0.0,0.0,0.0,0.0,0.0,0.0,0.0,0,6
1698341707.578,74,0.1,0.0,0.0,0.0,0.0,0.0,0.0,0.0,0.0,0,6
1698341707.678,76,0.1,0.0,0.0,0.0,0.10592061,0.1,0.0,100.0,0.0,0,9
1698341707.678,77,0.1,5.5,6117.6465,0.0,29.83895,12.0,84705.875,0.0,40.0,0,9
1698341707.678,78,0.1,0.0,0.0,0.0,0.1,0.1,0.0,100.0,0.0,0,9
1698341707.778,77,6.0,3.0,6240.0,0.0,30.37713,24.0,85280.0,0.0,40.0,0,9
1698341707.878,77,6.0,0.0,0.0,0.0,0.0,0.0,0.0,0.0,0.0,0,9
1698341707.978,77,6.0,8.0,12465.116,0.0,28.02002,24.0,554418.56,0.0,40.0,0,9
1698341708.08,77,6.0,7.431818,106160.0,0.0,26.884064,24.0,4678160.0,0.0,40.0,4456,9
1698341708.18,77,6.0,7.5,242285.72,0.0,26.529976,24.0,10317943.0,0.0,40.0,28717,9
1698341708.279,77,0.1,7.108108,230628.58,0.0,26.634928,24.0,10012800.0,0.0,40.0,42172,9
1698341708.379,77,6.0,7.6699996,223840.0,0.0,26.66614,24.0,10257600.0,0.0,40.0,42172,9
1698341708.479,77,0.1,7.88,238222.22,0.0,26.796352,24.0,10367111.0,0.0,40.0,50668,9
1698341708.578,77,6.0,7.625,233280.0,0.0,27.000475,24.0,10342080.0,0.0,40.0,60358,9
1698341708.6790001,77,6.0,7.6629214,226613.86,0.0,27.399529,24.0,10261782.0,0.0,40.0,72259,9
1698341708.779,77,6.0,8.0,236444.44,0.0,27.305222,24.0,10445333.0,0.0,0.0,12506,9
1698341708.878,77,0.1,7.5263157,216941.17,0.0,26.831753,24.0,10431529.0,0.0,0.0,71747,9
1698341708.978,77,6.0,7.52,131405.94,0.0,26.839186,24.0,5564910.5,0.0,40.0,0,9
1698341709.079,77,0.1,6.9411764,247999.98,0.0,26.778322,24.0,10398400.0,0.0,0.0,71747,9
1698341709.178,77,0.1,0.0,0.0,0.0,0.0,0.0,0.0,0.0,0.0,0,9
1698341709.279,77,6.0,7.6153846,69040.0,0.0,26.672165,24.0,4252480.0,0.0,40.0,85636,9
1698341709.378,77,0.1,0.0,0.0,0.0,0.0,0.0,0.0,0.0,0.0,0,9
1698341709.479,77,0.1,8.0,194909.08,0.0,26.675583,24.0,10295999.0,0.0,0.0,101596,9
1698341709.578,77,6.0,7.40678,175200.0,0.0,26.760061,24.0,7565280.0,0.0,40.0,0,9
1698341709.678,77,0.1,6.875,225142.84,0.0,26.582224,24.0,10680000.0,0.0,0.0,101596,9
1698341709.778,77,0.1,0.0,84000.0,0.0,0.0,0.0,0.0,0.0,0.0,0,9
1698341709.879,77,6.0,7.0625,26480.0,0.0,26.997332,24.0,2200960.0,0.0,40.0,101596,9
1698341709.978,77,0.1,0.0,0.0,0.0,0.0,0.0,0.0,0.0,0.0,0,9
1698341710.079,77,0.1,0.0,0.0,0.0,26.50487,24.0,5339999.5,0.0,0.0,140109,9
1698341710.1790001,77,6.0,7.5434785,207440.0,0.0,26.953365,24.0,10257600.0,0.0,40.0,11482,9
1698341710.278,77,6.0,0.0,37252.523,0.0,27.736462,24.0,1468040.25,0.0,40.0,139853,9
1698341710.379,77,6.0,7.65625,209535.34,0.0,26.89255,24.0,10253333.0,0.0,40.0,11482,9
1698341710.478,77,6.0,6.5,37252.523,0.0,27.280052,24.0,1317090.9,0.0,0.0,0,9
1698341710.578,77,6.0,7.630137,161131.3,0.0,26.80955,24.0,8332040.0,0.0,40.0,41660,9
1698341710.678,77,6.0,7.0434785,77894.734,0.0,26.994549,24.0,3126820.75,0.0,40.0,0,9
1698341710.779,77,6.0,7.544304,171182.8,0.0,26.57075,24.0,8984430.0,0.0,40.0,41916,9
1698341710.878,77,6.0,7.34375,83643.56,0.0,26.48178,24.0,3427960.25,0.0,40.0,0,9
1698341710.979,77,6.0,7.410714,128527.46,0.0,26.756163,24.0,6927472.0,0.0,40.0,72003,9
1698341711.078,77,6.0,7.382353,116747.24,0.0,26.84555,24.0,5049230.5,0.0,40.0,0,9
1698341711.178,77,6.0,7.4736843,112727.266,0.0,26.56313,24.0,6259797.5,0.0,40.0,71747,9
1698341711.278,77,6.0,7.586207,114636.35,0.0,26.67746,24.0,4783908.5,0.0,40.0,0,9
1698341711.379,77,6.0,7.742857,81223.53,0.0,26.386896,24.0,5002917.5,0.0,40.0,101340,9
1698341711.478,77,6.0,7.357143,172910.89,0.0,26.357014,24.0,7490376.0,0.0,40.0,0,9
1698341711.579,77,6.0,7.2702703,82795.18,0.0,26.352468,24.0,5123469.5,0.0,40.0,101596,9
1698341711.678,77,6.0,7.5471697,163851.84,0.0,26.152729,24.0,7070815.0,0.0,40.0,0,9
1698341711.779,77,6.0,7.2941175,26217.82,0.0,26.363413,24.0,2179168.25,0.0,40.0,120282,9
1698341711.878,77,6.0,7.4545455,215088.6,0.0,26.310703,24.0,9441113.0,0.0,40.0,0,9
1698341711.978,77,6.0,7.25,27428.568,0.0,26.655048,24.0,2719688.0,0.0,40.0,120026,9
1698341712.078,77,6.0,7.590909,220990.1,0.0,26.420206,24.0,9627326.0,0.0,40.0,0,9
1698341712.1790001,77,6.0,0.0,0.0,0.0,28.793238,24.0,210478.86,0.0,40.0,140109,9
1698341712.278,77,6.0,7.53125,219771.42,0.0,26.893276,24.0,10257600.0,0.0,40.0,11226,9
1698341712.379,77,6.0,6.714286,41821.78,0.0,27.424564,24.0,1650455.4,0.0,40.0,140109,9
1698341712.479,77,6.0,7.5454545,227176.45,0.0,26.831217,24.0,10150235.0,0.0,40.0,11482,9
1698341712.578,77,6.0,0.0,0.0,0.0,0.0,0.0,0.0,0.0,0.0,0,9
1698341712.6790001,77,6.0,7.5588236,159200.0,0.0,26.990623,24.0,8355520.0,0.0,40.0,41916,9
1698341712.778,77,6.0,0.0,0.0,0.0,0.0,0.0,0.0,0.0,0.0,0,9
1698341712.879,77,6.0,7.8301888,223999.98,0.0,27.112915,24.0,10496841.0,0.0,40.0,41916,9
1698341712.978,77,6.0,7.142857,83960.39,0.0,27.344015,24.0,3427960.25,0.0,40.0,0,9
1698341713.079,77,6.0,7.388889,212654.53,0.0,27.155895,24.0,10295999.0,0.0,40.0,71747,9
1698341713.178,77,6.0,6.2,49037.035,0.0,27.571634,24.0,1504000.0,0.0,0.0,0,9
1698341713.279,77,6.0,7.4905663,116960.0,0.0,27.120775,24.0,6304000.0,0.0,40.0,72003,9
1698341713.378,77,6.0,0.0,29490.195,0.0,27.001833,24.0,964235.25,0.0,0.0,0,9
1698341713.479,77,6.0,7.7272725,140897.95,0.0,26.988132,24.0,8678530.0,0.0,40.0,101596,9
1698341713.578,77,6.0,7.470588,173544.55,0.0,26.747461,24.0,7490376.0,0.0,40.0,0,9
1698341713.678,77,6.0,7.5135136,164380.94,0.0,26.830692,24.0,9769142.0,0.0,0.0,101340,9
1698341713.778,77,6.0,7.0,100571.42,0.0,26.909698,24.0,3867428.25,0.0,0.0,0,9
1698341713.879,77,6.0,7.3333335,26480.0,0.0,27.01012,24.0,2200960.0,0.0,40.0,120282,9
1698341713.978,77,6.0,7.478261,201846.16,0.0,26.861578,24.0,8603692.0,0.0,40.0,0,9
1698341714.079,77,6.0,7.3333335,69684.2,0.0,26.602093,24.0,5791999.5,0.0,40.0,120282,9
1698341714.178,77,6.0,7.5185184,217200.0,0.0,26.710524,24.0,9616800.0,0.0,40.0,0,9
1698341714.279,77,0.1,0.0,0.0,0.0,28.471472,24.0,426971.44,0.0,40.0,140109,9
1698341714.379,77,6.0,7.625,235529.4,0.0,26.573215,24.0,10307294.0,0.0,40.0,11482,9
1698341714.479,77,6.0,7.4,36880.0,0.0,27.501373,24.0,1560160.0,0.0,40.0,140109,9
1698341714.579,77,6.0,7.5384617,223741.92,0.0,26.695568,24.0,10271225.0,0.0,40.0,11482,9
1698341714.678,77,0.1,0.0,0.0,0.0,0.0,0.0,0.0,0.0,0.0,0,9
1698341714.779,77,6.0,7.589041,159840.0,0.0,26.97741,24.0,8248720.0,0.0,40.0,41660,9
1698341714.878,77,0.1,0.0,0.0,0.0,0.0,0.0,0.0,0.0,0.0,0,9
1698341714.979,77,6.0,8.0,231652.16,0.0,26.274593,24.0,10312695.0,0.0,0.0,41916,9
1698341715.078,77,6.0,7.25,85656.56,0.0,26.882084,24.0,3497212.0,0.0,40.0,0,9
1698341715.1790001,77,6.0,7.0,223999.98,0.0,26.502731,24.0,10235368.0,0.0,0.0,72003,9
1698341715.278,77,0.1,0.0,0.0,0.0,0.0,0.0,0.0,0.0,0.0,0,9
1698341715.378,77,6.0,7.464286,112727.266,0.0,26.767899,24.0,6259797.5,0.0,40.0,71747,9
1698341715.478,77,0.1,0.0,0.0,0.0,0.0,0.0,0.0,0.0,0.0,0,9
1698341715.579,77,0.1,7.142857,244923.08,0.0,26.670034,24.0,11176615.0,0.0,0.0,101340,9
1698341715.678,77,6.0,7.5384617,173227.72,0.0,26.816395,24.0,7490376.0,0.0,40.0,0,9
1698341715.779,77,0.1,8.0,194909.08,0.0,26.852503,24.0,10295999.0,0.0,0.0,101596,9
1698341715.878,77,0.1,0.0,0.0,0.0,0.0,0.0,0.0,0.0,0.0,0,9
1698341715.979,77,6.0,7.5833335,69040.0,0.0,26.993433,24.0,4252480.0,0.0,40.0,101340,9
1698341716.078,77,0.1,0.0,0.0,0.0,0.0,0.0,0.0,0.0,0.0,0,9
1698341716.178,77,0.1,0.0,225142.84,0.0,26.194305,24.0,9154285.0,0.0,0.0,120026,9
1698341716.278,77,6.0,7.6551723,217840.0,0.0,26.74268,24.0,9616800.0,0.0,40.0,0,9
1698341716.379,77,0.1,0.0,0.0,0.0,0.0,0.0,3560000.0,0.0,0.0,140109,9
1698341716.479,77,0.1,7.5,178666.67,0.0,26.664328,24.0,10680000.0,0.0,0.0,11482,9
1698341716.579,77,6.0,0.0,38060.6,0.0,27.425838,24.0,1468040.25,0.0,40.0,140109,9
1698341716.6790001,77,6.0,13.154762,212400.0,0.0,26.67151,24.0,10257600.0,0.0,40.0,11226,9
1698341716.778,77,6.0,0.0,28215.053,0.0,27.574804,24.0,919139.75,0.0,40.0,139853,9
1698341716.879,77,6.0,12.5348835,227354.83,0.0,26.707336,24.0,10271226.0,0.0,40.0,11482,9
1698341716.978,77,6.0,11.666667,37680.0,0.0,27.27417,24.0,1410720.0,0.0,0.0,0,9
1698341717.078,77,6.0,13.126985,181511.11,0.0,26.923891,24.0,9165244.0,0.0,40.0,41660,9
1698341717.178,77,6.0,12.428572,71032.96,0.0,27.173761,24.0,2794813.0,0.0,40.0,0,9
1698341717.279,77,6.0,13.683543,163360.0,0.0,27.1161,24.0,8355520.0,0.0,40.0,41916,9
1698341717.378,77,6.0,12.142858,61609.19,0.0,27.064695,24.0,2480827.5,0.0,0.0,0,9
1698341717.48,77,6.0,13.083334,139162.78,0.0,26.799921,24.0,7330232.5,0.0,40.0,72003,9
1698341717.578,77,6.0,12.122449,129440.0,0.0,26.927475,24.0,5513760.0,0.0,40.0,0,9
1698341717.681,77,6.0,11.960784,146164.7,0.0,26.73729,24.0,7618070.5,0.0,40.0,71987,9
1698341717.778,77,6.0,12.387096,111132.52,0.0,26.730238,24.0,4557397.5,0.0,40.0,0,9
1698341717.879,77,6.0,13.785714,71353.53,0.0,27.236591,24.0,4295434.0,0.0,40.0,101596,9
1698341717.978,77,6.0,12.976745,165063.28,0.0,27.292744,24.0,6844253.0,0.0,40.0,0,9
1698341718.079,77,6.0,13.625,90564.1,0.0,27.21691,24.0,5451897.5,0.0,40.0,101596,9
1698341718.178,77,6.0,12.80303,179440.0,0.0,27.08512,24.0,7565280.0,0.0,40.0,0,9
1698341718.279,77,6.0,11.473684,37971.83,0.0,27.364143,24.0,3099943.5,0.0,40.0,120282,9
1698341718.378,77,6.0,12.814815,221633.8,0.0,27.236328,24.0,9361014.0,0.0,40.0,0,9
1698341718.479,77,6.0,11.235294,26960.0,0.0,27.419142,24.0,2200960.0,0.0,40.0,120282,9
1698341718.578,77,6.0,13.109091,218388.05,0.0,27.1864,24.0,9345313.0,0.0,40.0,0,9
1698341718.6790001,77,6.0,0.0,0.0,0.0,30.04894,24.0,226424.25,0.0,40.0,140109,9
1698341718.78,77,6.0,12.946809,210297.02,0.0,27.172337,24.0,10261782.0,0.0,40.0,11482,9
1698341718.88,77,6.0,0.0,0.0,0.0,27.915274,24.0,400374.97,0.0,40.0,140109,9
1698341718.979,77,6.0,12.724138,237548.375,0.0,27.07531,24.0,10271225.0,0.0,40.0,11482,9
1698341719.078,77,6.0,11.666667,37680.0,0.0,27.341808,24.0,1410720.0,0.0,0.0,0,9
1698341719.1790001,77,6.0,14.078431,227333.33,0.0,26.983433,24.0,10079600.0,0.0,40.0,41916,9
1698341719.278,77,6.0,0.0,0.0,0.0,0.0,0.0,0.0,0.0,0.0,0,9
1698341719.379,77,6.0,13.246575,163360.0,0.0,27.098583,24.0,8355520.0,0.0,40.0,41916,9
1698341719.478,77,6.0,0.0,0.0,0.0,0.0,0.0,0.0,0.0,0.0,0,9
1698341719.58,77,6.0,12.183674,221629.625,0.0,27.199299,24.0,10288889.0,0.0,40.0,72003,9
1698341719.678,77,6.0,12.895833,130400.0,0.0,27.286867,24.0,5513760.0,0.0,40.0,0,9
1698341719.779,77,6.0,12.7,233725.48,0.0,27.260113,24.0,10265882.0,0.0,40.0,72003,9
1698341719.878,77,6.0,0.0,32160.0,0.0,27.633472,24.0,769920.0,0.0,0.0,0,9
1698341719.981,77,6.0,13.625,74666.664,0.0,27.537682,24.0,4337098.0,0.0,40.0,101324,9
1698341720.078,77,6.0,11.4,114608.69,0.0,27.837584,24.0,4459825.5,0.0,0.0,0,9
1698341720.1790001,77,6.0,13.416667,156977.77,0.0,27.346535,24.0,9355200.0,0.0,0.0,101596,9
1698341720.278,77,6.0,12.090909,178480.0,0.0,27.44261,24.0,7565280.0,0.0,40.0,0,9
1698341720.379,77,6.0,11.142858,62697.67,0.0,27.28248,24.0,5118511.5,0.0,40.0,120282,9
1698341720.478,77,6.0,12.533334,219619.03,0.0,27.09198,24.0,8751999.0,0.0,40.0,0,9
1698341720.579,77,6.0,13.125,21600.0,0.0,27.407808,24.0,2200960.0,0.0,40.0,120282,9
1698341720.678,77,6.0,12.538462,209435.89,0.0,26.694277,24.0,8603692.0,0.0,40.0,0,9
1698341720.7810001,77,6.0,0.0,0.0,0.0,27.524559,24.0,801999.94,0.0,40.0,139837,9
1698341720.879,77,6.0,12.623529,215755.1,0.0,26.582315,24.0,10292081.0,0.0,40.0,11226,9
1698341720.979,77,6.0,0.0,0.0,0.0,29.242533,24.0,426971.44,0.0,40.0,140109,9
1698341721.079,77,0.1,13.257143,241647.05,0.0,26.564404,24.0,10307294.0,0.0,40.0,11482,9
1698341721.178,77,6.0,12.777778,37680.0,0.0,27.04184,24.0,1410720.0,0.0,0.0,0,9
1698341721.28,77,0.1,13.794119,227870.95,0.0,26.237768,24.0,10271225.0,0.0,0.0,41660,9
1698341721.378,77,6.0,0.0,0.0,0.0,0.0,0.0,0.0,0.0,0.0,0,9
1698341721.479,77,6.0,13.465754,165010.1,0.0,26.455421,24.0,8439919.0,0.0,40.0,41916,9
1698341721.578,77,6.0,0.0,0.0,0.0,0.0,0.0,0.0,0.0,0.0,0,9
1698341721.6790001,77,0.1,11.217391,248615.375,0.0,26.1585,24.0,10355077.0,0.0,40.0,72003,9
1698341721.778,77,6.0,13.66,130400.0,0.0,26.444143,24.0,5513760.0,0.0,40.0,0,9
1698341721.881,77,0.1,12.15,240320.0,0.0,27.220695,24.0,10173120.0,0.0,40.0,71987,9
1698341721.978,77,6.0,0.0,0.0,0.0,0.0,0.0,0.0,0.0,0.0,0,9
1698341722.079,77,6.0,13.416667,70640.0,0.0,27.596624,24.0,4252480.0,0.0,40.0,101596,9
1698341722.178,77,6.0,0.0,0.0,0.0,0.0,0.0,0.0,0.0,0.0,0,9
1698341722.28,77,0.1,15.0,224470.58,0.0,27.558365,24.0,11059764.0,0.0,0.0,101596,9
1698341722.378,77,6.0,12.537313,177663.36,0.0,27.36028,24.0,7490376.0,0.0,40.0,0,9
1698341722.48,77,0.1,12.416667,224666.67,0.0,27.513708,24.0,10328000.0,0.0,0.0,120282,9
1698341722.578,77,0.1,0.0,160799.98,0.0,27.34421,24.0,3849599.75,0.0,0.0,0,9
1698341722.6790001,77,6.0,11.6,26960.0,0.0,27.26125,24.0,2200960.0,0.0,40.0,120282,9
1698341722.778,77,0.1,0.0,161333.33,0.0,0.0,0.0,0.0,0.0,0.0,0,9
1698341722.879,77,0.1,0.0,0.0,0.0,26.164997,24.0,3560000.0,0.0,0.0,140109,9
1698341722.979,77,6.0,12.867347,214545.44,0.0,26.810274,24.0,10253333.0,0.0,40.0,11482,9
1698341723.079,77,0.1,0.0,0.0,0.0,0.0,0.0,3560000.0,0.0,0.0,140109,9
1698341723.1790001,77,0.1,0.0,268000.0,0.0,27.252863,24.0,10679999.0,0.0,0.0,11482,9
1698341723.279,77,6.0,13.0,37680.0,0.0,27.450125,24.0,1560160.0,0.0,40.0,140109,9
1698341723.379,77,6.0,13.252748,211840.0,0.0,26.632082,24.0,10257600.0,0.0,40.0,11482,9
1698341723.478,77,6.0,0.0,28547.367,0.0,27.04325,24.0,854905.2,0.0,0.0,0,9
1698341723.579,77,6.0,12.7887335,177043.47,0.0,26.376238,24.0,9082086.0,0.0,40.0,41916,9
1698341723.678,77,6.0,11.625,84752.47,0.0,26.57046,24.0,3427960.25,0.0,40.0,0,9
1698341723.779,77,6.0,13.189189,178461.53,0.0,26.583525,24.0,9181890.0,0.0,40.0,41916,9
1698341723.878,77,6.0,11.760001,71822.22,0.0,26.776922,24.0,2707200.0,0.0,40.0,0,9
1698341723.979,77,6.0,12.821428,119680.0,0.0,26.494612,24.0,6304000.0,0.0,40.0,72003,9
1698341724.078,77,6.0,13.0,113674.414,0.0,26.489532,24.0,4770976.5,0.0,40.0,0,9
1698341724.18,77,6.0,13.0,140800.0,0.0,26.452318,24.0,7542117.5,0.0,40.0,72003,9
1698341724.278,77,6.0,13.021739,130400.0,0.0,25.554636,24.0,5406960.0,0.0,40.0,0,9
1698341724.379,77,6.0,12.973684,84530.12,0.0,24.296486,24.0,5123469.5,0.0,40.0,101340,9
1698341724.478,77,6.0,13.632653,165560.97,0.0,26.464577,24.0,6984585.0,0.0,40.0,0,9
1698341724.579,77,6.0,13.189189,70640.0,0.0,26.616741,24.0,4252480.0,0.0,40.0,101596,9
1698341724.678,77,6.0,13.019608,165063.28,0.0,26.49812,24.0,6844253.0,0.0,40.0,0,9
1698341724.779,77,6.0,11.866667,34564.1,0.0,26.624506,24.0,2821743.5,0.0,40.0,120282,9
1698341724.878,77,6.0,13.232558,223120.0,0.0,26.550488,24.0,9616800.0,0.0,40.0,0,9
1698341724.979,77,6.0,10.888889,35946.664,0.0,26.765352,24.0,2934613.25,0.0,40.0,120026,9
1698341725.078,77,6.0,12.535714,224533.33,0.0,26.530119,24.0,9431360.0,0.0,40.0,0,9
1698341725.1790001,77,6.0,0.0,0.0,0.0,29.087017,24.0,149440.0,0.0,40.0,140109,9
1698341725.279,77,6.0,13.083333,231515.16,0.0,26.29482,24.0,10296000.0,0.0,40.0,11482,9
1698341725.38,77,6.0,0.0,0.0,0.0,27.083288,24.0,388242.44,0.0,40.0,140365,9
1698341725.479,77,6.0,12.945654,214545.44,0.0,26.331095,24.0,10253333.0,0.0,40.0,11482,9
1698341725.578,77,6.0,0.0,0.0,0.0,0.0,0.0,0.0,0.0,0.0,0,9
1698341725.6790001,77,6.0,14.428572,227034.47,0.0,26.259777,24.0,10315862.0,0.0,40.0,41916,9
1698341725.778,77,6.0,12.666667,87840.0,0.0,26.500298,24.0,3462240.0,0.0,40.0,0,9
1698341725.88,77,6.0,14.125,237490.19,0.0,26.30093,24.0,10265882.0,0.0,40.0,41916,9
1698341725.978,77,6.0,0.0,0.0,0.0,0.0,0.0,0.0,0.0,0.0,0,9
1698341726.079,77,6.0,13.833335,120960.0,0.0,24.262575,24.0,6304000.0,0.0,40.0,72003,9
1698341726.178,77,6.0,0.0,21957.445,0.0,0.0,0.0,227234.03,0.0,0.0,0,9
1698341726.279,77,6.0,13.666667,233872.33,0.0,26.348375,24.0,10093276.0,0.0,40.0,72003,9
1698341726.378,77,6.0,13.510638,131520.0,0.0,26.344856,24.0,5513760.0,0.0,40.0,0,9
1698341726.479,77,6.0,13.793104,166139.53,0.0,26.475727,24.0,9790325.0,0.0,0.0,101596,9
1698341726.578,77,6.0,13.923077,101953.484,0.0,26.61878,24.0,4025860.25,0.0,0.0,0,9
1698341726.6790001,77,6.0,14.34375,71440.0,0.0,26.454279,24.0,4252480.0,0.0,40.0,101340,9
1698341726.778,77,6.0,12.9,98256.41,0.0,26.797878,24.0,3343384.5,0.0,0.0,0,9
1698341726.879,77,6.0,13.6,72210.52,0.0,26.61292,24.0,5791999.5,0.0,40.0,120282,9
1698341726.978,77,5.6666665,13.794871,224720.0,0.0,26.323662,24.0,9616800.0,0.0,40.0,0,9
1698341727.079,77,0.1,13.25,78400.0,0.0,26.65603,24.0,6288457.0,0.0,40.0,120282,9
1698341727.178,77,6.0,13.0,209647.05,0.0,26.538162,24.0,8422588.0,0.0,40.0,0,9
1698341727.28,77,6.0,0.0,0.0,0.0,27.149343,24.0,253702.97,0.0,40.0,140365,9
1698341727.379,77,6.0,13.653846,230967.73,0.0,26.296112,24.0,10271225.0,0.0,40.0,11482,9
1698341727.479,77,0.1,0.0,0.0,0.0,28.255777,24.0,498133.3,0.0,40.0,140109,9
1698341727.579,77,6.0,14.034483,212356.42,0.0,26.273388,24.0,10261782.0,0.0,40.0,11482,9
1698341727.678,77,0.1,0.0,0.0,0.0,0.0,0.0,0.0,0.0,0.0,0,9
1698341727.779,77,6.0,15.0,225090.89,0.0,25.898592,24.0,10295999.0,0.0,0.0,41660,9
1698341727.878,77,6.0,13.30303,87840.0,0.0,26.402147,24.0,3462240.0,0.0,40.0,0,9
1698341727.979,77,6.0,15.0,231578.94,0.0,25.925676,24.0,10235368.0,0.0,0.0,41916,9
1698341728.078,77,0.1,0.0,0.0,0.0,0.0,0.0,0.0,0.0,0.0,0,9
1698341728.1790001,77,6.0,13.77193,120960.0,0.0,26.36244,24.0,6304000.0,0.0,40.0,72003,9
1698341728.278,77,0.1,0.0,0.0,0.0,0.0,0.0,0.0,0.0,0.0,0,9
1698341728.379,77,0.1,12.0,235428.56,0.0,26.482626,24.0,10378285.0,0.0,0.0,71747,9
1698341728.478,77,6.0,14.106383,131840.0,0.0,26.457594,24.0,5513760.0,0.0,40.0,0,9
1698341728.579,77,0.1,15.0,200727.25,0.0,24.645567,24.0,10295999.0,0.0,0.0,101340,9
1698341728.678,77,0.1,0.0,0.0,0.0,0.0,0.0,0.0,0.0,0.0,0,9
1698341728.779,77,6.0,14.027778,71440.0,0.0,26.558422,24.0,4252480.0,0.0,40.0,101596,9
1698341728.878,77,0.1,0.0,0.0,0.0,0.0,0.0,0.0,0.0,0.0,0,9
1698341728.979,77,0.1,12.666667,220799.98,0.0,26.048399,24.0,10679999.0,0.0,0.0,120282,9
1698341729.078,77,6.0,14.034483,225360.0,0.0,26.627287,24.0,9616800.0,0.0,40.0,0,9
1698341729.1790001,77,6.0,13.833333,27440.0,0.0,26.494963,24.0,2200960.0,0.0,40.0,120282,9
1698341729.278,77,6.0,14.114943,227636.34,0.0,26.555801,24.0,9606060.0,0.0,40.0,0,9
1698341729.379,77,6.0,0.0,0.0,0.0,28.429815,24.0,152489.78,0.0,40.0,140109,9
1698341729.479,77,6.0,13.845361,214480.0,0.0,26.168577,24.0,10257600.0,0.0,40.0,11482,9
1698341729.579,77,6.0,11.0,28294.734,0.0,27.268478,24.0,1124631.5,0.0,40.0,140109,9
1698341729.6790001,77,6.0,13.366668,225431.56,0.0,26.681137,24.0,10279831.0,0.0,40.0,11482,9
1698341729.778,77,6.0,13.6,38320.0,0.0,27.15661,24.0,1410720.0,0.0,0.0,0,9
1698341729.879,77,6.0,14.279411,191813.95,0.0,25.878294,24.0,9666139.0,0.0,40.0,41916,9
1698341729.978,77,6.0,12.666667,63627.906,0.0,26.756018,24.0,2385488.25,0.0,0.0,0,9
1698341730.078,77,6.0,14.282051,164960.0,0.0,26.913702,24.0,8355520.0,0.0,40.0,41660,9
1698341730.178,77,6.0,12.5,52190.473,0.0,27.131592,24.0,2060857.0,0.0,0.0,0,9
1698341730.2810001,77,6.0,13.957447,150571.42,0.0,24.599848,24.0,7708761.5,0.0,40.0,71731,9
1698341730.378,77,6.0,13.6595745,128571.42,0.0,25.629503,24.0,5451428.5,0.0,40.0,0,9
1698341730.479,77,6.0,13.622951,160853.33,0.0,26.692846,24.0,8405333.0,0.0,40.0,72003,9
1698341730.578,77,6.0,12.666667,96324.32,0.0,26.897097,24.0,3869837.75,0.0,40.0,0,9
1698341730.6790001,77,6.0,13.833333,71440.0,0.0,26.854086,24.0,4252480.0,0.0,40.0,101596,9
1698341730.778,77,6.0,13.564102,157028.58,0.0,24.011183,24.0,6411428.5,0.0,40.0,0,9
1698341730.879,77,6.0,14.078949,105058.82,0.0,27.222733,24.0,6253646.5,0.0,40.0,101596,9
1698341730.978,77,6.0,13.888889,179564.34,0.0,27.033014,24.0,7490376.0,0.0,40.0,0,9
1698341731.079,77,6.0,14.0,106626.86,0.0,26.96314,24.0,6346985.0,0.0,40.0,101596,9
1698341731.178,77,6.0,13.6,149818.19,0.0,26.858376,24.0,6216727.5,0.0,40.0,0,9
1698341731.279,77,6.0,12.9,27440.0,0.0,24.449804,24.0,2200960.0,0.0,40.0,120282,9
1698341731.378,77,6.0,13.782609,223249.98,0.0,24.75223,24.0,9115875.0,0.0,40.0,0,9
1698341731.478,77,6.0,13.133333,44258.0625,0.0,25.261099,24.0,3549935.25,0.0,40.0,120282,9
1698341731.578,77,6.0,14.137933,224800.0,0.0,26.659637,24.0,9616800.0,0.0,40.0,0,9
1698341731.6790001,77,6.0,0.0,0.0,0.0,29.47345,24.0,253288.125,0.0,40.0,140109,9
1698341731.779,77,6.0,13.811322,237103.44,0.0,26.922562,24.0,10315862.0,0.0,40.0,11226,9
1698341731.881,77,6.0,14.125,37568.625,0.0,27.252172,24.0,1697568.5,0.0,40.0,139837,9
1698341731.979,77,6.0,13.653848,239999.98,0.0,26.946537,24.0,10295999.0,0.0,40.0,11482,9
1698341732.078,77,6.0,0.0,0.0,0.0,0.0,0.0,0.0,0.0,0.0,0,9
1698341732.1790001,77,6.0,14.125,164960.0,0.0,26.80287,24.0,8355520.0,0.0,40.0,41916,9
1698341732.278,77,6.0,0.0,0.0,0.0,0.0,0.0,0.0,0.0,0.0,0,9
1698341732.379,77,6.0,13.395833,230880.0,0.0,26.800486,24.0,10257600.0,0.0,40.0,41916,9
1698341732.478,77,6.0,13.46875,87680.0,0.0,27.100561,24.0,3462240.0,0.0,40.0,0,9
1698341732.579,77,6.0,13.833335,233872.33,0.0,26.839815,24.0,10320510.0,0.0,40.0,72003,9
1698341732.678,77,6.0,0.0,11652.173,0.0,0.0,0.0,0.0,0.0,0.0,0,9
1698341732.779,77,6.0,13.875,120960.0,0.0,26.604206,24.0,6304000.0,0.0,40.0,72003,9
1698341732.878,77,6.0,0.0,0.0,0.0,0.0,0.0,0.0,0.0,0.0,0,9
1698341732.979,77,6.0,14.2,170095.22,0.0,26.92101,24.0,10023428.0,0.0,0.0,101596,9
1698341733.078,77,6.0,13.432837,181040.0,0.0,26.806644,24.0,7565280.0,0.0,40.0,0,9
1698341733.178,77,6.0,13.675675,187578.94,0.0,26.291628,24.0,10516420.0,0.0,0.0,101340,9
1698341733.278,77,6.0,13.285714,99368.414,0.0,27.413519,24.0,3387368.25,0.0,0.0,0,9
1698341733.378,77,6.0,14.5,15520.0,0.0,33.576115,24.0,58240.0,0.0,40.0,0,9
1698341733.478,77,0.1,0.0,0.0,0.0,0.0,0.0,151542.86,0.0,0.0,0,9
1698341733.578,77,6.0,0.0,0.0,0.0,0.0,0.0,0.0,0.0,0.0,0,9
1698341733.678,77,6.0,0.0,0.0,0.0,0.0,0.0,0.0,0.0,0.0,0,9
1698341733.778,77,6.0,0.0,0.0,0.0,0.0,0.0,0.0,0.0,0.0,0,9
1698341733.878,77,0.1,0.0,0.0,0.0,0.0,0.0,0.0,0.0,0.0,0,9
1698341733.978,77,6.0,0.0,0.0,0.0,0.0,0.0,0.0,0.0,0.0,0,9
1698341734.078,77,0.1,0.0,0.0,0.0,0.0,0.0,0.0,0.0,0.0,0,9
1698341734.178,77,6.0,0.0,0.0,0.0,0.0,0.0,0.0,0.0,0.0,0,9
1698341734.278,77,6.0,0.0,0.0,0.0,0.0,0.0,0.0,0.0,0.0,0,9
1698341734.378,77,6.0,0.0,0.0,0.0,0.0,0.0,0.0,0.0,0.0,0,9
1698341734.478,77,0.1,0.0,0.0,0.0,0.0,0.0,0.0,0.0,0.0,0,9
1698341734.578,77,6.0,0.0,0.0,0.0,0.0,0.0,0.0,0.0,0.0,0,9
1698341734.678,77,0.1,0.0,0.0,0.0,0.0,0.0,0.0,0.0,0.0,0,9
1698341734.778,77,6.0,0.0,0.0,0.0,0.0,0.0,0.0,0.0,0.0,0,9
